discovery_id,discovered_at,source_domain,url,matched_keywords,status,notes
DSC-000001,2026-08-30T09:26:09Z,heycaviar.com,https://heycaviar.com/product-category/caviar,caviar,new,
DSC-000002,2026-08-30T09:26:09Z,imperiacaviar.com,https://imperiacaviar.com/products/ossetra,ossetra,new,
DSC-000003,2026-08-30T09:26:09Z,imperiacaviar.com,https://imperiacaviar.com/products/tcc-kaluga-hybrid,kaluga,new,
DSC-000004,2026-08-30T09:26:09Z,imperiacaviar.com,https://imperiacaviar.com/products/tcc-royal-ossetra,ossetra,new,
DSC-000005,2026-08-30T09:26:09Z,imperiacaviar.com,https://imperiacaviar.com/products/kaluga-hybrid-reserve-gift-sets,kaluga,new,
DSC-000006,2026-08-30T09:26:09Z,imperiacaviar.com,https://imperiacaviar.com/products/royal-ossetra-gift-sets,ossetra,new,
DSC-000007,2026-08-30T09:26:09Z,imperiacaviar.com,https://imperiacaviar.com/products/retail-kaluga-hybrid-reserve,kaluga,new,
DSC-000008,2026-08-30T09:26:09Z,imperiacaviar.com,https://imperiacaviar.com/products/retail-royal-ossetra,ossetra,new,
DSC-000009,2026-08-30T09:26:09Z,imperiacaviar.com,https://imperiacaviar.com/products/limited-edition-amur-caviar,caviar amur,new,
DSC-000010,2026-08-30T09:26:09Z,imperiacaviar.com,https://imperiacaviar.com/products/limited-edition-ossetra-caviar,caviar ossetra,new,
DSC-000011,2026-08-30T09:26:09Z,imperiacaviar.com,https://imperiacaviar.com/products/sevruga-reserve-caviar,caviar sevruga,new,
DSC-000012,2026-08-30T09:26:09Z,imperiacaviar.com,https://imperiacaviar.com/products/the-caviar-club-caviar,caviar,new,
DSC-000013,2026-08-30T09:26:09Z,imperiacaviar.com,https://imperiacaviar.com/products/blini-and-caviar-bundle,caviar,new,
DSC-000014,2026-08-30T09:26:09Z,imperiacaviar.com,https://imperiacaviar.com/products/starter-caviar-set,caviar,new,
DSC-000015,2026-08-30T09:26:09Z,imperiacaviar.com,https://imperiacaviar.com/products/royal-ossetra-x-sevruga-bundle,ossetra sevruga,new,
DSC-000016,2026-08-30T09:26:09Z,imperiacaviar.com,https://imperiacaviar.com/products/copy-of-blini-and-caviar-bundle,caviar,new,
DSC-000017,2026-08-30T09:26:09Z,imperiacaviar.com,https://imperiacaviar.com/products/copy-of-royal-ossetra-kaluga-hybrid-reserve-bundle,ossetra kaluga,new,
DSC-000018,2026-08-30T09:26:09Z,imperiacaviar.com,https://imperiacaviar.com/products/copy-of-blini-creme-fraiche-and-caviar-bundle,caviar,new,
DSC-000019,2026-08-30T09:26:09Z,imperiacaviar.com,https://imperiacaviar.com/products/trio-bundle-limited-edition-amur-royal-ossetra-sevruga-reserve,ossetra sevruga amur,new,
DSC-000020,2026-08-30T09:26:09Z,imperiacaviar.com,https://imperiacaviar.com/products/trio-bundle-limited-edition-amur-royal-ossetra-kaluga-hybrid-reserve,ossetra kaluga amur,new,
DSC-000021,2026-08-30T09:26:09Z,imperiacaviar.com,https://imperiacaviar.com/products/trio-bundle-royal-ossetra-kaluga-hybrid-reserve-sevruga-reserve,ossetra kaluga sevruga,new,
DSC-000022,2026-08-30T09:26:09Z,imperiacaviar.com,https://imperiacaviar.com/products/caviar-bar-experience,caviar,new,
DSC-000023,2026-08-30T09:26:09Z,imperiacaviar.com,https://imperiacaviar.com/products/caviar-truffle-bundle,caviar,new,
DSC-000024,2026-08-30T09:26:09Z,imperiacaviar.com,https://imperiacaviar.com/products/caviar-truffle-gift-set,caviar,new,
DSC-000025,2026-08-30T09:26:09Z,imperiacaviar.com,https://imperiacaviar.com/products/limited-edition-amur-royal-ossetra-bundle,ossetra amur,new,
DSC-000026,2026-08-30T09:26:09Z,imperiacaviar.com,https://imperiacaviar.com/products/smoked-trout-roe,roe,new,
DSC-000027,2026-08-30T09:26:09Z,imperiacaviar.com,https://imperiacaviar.com/products/smoked-trout-roe-royal-ossetra-caviar,caviar ossetra roe,new,
DSC-000028,2026-08-30T09:26:09Z,imperiacaviar.com,https://imperiacaviar.com/products/smoked-trout-roe-royal-ossetra-caviar-copy,caviar ossetra roe,new,
DSC-000029,2026-08-30T09:26:09Z,imperiacaviar.com,https://imperiacaviar.com/products/caviar-a-global-history,caviar,new,
DSC-000030,2026-08-30T09:26:09Z,imperiacaviar.com,https://imperiacaviar.com/products/kaluga-hybrid-reserve-royal-ossetra-20-more,ossetra kaluga,new,
DSC-000031,2026-08-30T09:26:09Z,imperiacaviar.com,https://imperiacaviar.com/products/imperia-wild-alaska-salmon-roe,roe,new,
DSC-000032,2026-08-30T09:26:09Z,imperiacaviar.com,https://imperiacaviar.com/products/ossetra-reserve-royal-ossetra-bundle,ossetra,new,
DSC-000033,2026-08-30T09:26:09Z,imperiacaviar.com,https://imperiacaviar.com/products/salmon-roe-royal-ossetra-caviar,caviar ossetra roe,new,
DSC-000034,2026-08-30T09:26:09Z,imperiacaviar.com,https://imperiacaviar.com/products/smoked-trout-roe-salmon-roe-royal-ossetra-caviar,caviar ossetra roe,new,
DSC-000035,2026-08-30T09:26:09Z,imperiacaviar.com,https://imperiacaviar.com/products/smoked-trout-roe-salmon-roe,roe,new,
DSC-000036,2026-08-30T09:26:09Z,imperiacaviar.com,https://imperiacaviar.com/products/the-royal-all-caviar-roe-selection,caviar roe,new,
DSC-000037,2026-08-30T09:26:09Z,imperiacaviar.com,https://imperiacaviar.com/products/trout-roe-1,roe,new,
DSC-000038,2026-08-30T09:26:09Z,imperiacaviar.com,https://imperiacaviar.com/products/imperia-caviar-gift-box,caviar,new,
DSC-000039,2026-08-30T09:26:09Z,imperiacaviar.com,https://imperiacaviar.com/products/artisans-ossetra-kaluga-caviar-tasting-gift-set,caviar ossetra kaluga,new,
DSC-000040,2026-08-30T09:26:09Z,imperiacaviar.com,https://imperiacaviar.com/products/limited-edition-baerii-hybrid-caviar,caviar baerii,new,
DSC-000041,2026-08-30T09:26:09Z,imperiacaviar.com,https://imperiacaviar.com/products/ossetra-reserve-caviar,caviar ossetra,new,
DSC-000042,2026-08-30T09:26:09Z,loftcaviar.com,https://loftcaviar.com/products/river-beluga,beluga,new,
DSC-000043,2026-08-30T09:26:09Z,loftcaviar.com,https://loftcaviar.com/products/traditional-ossetra,ossetra,new,
DSC-000044,2026-08-30T09:26:09Z,loftcaviar.com,https://loftcaviar.com/products/amur,amur,new,
DSC-000045,2026-08-30T09:26:09Z,loftcaviar.com,https://loftcaviar.com/products/limited-edition-sevruga,sevruga,new,
DSC-000046,2026-08-30T09:26:09Z,loftcaviar.com,https://loftcaviar.com/products/loft-ossetra-reserve-caviar-gift-set,caviar ossetra,new,
DSC-000047,2026-08-30T09:26:09Z,loftcaviar.com,https://loftcaviar.com/products/loft-river-beluga-hybrid-gift-set,beluga,new,
DSC-000048,2026-08-30T09:26:09Z,loftcaviar.com,https://loftcaviar.com/products/stura-ossetra-caviar,caviar ossetra,new,
DSC-000049,2026-08-30T09:26:09Z,loftcaviar.com,https://loftcaviar.com/products/baerii-hybrid,baerii,new,
DSC-000050,2026-08-30T09:26:09Z,pearlstreetcaviar.com,https://pearlstreetcaviar.com/products/young-ossetra,ossetra,new,
DSC-000051,2026-08-30T09:26:09Z,pearlstreetcaviar.com,https://pearlstreetcaviar.com/products/keluga-supreme,keluga,new,
DSC-000052,2026-08-30T09:26:09Z,pearlstreetcaviar.com,https://pearlstreetcaviar.com/products/angel-duo-ossetra-ossetra-plus,ossetra,new,
DSC-000053,2026-08-30T09:26:09Z,pearlstreetcaviar.com,https://pearlstreetcaviar.com/products/trout-roe-1,roe,new,
DSC-000054,2026-08-30T09:26:09Z,pearlstreetcaviar.com,https://pearlstreetcaviar.com/products/ossetra-supreme,ossetra,new,
DSC-000055,2026-08-30T09:26:09Z,pearlstreetcaviar.com,https://pearlstreetcaviar.com/products/caviar-glass-servers,caviar,new,
DSC-000056,2026-08-30T09:26:09Z,pearlstreetcaviar.com,https://pearlstreetcaviar.com/products/alchemy-ossetra,ossetra,new,
DSC-000057,2026-08-30T09:26:09Z,pearlstreetcaviar.com,https://pearlstreetcaviar.com/products/ossetra-trio,ossetra,new,
DSC-000058,2026-08-30T09:26:09Z,pearlstreetcaviar.com,https://pearlstreetcaviar.com/products/lockerroom-ossetra,ossetra,new,
DSC-000059,2026-08-30T09:26:09Z,pearlstreetcaviar.com,https://pearlstreetcaviar.com/products/utvabeluga,beluga,new,
DSC-000060,2026-08-30T09:26:09Z,pearlstreetcaviar.com,https://pearlstreetcaviar.com/products/ossetra-alpina,ossetra,new,
DSC-000061,2026-08-30T09:26:09Z,pearlstreetcaviar.com,https://pearlstreetcaviar.com/products/pecan-smoked-trout-roe,roe,new,
DSC-000062,2026-08-30T09:26:09Z,pearlstreetcaviar.com,https://pearlstreetcaviar.com/products/chell-fish-x-young-ossetra,ossetra,new,
DSC-000063,2026-08-30T09:26:09Z,thecaviarco.com,https://thecaviarco.com/products/osetra-caviar,caviar osetra,new,
DSC-000064,2026-08-30T09:26:09Z,thecaviarco.com,https://thecaviarco.com/products/smoked-trout-roe,roe,new,
DSC-000065,2026-08-30T09:26:09Z,thecaviarco.com,https://thecaviarco.com/products/royal-white-sturgeon-caviar,caviar sturgeon,new,
DSC-000066,2026-08-30T09:26:09Z,thecaviarco.com,https://thecaviarco.com/products/paddlefish-caviar,caviar paddlefish,new,
DSC-000067,2026-08-30T09:26:09Z,thecaviarco.com,https://thecaviarco.com/products/salmon-roe,roe,new,
DSC-000068,2026-08-30T09:26:09Z,thecaviarco.com,https://thecaviarco.com/products/kaluga-hybrid-caviar,caviar kaluga,new,
DSC-000069,2026-08-30T09:26:09Z,thecaviarco.com,https://thecaviarco.com/products/hackleback-caviar,caviar hackleback,new,
DSC-000070,2026-08-30T09:26:09Z,thecaviarco.com,https://thecaviarco.com/products/trout-roe,roe,new,
DSC-000071,2026-08-30T09:26:09Z,thecaviarco.com,https://thecaviarco.com/products/caviar-club,caviar,new,
DSC-000072,2026-08-30T09:26:09Z,thecaviarco.com,https://thecaviarco.com/products/sapphire-caviar-membership,caviar,new,
DSC-000073,2026-08-30T09:26:09Z,thecaviarco.com,https://thecaviarco.com/products/siberian-sturgeon-caviar,caviar sturgeon,new,
DSC-000074,2026-08-30T09:26:09Z,thecaviarco.com,https://thecaviarco.com/products/caviar-bowl,caviar,new,
DSC-000075,2026-08-30T09:26:09Z,thecaviarco.com,https://thecaviarco.com/products/individual-caviar-server,caviar,new,
DSC-000076,2026-08-30T09:26:09Z,thecaviarco.com,https://thecaviarco.com/products/small-caviar-bowl,caviar,new,
DSC-000077,2026-08-30T09:26:09Z,thecaviarco.com,https://thecaviarco.com/products/diamond-caviar-club-membership,caviar,new,
DSC-000078,2026-08-30T09:26:09Z,thecaviarco.com,https://thecaviarco.com/products/erin-hupp-x-the-caviar-co-caviar-server,caviar,new,
DSC-000079,2026-08-30T09:26:09Z,thecaviarco.com,https://thecaviarco.com/products/harwell-godfrey-x-the-caviar-co-imperial-golden-osetra-caviar,caviar osetra,new,
DSC-000080,2026-08-30T09:26:09Z,thecaviarco.com,https://thecaviarco.com/products/caviar-pendant,caviar,new,
DSC-000081,2026-08-30T09:26:09Z,thecaviarco.com,https://thecaviarco.com/products/houses-parties-celebratory-caviar-1,caviar,new,
DSC-000082,2026-08-30T09:26:09Z,thecaviarco.com,https://thecaviarco.com/products/the-caviar-co-x-harwell-godfrey-mini-caviar-pendant,caviar,new,
DSC-000083,2026-08-30T09:26:09Z,thecaviarco.com,https://thecaviarco.com/products/diamond-caviar-club-membership-gift,caviar,new,
DSC-000084,2026-08-30T09:26:09Z,thecaviarco.com,https://thecaviarco.com/products/emerald-caviar-club-membership-gift,caviar,new,
DSC-000085,2026-08-30T09:26:09Z,thecaviarco.com,https://thecaviarco.com/products/sapphire-caviar-club-membership-gift,caviar,new,
DSC-000086,2026-08-30T09:26:09Z,thecaviarco.com,https://thecaviarco.com/products/caviar-cowgirl-hat,caviar,new,
DSC-000087,2026-08-30T09:26:09Z,thecaviarco.com,https://thecaviarco.com/products/caviar-cowgirl-tee,caviar,new,
DSC-000088,2026-08-30T09:26:09Z,thecaviarco.com,https://thecaviarco.com/products/national-caviar-day-pin,caviar,new,
DSC-000089,2026-08-30T09:26:09Z,thecaviarco.com,https://thecaviarco.com/products/the-caviar-co-pin-bundle,caviar,new,
DSC-000090,2026-08-30T09:26:09Z,thecaviarco.com,https://thecaviarco.com/products/glass-blown-caviar-pearls-by-jason-stropko,caviar,new,
DSC-000091,2026-08-30T09:26:09Z,thecaviarco.com,https://thecaviarco.com/products/caviar-champagne-gift-tags,caviar,new,
DSC-000092,2026-08-30T09:26:09Z,thecaviarco.com,https://thecaviarco.com/products/marilyn-monroe-x-the-caviar-co,caviar roe,new,
DSC-000093,2026-08-30T09:26:09Z,thecaviarco.com,https://thecaviarco.com/products/modern-picnic-x-the-caviar-co-snacker,caviar,new,
DSC-000094,2026-08-30T09:26:09Z,thecaviarco.com,https://thecaviarco.com/products/caviar-tote-bags,caviar,new,
DSC-000095,2026-08-30T09:26:09Z,thecaviarco.com,https://thecaviarco.com/products/caviar-dreams-book,caviar,new,
DSC-000096,2026-08-30T09:26:09Z,thecaviarco.com,https://thecaviarco.com/products/caviar-shirt,caviar,new,
DSC-000097,2026-08-30T09:26:09Z,tsarnicoulai.com,https://tsarnicoulai.com/products/crown-jewel-caviar,caviar,new,
DSC-000098,2026-08-30T09:26:09Z,tsarnicoulai.com,https://tsarnicoulai.com/products/golden-reserve-caviar,caviar,new,
DSC-000099,2026-08-30T09:26:09Z,tsarnicoulai.com,https://tsarnicoulai.com/products/reserve-caviar,caviar,new,
DSC-000100,2026-08-30T09:26:09Z,tsarnicoulai.com,https://tsarnicoulai.com/products/estate-caviar,caviar,new,
DSC-000101,2026-08-30T09:26:09Z,tsarnicoulai.com,https://tsarnicoulai.com/products/osetra-caviar,caviar osetra,new,
DSC-000102,2026-08-30T09:26:09Z,tsarnicoulai.com,https://tsarnicoulai.com/products/custom-tsar-caviar-spoon,caviar,new,
DSC-000103,2026-08-30T09:26:09Z,tsarnicoulai.com,https://tsarnicoulai.com/products/caviar-tin-candle,caviar,new,
DSC-000104,2026-08-30T09:26:09Z,tsarnicoulai.com,https://tsarnicoulai.com/products/caviar-embroidered-baseball-cap,caviar,new,
DSC-000105,2026-08-30T09:26:09Z,tsarnicoulai.com,https://tsarnicoulai.com/products/american-paddlefish-sturgeon-roe,sturgeon roe paddlefish,new,
DSC-000106,2026-08-30T09:26:09Z,tsarnicoulai.com,https://tsarnicoulai.com/products/gold-pearl-salmon-roe,roe,new,
DSC-000107,2026-08-30T09:26:09Z,tsarnicoulai.com,https://tsarnicoulai.com/products/gold-pearl-trout-roe,roe,new,
DSC-000108,2026-08-30T09:26:09Z,tsarnicoulai.com,https://tsarnicoulai.com/products/smoked-gold-pearl-trout-roe,roe,new,
DSC-000109,2026-08-30T09:26:09Z,tsarnicoulai.com,https://tsarnicoulai.com/products/6-oz-sweet-n-hot-smoked-sturgeon,sturgeon,new,
DSC-000110,2026-08-30T09:26:09Z,tsarnicoulai.com,https://tsarnicoulai.com/products/6oz-shoyu-candied-sturgeon,sturgeon,new,
DSC-000111,2026-08-30T09:26:09Z,tsarnicoulai.com,https://tsarnicoulai.com/products/6-oz-tsar-smoked-sturgeon,sturgeon,new,
DSC-000112,2026-08-30T09:26:09Z,tsarnicoulai.com,https://tsarnicoulai.com/products/6-oz-sturgeon-pate,sturgeon,new,
DSC-000113,2026-08-30T09:26:09Z,tsarnicoulai.com,https://tsarnicoulai.com/products/mothers-day-caviar-bundle,caviar,new,
DSC-000114,2026-08-30T09:26:09Z,tsarnicoulai.com,https://tsarnicoulai.com/products/baerii-caviar,caviar baerii,new,
DSC-000115,2026-08-30T09:26:09Z,tsarnicoulai.com,https://tsarnicoulai.com/products/beet-saffron-whitefish-roe,roe,new,
DSC-000116,2026-08-30T09:26:09Z,tsarnicoulai.com,https://tsarnicoulai.com/products/imperial-osetra-caviar,caviar osetra,new,
DSC-000117,2026-08-30T09:26:09Z,tsarnicoulai.com,https://tsarnicoulai.com/products/golden-osetra-caviar,caviar osetra,new,
DSC-000118,2026-08-30T09:26:09Z,tsarnicoulai.com,https://tsarnicoulai.com/products/select-caviar,caviar,new,
DSC-000119,2026-08-30T09:26:09Z,tsarnicoulai.com,https://tsarnicoulai.com/products/smoked-salmon-roe,roe,new,
DSC-000120,2026-08-30T09:26:09Z,tsarnicoulai.com,https://tsarnicoulai.com/products/peppercorn-sturgeon-jerky,sturgeon,new,
DSC-000121,2026-08-30T09:26:09Z,tsarnicoulai.com,https://tsarnicoulai.com/products/good-eggs-x-tsar-nicoulai-sturgeon-bone-broths,sturgeon,new,
DSC-000122,2026-08-30T09:26:09Z,www.petrossian.com,https://petrossian.com/products/special-reserve-ossetra-caviar,caviar ossetra,new,
DSC-000123,2026-08-30T09:26:09Z,www.petrossian.com,https://petrossian.com/products/royal-ossetra-caviar,caviar ossetra,new,
DSC-000124,2026-08-30T09:26:09Z,www.petrossian.com,https://petrossian.com/products/ossetra-president-caviar,caviar ossetra,new,
DSC-000125,2026-08-30T09:26:09Z,www.petrossian.com,https://petrossian.com/products/ossetra-caviar,caviar ossetra,new,
DSC-000126,2026-08-30T09:26:09Z,www.petrossian.com,https://petrossian.com/products/petrossian-special-reserve-alverta-caviar,caviar,new,
DSC-000127,2026-08-30T09:26:09Z,www.petrossian.com,https://petrossian.com/products/royal-alverta-caviar,caviar,new,
DSC-000128,2026-08-30T09:26:09Z,www.petrossian.com,https://petrossian.com/products/tsar-imperial-alverta-caviar,caviar,new,
DSC-000129,2026-08-30T09:26:09Z,www.petrossian.com,https://petrossian.com/products/royal-siberian-caviar,caviar,new,
DSC-000130,2026-08-30T09:26:09Z,www.petrossian.com,https://petrossian.com/products/tsar-imperial-baika-caviar,caviar,new,
DSC-000131,2026-08-30T09:26:09Z,www.petrossian.com,https://petrossian.com/products/royal-beluga-hybrid-caviar,caviar beluga,new,
DSC-000132,2026-08-30T09:26:09Z,www.petrossian.com,https://petrossian.com/products/tsar-imperial-beluga-hybrid-caviar,caviar beluga,new,
DSC-000133,2026-08-30T09:26:09Z,www.petrossian.com,https://petrossian.com/products/royal-daurenki-caviar,caviar,new,
DSC-000134,2026-08-30T09:26:09Z,www.petrossian.com,https://petrossian.com/products/petrossian-salmon-roe,roe,new,
DSC-000135,2026-08-30T09:26:09Z,www.petrossian.com,https://petrossian.com/products/tsar-imperial-daurenki-caviar,caviar,new,
DSC-000136,2026-08-30T09:26:09Z,www.petrossian.com,https://petrossian.com/products/tsar-imperial-tm-kaluga-huso-hybrid,kaluga,new,
DSC-000137,2026-08-30T09:26:09Z,www.petrossian.com,https://petrossian.com/products/caviar-tasting-at-home,caviar,new,
DSC-000138,2026-08-30T09:26:09Z,www.petrossian.com,https://petrossian.com/products/petrossian-trout-roe,roe,new,
DSC-000139,2026-08-30T09:26:09Z,www.petrossian.com,https://petrossian.com/products/special-reserve-kaluga-huso-hybrid,kaluga,new,
DSC-000140,2026-08-30T09:26:09Z,www.petrossian.com,https://petrossian.com/products/kaluga-huso-hybrid-caviar,caviar kaluga,new,
DSC-000141,2026-08-30T09:26:09Z,www.petrossian.com,https://petrossian.com/products/custom-caviar-experience,caviar,new,
DSC-000142,2026-08-30T09:26:09Z,www.petrossian.com,https://petrossian.com/products/caviar-quartet,caviar,new,
DSC-000143,2026-08-30T09:26:09Z,www.petrossian.com,https://petrossian.com/products/gold-color-caviar-opener,caviar,new,
DSC-000144,2026-08-30T09:26:09Z,www.petrossian.com,https://petrossian.com/products/silver-colored-caviar-opener,caviar,new,
DSC-000145,2026-08-30T09:26:09Z,www.petrossian.com,https://petrossian.com/products/salmon-roe-and-blini-sampler,roe,new,
DSC-000146,2026-08-30T09:26:09Z,www.petrossian.com,https://petrossian.com/products/gold-ecume-caviar-presentoir,caviar,new,
DSC-000147,2026-08-30T09:26:09Z,www.petrossian.com,https://petrossian.com/products/petrossian-caviar-palette,caviar,new,
DSC-000148,2026-08-30T09:26:09Z,www.petrossian.com,https://petrossian.com/products/alverta-president-caviar,caviar,new,
DSC-000149,2026-08-30T09:26:09Z,www.petrossian.com,https://petrossian.com/products/royal-persicus-caviar,caviar,new,
DSC-000150,2026-08-30T09:26:09Z,www.petrossian.com,https://petrossian.com/products/tsar-imperial-persicus-caviar,caviar,new,
DSC-000151,2026-08-30T09:26:09Z,www.petrossian.com,https://petrossian.com/products/royal-acipentris-caviar,caviar,new,
DSC-000152,2026-08-30T09:26:09Z,www.petrossian.com,https://petrossian.com/products/tsar-imperial-acipentris-caviar,caviar,new,
DSC-000153,2026-08-30T09:26:09Z,www.petrossian.com,https://petrossian.com/products/new-york-caviar-presentoir,caviar,new,
DSC-000154,2026-08-30T09:26:09Z,www.petrossian.com,https://petrossian.com/products/petrossian-caviar-utensils-set,caviar,new,
DSC-000155,2026-08-31T20:47:22Z,astreacaviar.com,https://www.astreacaviar.com/products/astrea-kaluga-hybrid-caviar,caviar kaluga,new,
DSC-000156,2026-08-31T20:47:22Z,astreacaviar.com,https://www.astreacaviar.com/products/astrea-schrenckii-caviar,caviar,new,
DSC-000157,2026-08-31T20:47:22Z,astreacaviar.com,https://www.astreacaviar.com/products/astrea-caviar-experience-set-4-species,caviar,new,
DSC-000158,2026-08-31T20:47:22Z,astreacaviar.com,https://www.astreacaviar.com/products/yuki-nara-ceramic-caviar-servers,caviar,new,
DSC-000159,2026-08-31T20:47:22Z,astreacaviar.com,https://www.astreacaviar.com/products/astrea-caviar-matte-gold-tin-opener,caviar,new,
DSC-000160,2026-08-31T20:47:22Z,astreacaviar.com,https://www.astreacaviar.com/products/premier-oscietra-caviar,caviar oscietra,new,
DSC-000161,2026-08-31T20:47:22Z,astreacaviar.com,https://www.astreacaviar.com/products/grand-golden-oscietra-caviar,caviar oscietra,new,
DSC-000162,2026-08-31T20:47:22Z,astreacaviar.com,https://www.astreacaviar.com/products/party-sized-tin-astrea-caviar,caviar,new,
DSC-000163,2026-08-31T20:47:22Z,brownetrading.com,https://brownetrading.com/products/classic-white-sturgeon-caviar,caviar sturgeon,new,
DSC-000164,2026-08-31T20:47:22Z,brownetrading.com,https://brownetrading.com/products/osietra-supreme-caviar,caviar,new,
DSC-000165,2026-08-31T20:47:22Z,brownetrading.com,https://brownetrading.com/products/galilee-prime-osetra-caviar,caviar osetra,new,
DSC-000166,2026-08-31T20:47:22Z,brownetrading.com,https://brownetrading.com/products/galilee-royal-osetra-caviar,caviar osetra,new,
DSC-000167,2026-08-31T20:47:22Z,brownetrading.com,https://brownetrading.com/products/giaveri-siberian-caviar,caviar,new,
DSC-000168,2026-08-31T20:47:22Z,brownetrading.com,https://brownetrading.com/products/wasabi-tobikko-roe,roe,new,
DSC-000169,2026-08-31T20:47:22Z,brownetrading.com,https://brownetrading.com/products/giaveri-osetra-caviar,caviar osetra,new,
DSC-000170,2026-08-31T20:47:22Z,brownetrading.com,https://brownetrading.com/products/royal-belgian-osetra-caviar,caviar osetra,new,
DSC-000171,2026-08-31T20:47:22Z,brownetrading.com,https://brownetrading.com/products/royal-belgian-siberian-caviar,caviar,new,
DSC-000172,2026-08-31T20:47:22Z,brownetrading.com,https://brownetrading.com/products/golden-whitefish-roe,roe,new,
DSC-000173,2026-08-31T20:47:22Z,brownetrading.com,https://brownetrading.com/products/smoked-sturgeon,sturgeon,new,
DSC-000174,2026-08-31T20:47:22Z,brownetrading.com,https://brownetrading.com/products/browne-trading-caviar-spoon,caviar,new,
DSC-000175,2026-08-31T20:47:22Z,brownetrading.com,https://brownetrading.com/products/salmon-roe,roe,new,
DSC-000176,2026-08-31T20:47:22Z,brownetrading.com,https://brownetrading.com/products/french-silver-banded-caviar-spoon,caviar,new,
DSC-000177,2026-08-31T20:47:22Z,brownetrading.com,https://brownetrading.com/products/paddlefish-caviar-spoonbill,caviar paddlefish,new,
DSC-000178,2026-08-31T20:47:22Z,brownetrading.com,https://brownetrading.com/products/royal-belgian-white-pearl-caviar,caviar,new,
DSC-000179,2026-08-31T20:47:22Z,brownetrading.com,https://brownetrading.com/products/sea-trout-roe,roe,new,
DSC-000180,2026-08-31T20:47:22Z,brownetrading.com,https://brownetrading.com/products/banded-caviar-server,caviar,new,
DSC-000181,2026-08-31T20:47:22Z,brownetrading.com,https://brownetrading.com/products/royal-belgian-platinum-caviar,caviar,new,
DSC-000182,2026-08-31T20:47:22Z,brownetrading.com,https://brownetrading.com/products/imperial-caviamur-caviar,caviar amur,new,
DSC-000183,2026-08-31T20:47:22Z,brownetrading.com,https://brownetrading.com/products/giaveri-beluga-hybrid-caviar,caviar beluga,new,
DSC-000184,2026-08-31T20:47:22Z,brownetrading.com,https://brownetrading.com/products/american-hackleback-caviar,caviar hackleback,new,
DSC-000185,2026-08-31T20:47:22Z,brownetrading.com,https://brownetrading.com/products/imperial-osetra-caviar,caviar osetra,new,
DSC-000186,2026-08-31T20:47:22Z,brownetrading.com,https://brownetrading.com/products/american-bowfin-caviar,caviar,new,
DSC-000187,2026-08-31T20:47:22Z,brownetrading.com,https://brownetrading.com/products/caviar-serving-assortment,caviar,new,
DSC-000188,2026-08-31T20:47:22Z,brownetrading.com,https://brownetrading.com/products/international-caviar-gift-set,caviar,new,
DSC-000189,2026-08-31T20:47:22Z,brownetrading.com,https://brownetrading.com/products/idaho-springs-royal-white-sturgeon-caviar,caviar sturgeon,new,
DSC-000190,2026-08-31T20:47:22Z,brownetrading.com,https://brownetrading.com/products/barrier-reef-caviar-spoon,caviar,new,
DSC-000191,2026-08-31T20:47:22Z,brownetrading.com,https://brownetrading.com/products/american-caviar-gift-set,caviar,new,
DSC-000192,2026-08-31T20:47:22Z,brownetrading.com,https://brownetrading.com/products/imperial-gold-osetra-caviar-tin,caviar osetra,new,
DSC-000193,2026-08-31T20:47:22Z,brownetrading.com,https://brownetrading.com/products/caviar-club-subscription-prepay-6-months,caviar,new,
DSC-000194,2026-08-31T20:47:22Z,brownetrading.com,https://brownetrading.com/products/yuzu-tobikko-roe,roe,new,
DSC-000195,2026-08-31T20:47:22Z,brownetrading.com,https://brownetrading.com/products/black-tobikko-roe,roe,new,
DSC-000196,2026-08-31T20:47:22Z,brownetrading.com,https://brownetrading.com/products/red-tobikko-roe,roe,new,
DSC-000197,2026-08-31T20:47:22Z,brownetrading.com,https://brownetrading.com/products/siberian-supreme-caviar,caviar,new,
DSC-000198,2026-08-31T20:47:22Z,brownetrading.com,https://brownetrading.com/products/smoked-salmon-roe,roe,new,
DSC-000199,2026-08-31T20:47:22Z,brownetrading.com,https://brownetrading.com/products/caviar-recipe-book,caviar,new,
DSC-000200,2026-08-31T20:47:22Z,brownetrading.com,https://brownetrading.com/products/imperial-gold-osetra-caviar,caviar osetra,new,
DSC-000201,2026-08-31T20:47:22Z,brownetrading.com,https://brownetrading.com/products/smoked-sea-trout-roe,roe,new,
DSC-000202,2026-08-31T20:47:22Z,brownetrading.com,https://brownetrading.com/products/kaluga-malossol-caviar,caviar kaluga malossol,new,
DSC-000203,2026-08-31T20:47:22Z,brownetrading.com,https://brownetrading.com/products/caviar-club-subscription-month-to-month,caviar,new,
DSC-000204,2026-08-31T20:47:22Z,brownetrading.com,https://brownetrading.com/products/wood-caviar-spoon,caviar,new,
DSC-000205,2026-08-31T20:47:22Z,brownetrading.com,https://brownetrading.com/products/italian-caviar-selection-gift-set,caviar,new,
DSC-000206,2026-08-31T20:47:22Z,brownetrading.com,https://brownetrading.com/products/build-your-own-caviar-trio,caviar,new,
DSC-000207,2026-08-31T20:47:22Z,brownetrading.com,https://brownetrading.com/products/build-your-own-caviar-duo,caviar,new,
DSC-000208,2026-08-31T20:47:22Z,brownetrading.com,https://brownetrading.com/products/sturia-premier-osetra-caviar,caviar osetra,new,
DSC-000209,2026-08-31T20:47:22Z,brownetrading.com,https://brownetrading.com/products/christofle-signature-caviar-server,caviar,new,
DSC-000210,2026-08-31T20:47:22Z,calvisiususa.com,https://calvisiususa.com/products/calvisius-lingotto-caviar,caviar,new,
DSC-000211,2026-08-31T20:47:22Z,calvisiususa.com,https://calvisiususa.com/products/ars-italica-oscietra-classic,oscietra,new,
DSC-000212,2026-08-31T20:47:22Z,calvisiususa.com,https://calvisiususa.com/products/ars-italica-oscietra-royal,oscietra,new,
DSC-000213,2026-08-31T20:47:22Z,calvisiususa.com,https://calvisiususa.com/products/ars-italica-oscietra-imperial,oscietra,new,
DSC-000214,2026-08-31T20:47:22Z,calvisiususa.com,https://calvisiususa.com/products/ars-italica-sevruga,sevruga,new,
DSC-000215,2026-08-31T20:47:22Z,calvisiususa.com,https://calvisiususa.com/products/caviar-butter-cream,caviar,new,
DSC-000216,2026-08-31T20:47:22Z,calvisiususa.com,https://calvisiususa.com/products/venini-murano-glass-caviar-server,caviar,new,
DSC-000217,2026-08-31T20:47:22Z,calvisiususa.com,https://calvisiususa.com/products/calvisius-nero-puro-caviar-salt,caviar,new,
DSC-000218,2026-08-31T20:47:22Z,calvisiususa.com,https://calvisiususa.com/products/calvisius-caviar-tube-2x-50-gr-tradition-prestige-1-x-50-gr-caviar-butter,caviar,new,
DSC-000219,2026-08-31T20:47:22Z,calvisiususa.com,https://calvisiususa.com/products/caviar-black-pasta-kit,caviar,new,
DSC-000220,2026-08-31T20:47:22Z,calvisiususa.com,https://calvisiususa.com/products/caviar-matt-pasta-kit,caviar,new,
DSC-000221,2026-08-31T20:47:22Z,calvisiususa.com,https://calvisiususa.com/products/glass-dome-caviar-server,caviar,new,
DSC-000222,2026-08-31T20:47:22Z,calvisiususa.com,https://calvisiususa.com/products/calvisius-caviar-essentials,caviar,new,
DSC-000223,2026-08-31T20:47:22Z,calvisiususa.com,https://calvisiususa.com/products/beluga-cuvee,beluga,new,
DSC-000224,2026-08-31T20:47:22Z,calvisiususa.com,https://calvisiususa.com/products/dark-chocolate-and-caviar-tasting-kit,caviar,new,
DSC-000225,2026-08-31T20:47:22Z,caviarmarketnyc.com,https://caviarmarketnyc.com/products/xip-red-caviar-salmon-roe,caviar roe,new,
DSC-000226,2026-08-31T20:47:22Z,caviarmarketnyc.com,https://caviarmarketnyc.com/products/premium-bowfin-black-caviar,caviar,new,
DSC-000227,2026-08-31T20:47:22Z,caviarmarketnyc.com,https://caviarmarketnyc.com/products/cold-smoked-sturgeon,sturgeon,new,
DSC-000228,2026-08-31T20:47:22Z,caviarmarketnyc.com,https://caviarmarketnyc.com/products/white-sturgeon-caviar,caviar sturgeon,new,
DSC-000229,2026-08-31T20:47:22Z,caviarmarketnyc.com,https://caviarmarketnyc.com/products/royal-osetra-royal-black-caviar,caviar osetra,new,
DSC-000230,2026-08-31T20:47:22Z,caviarmarketnyc.com,https://caviarmarketnyc.com/products/american-paddlefish-caviar,caviar paddlefish,new,
DSC-000231,2026-08-31T20:47:22Z,caviarmarketnyc.com,https://caviarmarketnyc.com/products/kalugaking,kaluga,new,
DSC-000232,2026-08-31T20:47:22Z,caviarmarketnyc.com,https://caviarmarketnyc.com/products/royal-american-paddlefish-caviar-first-tin-offer,caviar paddlefish,new,
DSC-000233,2026-08-31T20:47:22Z,caviarmarketnyc.com,https://caviarmarketnyc.com/products/salmon-roe,roe,new,
DSC-000234,2026-08-31T20:47:22Z,caviarmarketnyc.com,https://caviarmarketnyc.com/products/silver-bay-pink-salmon-roe,roe,new,
DSC-000235,2026-08-31T20:47:22Z,caviarmarketnyc.com,https://caviarmarketnyc.com/products/american-paddlefish-roe-copy,roe paddlefish,new,
DSC-000236,2026-08-31T20:47:22Z,caviarmarketnyc.com,https://caviarmarketnyc.com/products/copper-river-salmon-roe,roe,new,
DSC-000237,2026-08-31T20:47:22Z,caviarmarketnyc.com,https://caviarmarketnyc.com/products/pink-salmon-roe,roe,new,
DSC-000238,2026-08-31T20:47:22Z,caviarmarketnyc.com,https://caviarmarketnyc.com/products/siberian-sturgeon-caviar,caviar sturgeon,new,
DSC-000239,2026-08-31T20:47:22Z,caviarmarketnyc.com,https://caviarmarketnyc.com/products/kaluga-queen-premium-caviar-buy-1-get-1-free-1,caviar kaluga,new,
DSC-000240,2026-08-31T20:47:22Z,caviarmarketnyc.com,https://caviarmarketnyc.com/products/kaluga-queen-premium-caviar-buy-2-get-2-free-1,caviar kaluga,new,
DSC-000241,2026-08-31T20:47:22Z,caviarmarketnyc.com,https://caviarmarketnyc.com/products/kaluga-queen-premium-caviar-buy-3-get-3-free-1,caviar kaluga,new,
DSC-000242,2026-08-31T20:47:22Z,caviereco.com,https://caviereco.com/products/white-sturgeon,sturgeon,new,
DSC-000243,2026-08-31T20:47:22Z,caviereco.com,https://caviereco.com/products/grand-cru-kaluga-caviar,caviar kaluga,new,
DSC-000244,2026-08-31T20:47:22Z,caviereco.com,https://caviereco.com/products/imperial-ossetra,ossetra,new,
DSC-000245,2026-08-31T20:47:22Z,caviereco.com,https://caviereco.com/products/reserve-ossetra,ossetra,new,
DSC-000246,2026-08-31T20:47:22Z,caviereco.com,https://caviereco.com/products/smoked-trout-roe,roe,new,
DSC-000247,2026-08-31T20:47:22Z,caviereco.com,https://caviereco.com/products/gold-plated-caviar-tin-opener,caviar,new,
DSC-000248,2026-08-31T20:47:22Z,caviereco.com,https://caviereco.com/products/the-smoked-trout-roe-kit,roe,new,
DSC-000249,2026-08-31T20:47:22Z,eatcavi.com,https://eatcavi.com/products/kaluga-hybrid-caviar,caviar kaluga,new,
DSC-000250,2026-08-31T20:47:22Z,eatcavi.com,https://eatcavi.com/products/caspian-beluga-hybrid-caviar,caviar beluga,new,
DSC-000251,2026-08-31T20:47:22Z,eatcavi.com,https://eatcavi.com/products/osetra-caviar,caviar osetra,new,
DSC-000252,2026-08-31T20:47:22Z,eatcavi.com,https://eatcavi.com/products/salmon-roe,roe,new,
DSC-000253,2026-08-31T20:47:22Z,eatcavi.com,https://eatcavi.com/products/mother-of-pearl-caviar-spoon,caviar,new,
DSC-000254,2026-08-31T20:47:22Z,eatcavi.com,https://eatcavi.com/products/cavis-caviar-key,caviar,new,
DSC-000255,2026-08-31T20:47:22Z,eatcavi.com,https://eatcavi.com/products/siberian-sturgeon-caviar,caviar sturgeon,new,
DSC-000256,2026-08-31T20:47:22Z,eatcavi.com,https://eatcavi.com/products/sturgeon-caviar-french-butter,caviar sturgeon,new,
DSC-000257,2026-08-31T20:47:22Z,eatcavi.com,https://eatcavi.com/products/sturgeon-caviar-truffle-butter,caviar sturgeon,new,
DSC-000258,2026-08-31T20:47:22Z,eatcavi.com,https://eatcavi.com/products/sturgeon-caviar-hot-honey-butter,caviar sturgeon,new,
DSC-000259,2026-08-31T20:47:22Z,eatcavi.com,https://eatcavi.com/products/baerii-hybrid-caviar,caviar baerii,new,
DSC-000260,2026-08-31T20:47:22Z,eatcavi.com,https://eatcavi.com/products/beluga-hybrid-reserve-caviar,caviar beluga,new,
DSC-000261,2026-08-31T20:47:22Z,eatcavi.com,https://eatcavi.com/products/caviar-tasting-set,caviar,new,
DSC-000262,2026-08-31T20:47:22Z,eatcavi.com,https://eatcavi.com/products/golden-osetra-caviar,caviar osetra,new,
DSC-000263,2026-08-31T20:47:22Z,heycaviar.com,,,no_new_candidates,9 urls scanned
DSC-000264,2026-08-31T20:47:22Z,imperiacaviar.com,,,no_new_candidates,65 urls scanned
DSC-000265,2026-08-31T20:47:22Z,islandcreekoysters.com,https://shop.islandcreekoysters.com/products/american-osetra-caviar,caviar osetra,new,
DSC-000266,2026-08-31T20:47:22Z,islandcreekoysters.com,https://shop.islandcreekoysters.com/products/island-creek-italian-siberian-caviar,caviar,new,
DSC-000267,2026-08-31T20:47:22Z,islandcreekoysters.com,https://shop.islandcreekoysters.com/products/white-sturgeon-caviar-from-sterling-caviar-farm-in-eleverta-ca,caviar sturgeon,new,
DSC-000268,2026-08-31T20:47:22Z,islandcreekoysters.com,https://shop.islandcreekoysters.com/products/island-creek-italian-white-sturgeon-caviar,caviar sturgeon,new,
DSC-000269,2026-08-31T20:47:22Z,islandcreekoysters.com,https://shop.islandcreekoysters.com/products/white-sturgeon-caviar-from-filer-idaho,caviar sturgeon,new,
DSC-000270,2026-08-31T20:47:22Z,islandcreekoysters.com,https://shop.islandcreekoysters.com/products/caviar-horn-spoon,caviar,new,
DSC-000271,2026-08-31T20:47:22Z,islandcreekoysters.com,https://shop.islandcreekoysters.com/products/caviar-mother-of-pearl-spoon-1,caviar,new,
DSC-000272,2026-08-31T20:47:22Z,islandcreekoysters.com,https://shop.islandcreekoysters.com/products/royal-belgian-osetra-caviar-from-turnhout-belgium,caviar osetra,new,
DSC-000273,2026-08-31T20:47:22Z,islandcreekoysters.com,https://shop.islandcreekoysters.com/products/tsar-nicoulai-white-sturgeon-caviar-from-wilton-ca,caviar sturgeon,new,
DSC-000274,2026-08-31T20:47:22Z,islandcreekoysters.com,https://shop.islandcreekoysters.com/products/imported-trout-roe,roe,new,
DSC-000275,2026-08-31T20:47:22Z,islandcreekoysters.com,https://shop.islandcreekoysters.com/products/califorina-white-sturgeon-caviar,caviar sturgeon,new,
DSC-000276,2026-08-31T20:47:22Z,islandcreekoysters.com,https://shop.islandcreekoysters.com/products/european-osetra-caviar,caviar osetra,new,
DSC-000277,2026-08-31T20:47:22Z,islandcreekoysters.com,https://shop.islandcreekoysters.com/products/kaluga-caviar,caviar kaluga,new,
DSC-000278,2026-08-31T20:47:22Z,islandcreekoysters.com,https://shop.islandcreekoysters.com/products/oysters-caviar-cooler-bag,caviar,new,
DSC-000279,2026-08-31T20:47:22Z,islandcreekoysters.com,https://shop.islandcreekoysters.com/products/uruguayan-siberian-caviar,caviar,new,
DSC-000280,2026-08-31T20:47:22Z,islandcreekoysters.com,https://shop.islandcreekoysters.com/products/uruguayan-osetra-caviar,caviar osetra,new,
DSC-000281,2026-08-31T20:47:22Z,islandcreekoysters.com,https://shop.islandcreekoysters.com/products/island-creek-kaluga-osetra-caviar,caviar osetra kaluga,new,
DSC-000282,2026-08-31T20:47:22Z,islandcreekoysters.com,https://shop.islandcreekoysters.com/products/island-creek-oysters-gold-caviar-key,caviar,new,
DSC-000283,2026-08-31T20:47:22Z,islandcreekoysters.com,https://shop.islandcreekoysters.com/products/the-caviar-party-starter-30g,caviar,new,
DSC-000284,2026-08-31T20:47:22Z,islandcreekoysters.com,https://shop.islandcreekoysters.com/products/the-caviar-party-starter-100g,caviar,new,
DSC-000285,2026-08-31T20:47:22Z,islandcreekoysters.com,https://shop.islandcreekoysters.com/products/island-creek-danish-trout-roe-80g,roe,new,
DSC-000286,2026-08-31T20:47:22Z,islandcreekoysters.com,https://shop.islandcreekoysters.com/products/island-creek-polish-osetra-caviar,caviar osetra,new,
DSC-000287,2026-08-31T20:47:22Z,islandcreekoysters.com,https://shop.islandcreekoysters.com/products/fangst-faroe-island-beech-wood-smoked-salmon,roe,new,
DSC-000288,2026-08-31T20:47:22Z,islandcreekoysters.com,https://shop.islandcreekoysters.com/products/the-oyster-roe-package,roe,new,
DSC-000289,2026-08-31T20:47:22Z,kilocaviar.com,https://kilocaviar.com/products/siberian-baerii-copy,baerii,new,
DSC-000290,2026-08-31T20:47:22Z,kilocaviar.com,https://kilocaviar.com/products/osetra-copy,osetra,new,
DSC-000291,2026-08-31T20:47:22Z,kilocaviar.com,https://kilocaviar.com/products/imperial-osetra,osetra,new,
DSC-000292,2026-08-31T20:47:22Z,kilocaviar.com,https://kilocaviar.com/products/imperial-osetra-copy,osetra,new,
DSC-000293,2026-08-31T20:47:22Z,kilocaviar.com,https://kilocaviar.com/products/trout-roe,roe,new,
DSC-000294,2026-08-31T20:47:22Z,kilocaviar.com,https://kilocaviar.com/products/smoked-salmon-roe,roe,new,
DSC-000295,2026-08-31T20:47:22Z,kilocaviar.com,https://kilocaviar.com/products/salmon-roe,roe,new,
DSC-000296,2026-08-31T20:47:22Z,kilocaviar.com,https://kilocaviar.com/products/kilo-beluga-bag,beluga,new,
DSC-000297,2026-08-31T20:47:22Z,kilocaviar.com,https://kilocaviar.com/products/kilo-baby-beluga-bag,beluga,new,
DSC-000298,2026-08-31T20:47:22Z,kolikof.com,https://kolikof.com/products/golden-ossetra-caviar,caviar ossetra,new,
DSC-000299,2026-08-31T20:47:22Z,kolikof.com,https://kolikof.com/products/0000-caviar-de-gigantesques,caviar,new,
DSC-000300,2026-08-31T20:47:22Z,kolikof.com,https://kolikof.com/products/premium-sturgeon-caviar,caviar sturgeon,new,
DSC-000301,2026-08-31T20:47:22Z,kolikof.com,https://kolikof.com/products/white-pearl-albino-caviar,caviar,new,
DSC-000302,2026-08-31T20:47:22Z,kolikof.com,https://kolikof.com/products/siberian-beluga-caviar,caviar beluga,new,
DSC-000303,2026-08-31T20:47:22Z,kolikof.com,https://kolikof.com/products/imperial-000-caviar,caviar,new,
DSC-000304,2026-08-31T20:47:22Z,kolikof.com,https://kolikof.com/products/kolikof-caviar-royal-kaluga-caviar,caviar kaluga,new,
DSC-000305,2026-08-31T20:47:22Z,kolikof.com,https://kolikof.com/products/best-caviar,caviar,new,
DSC-000306,2026-08-31T20:47:22Z,kolikof.com,https://kolikof.com/products/salmon-roe-ikura,roe,new,
DSC-000307,2026-08-31T20:47:22Z,kolikof.com,https://kolikof.com/products/faroe-island-salmon,roe,new,
DSC-000308,2026-08-31T20:47:22Z,kolikof.com,https://kolikof.com/products/buy-ossetra-caviar-online,caviar ossetra,new,
DSC-000309,2026-08-31T20:47:22Z,kolikof.com,https://kolikof.com/products/imperial-kaluga%E2%84%A2-caviar,caviar kaluga,new,
DSC-000310,2026-08-31T20:47:22Z,kolikof.com,https://kolikof.com/products/buffalo-caviar-serving-spoon,caviar,new,
DSC-000311,2026-08-31T20:47:22Z,kolikof.com,https://kolikof.com/products/bowfin-caviar-malossol,caviar malossol,new,
DSC-000312,2026-08-31T20:47:22Z,kolikof.com,https://kolikof.com/products/purebred-beluga-caviar,caviar beluga,new,
DSC-000313,2026-08-31T20:47:22Z,kolikof.com,https://kolikof.com/products/beluga-caviar-tin-container,caviar beluga,new,
DSC-000314,2026-08-31T20:47:22Z,kolikof.com,https://kolikof.com/products/golden-albino-caviar-1,caviar,new,
DSC-000315,2026-08-31T20:47:22Z,kolikof.com,https://kolikof.com/products/roll-top-caviar-server,caviar,new,
DSC-000316,2026-08-31T20:47:22Z,kolikof.com,https://kolikof.com/products/caviar-gift-one-250g-caviar-2-spoons-1-key,caviar,new,
DSC-000317,2026-08-31T20:47:22Z,kolikof.com,https://kolikof.com/products/holiday-caviar-gift-one-28g-or-50g-caviar-gift-box-2-spoons-1-key,caviar,new,
DSC-000318,2026-08-31T20:47:22Z,kolikof.com,https://kolikof.com/products/sturgeon-caviar-alaskan-salmon-roe-gift-set,caviar sturgeon roe,new,
DSC-000319,2026-08-31T20:47:22Z,kolikof.com,https://kolikof.com/products/blinis-creme-fraiche-caviar-spoon-key-16-pack,caviar,new,
DSC-000320,2026-08-31T20:47:22Z,kolikof.com,https://kolikof.com/es/products/golden-ossetra-caviar,caviar ossetra,new,
DSC-000321,2026-08-31T20:47:22Z,kolikof.com,https://kolikof.com/es/products/0000-caviar-de-gigantesques,caviar,new,
DSC-000322,2026-08-31T20:47:22Z,kolikof.com,https://kolikof.com/es/products/best-ossetra-reserve,ossetra,new,
DSC-000323,2026-08-31T20:47:22Z,kolikof.com,https://kolikof.com/es/products/premium-sturgeon-caviar,caviar sturgeon,new,
DSC-000324,2026-08-31T20:47:22Z,kolikof.com,https://kolikof.com/es/products/white-pearl-albino-caviar,caviar,new,
DSC-000325,2026-08-31T20:47:22Z,kolikof.com,https://kolikof.com/es/products/siberian-beluga-caviar,caviar beluga,new,
DSC-000326,2026-08-31T20:47:22Z,kolikof.com,https://kolikof.com/es/products/imperial-000-caviar,caviar,new,
DSC-000327,2026-08-31T20:47:22Z,kolikof.com,https://kolikof.com/es/products/kolikof-caviar-royal-kaluga-caviar,caviar kaluga,new,
DSC-000328,2026-08-31T20:47:22Z,kolikof.com,https://kolikof.com/es/products/best-caviar,caviar,new,
DSC-000329,2026-08-31T20:47:22Z,kolikof.com,https://kolikof.com/es/products/salmon-roe-ikura,roe,new,
DSC-000330,2026-08-31T20:47:22Z,kolikof.com,https://kolikof.com/es/products/faroe-island-salmon,roe,new,
DSC-000331,2026-08-31T20:47:22Z,kolikof.com,https://kolikof.com/es/products/buy-ossetra-caviar-online,caviar ossetra,new,
DSC-000332,2026-08-31T20:47:22Z,kolikof.com,https://kolikof.com/es/products/imperial-kaluga%E2%84%A2-caviar,caviar kaluga,new,
DSC-000333,2026-08-31T20:47:22Z,kolikof.com,https://kolikof.com/es/products/buffalo-caviar-serving-spoon,caviar,new,
DSC-000334,2026-08-31T20:47:22Z,kolikof.com,https://kolikof.com/es/products/bowfin-caviar-malossol,caviar malossol,new,
DSC-000335,2026-08-31T20:47:22Z,kolikof.com,https://kolikof.com/es/products/purebred-beluga-caviar,caviar beluga,new,
DSC-000336,2026-08-31T20:47:22Z,kolikof.com,https://kolikof.com/es/products/beluga-caviar-tin-container,caviar beluga,new,
DSC-000337,2026-08-31T20:47:22Z,kolikof.com,https://kolikof.com/es/products/golden-albino-caviar-1,caviar,new,
DSC-000338,2026-08-31T20:47:22Z,kolikof.com,https://kolikof.com/es/products/roll-top-caviar-server,caviar,new,
DSC-000339,2026-08-31T20:47:22Z,kolikof.com,https://kolikof.com/es/products/caviar-gift-one-250g-caviar-2-spoons-1-key,caviar,new,
DSC-000340,2026-08-31T20:47:22Z,kolikof.com,https://kolikof.com/es/products/holiday-caviar-gift-one-28g-or-50g-caviar-gift-box-2-spoons-1-key,caviar,new,
DSC-000341,2026-08-31T20:47:22Z,kolikof.com,https://kolikof.com/es/products/sturgeon-caviar-alaskan-salmon-roe-gift-set,caviar sturgeon roe,new,
DSC-000342,2026-08-31T20:47:22Z,kolikof.com,https://kolikof.com/es/products/blinis-creme-fraiche-caviar-spoon-key-16-pack,caviar,new,
DSC-000343,2026-08-31T20:47:22Z,kolikof.com,https://kolikof.com/zh/products/golden-ossetra-caviar,caviar ossetra,new,
DSC-000344,2026-08-31T20:47:22Z,kolikof.com,https://kolikof.com/zh/products/0000-caviar-de-gigantesques,caviar,new,
DSC-000345,2026-08-31T20:47:22Z,kolikof.com,https://kolikof.com/zh/products/best-ossetra-reserve,ossetra,new,
DSC-000346,2026-08-31T20:47:22Z,kolikof.com,https://kolikof.com/zh/products/premium-sturgeon-caviar,caviar sturgeon,new,
DSC-000347,2026-08-31T20:47:22Z,kolikof.com,https://kolikof.com/zh/products/white-pearl-albino-caviar,caviar,new,
DSC-000348,2026-08-31T20:47:22Z,kolikof.com,https://kolikof.com/zh/products/siberian-beluga-caviar,caviar beluga,new,
DSC-000349,2026-08-31T20:47:22Z,kolikof.com,https://kolikof.com/zh/products/imperial-000-caviar,caviar,new,
DSC-000350,2026-08-31T20:47:22Z,kolikof.com,https://kolikof.com/zh/products/kolikof-caviar-royal-kaluga-caviar,caviar kaluga,new,
DSC-000351,2026-08-31T20:47:22Z,kolikof.com,https://kolikof.com/zh/products/best-caviar,caviar,new,
DSC-000352,2026-08-31T20:47:22Z,kolikof.com,https://kolikof.com/zh/products/salmon-roe-ikura,roe,new,
DSC-000353,2026-08-31T20:47:22Z,kolikof.com,https://kolikof.com/zh/products/faroe-island-salmon,roe,new,
DSC-000354,2026-08-31T20:47:22Z,kolikof.com,https://kolikof.com/zh/products/buy-ossetra-caviar-online,caviar ossetra,new,
DSC-000355,2026-08-31T20:47:22Z,kolikof.com,https://kolikof.com/zh/products/imperial-kaluga%E2%84%A2-caviar,caviar kaluga,new,
DSC-000356,2026-08-31T20:47:22Z,kolikof.com,https://kolikof.com/zh/products/buffalo-caviar-serving-spoon,caviar,new,
DSC-000357,2026-08-31T20:47:22Z,kolikof.com,https://kolikof.com/zh/products/bowfin-caviar-malossol,caviar malossol,new,
DSC-000358,2026-08-31T20:47:22Z,kolikof.com,https://kolikof.com/zh/products/purebred-beluga-caviar,caviar beluga,new,
DSC-000359,2026-08-31T20:47:22Z,kolikof.com,https://kolikof.com/zh/products/beluga-caviar-tin-container,caviar beluga,new,
DSC-000360,2026-08-31T20:47:22Z,kolikof.com,https://kolikof.com/zh/products/golden-albino-caviar-1,caviar,new,
DSC-000361,2026-08-31T20:47:22Z,kolikof.com,https://kolikof.com/zh/products/roll-top-caviar-server,caviar,new,
DSC-000362,2026-08-31T20:47:22Z,kolikof.com,https://kolikof.com/zh/products/caviar-gift-one-250g-caviar-2-spoons-1-key,caviar,new,
DSC-000363,2026-08-31T20:47:22Z,kolikof.com,https://kolikof.com/zh/products/holiday-caviar-gift-one-28g-or-50g-caviar-gift-box-2-spoons-1-key,caviar,new,
DSC-000364,2026-08-31T20:47:22Z,kolikof.com,https://kolikof.com/zh/products/sturgeon-caviar-alaskan-salmon-roe-gift-set,caviar sturgeon roe,new,
DSC-000365,2026-08-31T20:47:22Z,kolikof.com,https://kolikof.com/zh/products/blinis-creme-fraiche-caviar-spoon-key-16-pack,caviar,new,
DSC-000366,2026-08-31T20:47:22Z,loftcaviar.com,,,no_new_candidates,11 urls scanned
DSC-000367,2026-08-31T20:47:22Z,omcaviar.com,https://omcaviar.com/products/ossetra-caviar,caviar ossetra,new,
DSC-000368,2026-08-31T20:47:22Z,omcaviar.com,https://omcaviar.com/products/limited-edition-sevruga-caviar,caviar sevruga,new,
DSC-000369,2026-08-31T20:47:22Z,omcaviar.com,https://omcaviar.com/products/ossetra-kaluga-bundle,ossetra kaluga,new,
DSC-000370,2026-08-31T20:47:22Z,omcaviar.com,https://omcaviar.com/products/caviar-blini-gift-set,caviar,new,
DSC-000371,2026-08-31T20:47:22Z,omcaviar.com,https://omcaviar.com/products/om-caviar-gift-card,caviar,new,
DSC-000372,2026-08-31T20:47:22Z,omcaviar.com,https://omcaviar.com/products/sevruga-caviar-tasting-bundle,caviar sevruga,new,
DSC-000373,2026-08-31T20:47:22Z,omcaviar.com,https://omcaviar.com/products/ultra-caviar-tasting-bundle,caviar,new,
DSC-000374,2026-08-31T20:47:22Z,omcaviar.com,https://omcaviar.com/products/sevruga-and-ossetra-bundle,ossetra sevruga,new,
DSC-000375,2026-08-31T20:47:22Z,omcaviar.com,https://omcaviar.com/products/sevruga-and-kaluga-bundle,kaluga sevruga,new,
DSC-000376,2026-08-31T20:47:22Z,omcaviar.com,https://omcaviar.com/products/limited-edition-amur-caviar,caviar amur,new,
DSC-000377,2026-08-31T20:47:22Z,omcaviar.com,https://omcaviar.com/products/amur-ossetra-bundle,ossetra amur,new,
DSC-000378,2026-08-31T20:47:22Z,omcaviar.com,https://omcaviar.com/products/ossetra-kaluga-250g-50g-free-bundle,ossetra kaluga,new,
DSC-000379,2026-08-31T20:47:22Z,omcaviar.com,https://omcaviar.com/products/om-caviar-gift-accessories,caviar,new,
DSC-000380,2026-08-31T20:47:22Z,omcaviar.com,https://omcaviar.com/products/om-caviar-creme-fraiche,caviar,new,
DSC-000381,2026-08-31T20:47:22Z,omcaviar.com,https://omcaviar.com/products/om-smoked-trout-roe,roe,new,
DSC-000382,2026-08-31T20:47:22Z,omcaviar.com,https://omcaviar.com/products/om-wild-alaska-salmon-roe,roe,new,
DSC-000383,2026-08-31T20:47:22Z,omcaviar.com,https://omcaviar.com/products/om-trout-roe,roe,new,
DSC-000384,2026-08-31T20:47:22Z,omcaviar.com,https://omcaviar.com/products/original-tin-caviar,caviar,new,
DSC-000385,2026-08-31T20:47:22Z,omcaviar.com,https://omcaviar.com/products/limited-edition-baerii-hybrid,baerii,new,
DSC-000386,2026-08-31T20:47:22Z,omcaviar.com,https://omcaviar.com/products/ossetra,ossetra,new,
DSC-000387,2026-08-31T20:47:22Z,omcaviar.com,https://omcaviar.com/products/limited-edition-ossetra-caviar,caviar ossetra,new,
DSC-000388,2026-08-31T20:47:22Z,onecaviar.com,https://onecaviar.com/products/design-your-own-custom-caviar-tin,caviar,new,
DSC-000389,2026-08-31T20:47:22Z,pearlstreetcaviar.com,,,no_new_candidates,81 urls scanned
DSC-000390,2026-08-31T20:47:22Z,petruscocaviar.com,https://petruscocaviar.com/products/petrusco-caviar-river-beluga-hybrid,caviar beluga,new,
DSC-000391,2026-08-31T20:47:22Z,petruscocaviar.com,https://petruscocaviar.com/products/petrusco-caviar-royal-ossetra-reserve,caviar ossetra,new,
DSC-000392,2026-08-31T20:47:22Z,petruscocaviar.com,https://petruscocaviar.com/products/petrusco-caviar-sevruga,caviar sevruga,new,
DSC-000393,2026-08-31T20:47:22Z,petruscocaviar.com,https://petruscocaviar.com/products/petrusco-caviar-amur,caviar amur,new,
DSC-000394,2026-08-31T20:47:22Z,petruscocaviar.com,https://petruscocaviar.com/products/river-beluga-hybrid-royal-ossetra-bundle,ossetra beluga,new,
DSC-000395,2026-08-31T20:47:22Z,petruscocaviar.com,https://petruscocaviar.com/products/amur-royal-ossetra-bundle,ossetra amur,new,
DSC-000396,2026-08-31T20:47:22Z,petruscocaviar.com,https://petruscocaviar.com/products/secret-santa-petrusco-royal-ossetra,ossetra,new,
DSC-000397,2026-08-31T20:47:22Z,petruscocaviar.com,https://petruscocaviar.com/products/secret-santa-petrusco-river-beluga-hybrid,beluga,new,
DSC-000398,2026-08-31T20:47:22Z,petruscocaviar.com,https://petruscocaviar.com/products/smoked-trout-roe,roe,new,
DSC-000399,2026-08-31T20:47:22Z,petruscocaviar.com,https://petruscocaviar.com/products/sevruga-royal-ossetra-bundle,ossetra sevruga,new,
DSC-000400,2026-08-31T20:47:22Z,petruscocaviar.com,https://petruscocaviar.com/products/trout-roe-royal-ossetra-bundle,ossetra roe,new,
DSC-000401,2026-08-31T20:47:22Z,petruscocaviar.com,https://petruscocaviar.com/products/ossetra-reserve-royal-ossetra-bundle,ossetra,new,
DSC-000402,2026-08-31T20:47:22Z,petruscocaviar.com,https://petruscocaviar.com/products/petrusco-paddlefish-caviar,caviar paddlefish,new,
DSC-000403,2026-08-31T20:47:22Z,petruscocaviar.com,https://petruscocaviar.com/products/petrusco-caviar-gift-accessories,caviar,new,
DSC-000404,2026-08-31T20:47:22Z,petruscocaviar.com,https://petruscocaviar.com/products/petrusco-caviar-creme-fraiche,caviar,new,
DSC-000405,2026-08-31T20:47:22Z,petruscocaviar.com,https://petruscocaviar.com/products/petrusco-tasting-pack-royal-ossetra-river-beluga-limited-edition-sevruga,ossetra beluga sevruga,new,
DSC-000406,2026-08-31T20:47:22Z,petruscocaviar.com,https://petruscocaviar.com/products/wild-alaska-salmon-roe,roe,new,
DSC-000407,2026-08-31T20:47:22Z,petruscocaviar.com,https://petruscocaviar.com/products/caviar-cheese-tasting-bundle,caviar,new,
DSC-000408,2026-08-31T20:47:22Z,petruscocaviar.com,https://petruscocaviar.com/products/caviar-cheese-wagyu-tasting-bundle,caviar,new,
DSC-000409,2026-08-31T20:47:22Z,petruscocaviar.com,https://petruscocaviar.com/products/caviar-wagyu-tasting-bundle,caviar,new,
DSC-000410,2026-08-31T20:47:22Z,petruscocaviar.com,https://petruscocaviar.com/products/trout-roe,roe,new,
DSC-000411,2026-08-31T20:47:22Z,petruscocaviar.com,https://petruscocaviar.com/products/caspian-ossetra-royal-caviar,caviar ossetra,new,
DSC-000412,2026-08-31T20:47:22Z,petruscocaviar.com,https://petruscocaviar.com/products/platinum-ossetra-caviar,caviar ossetra,new,
DSC-000413,2026-08-31T20:47:22Z,petruscocaviar.com,https://petruscocaviar.com/products/caspian-ossetra-royal-ossetra-bundle-copy,ossetra,new,
DSC-000414,2026-08-31T20:47:22Z,petruscocaviar.com,https://petruscocaviar.com/products/caspian-almas-albino-royal-ossetra-tasting-pack,ossetra,new,
DSC-000415,2026-08-31T20:47:22Z,petruscocaviar.com,https://petruscocaviar.com/products/petrusco-caviar-blinis-and-creme-fraiche-gift-set,caviar,new,
DSC-000416,2026-08-31T20:47:22Z,petruscocaviar.com,https://petruscocaviar.com/products/secret-santa-royal-ossetra-river-beluga-hybrid-bundle,ossetra beluga,new,
DSC-000417,2026-08-31T20:47:22Z,petruscocaviar.com,https://petruscocaviar.com/products/petrusco-caviar-e-gift-card,caviar,new,
DSC-000418,2026-08-31T20:47:22Z,petruscocaviar.com,https://petruscocaviar.com/products/trio-bundle-royal-ossetra-beluga-platinum-ossetra,ossetra beluga,new,
DSC-000419,2026-08-31T20:47:22Z,petruscocaviar.com,https://petruscocaviar.com/products/petrusco-imperial-beluga-hybrid,beluga,new,
DSC-000420,2026-08-31T20:47:22Z,petruscocaviar.com,https://petruscocaviar.com/products/petrusco-imperial-ossetra,ossetra,new,
DSC-000421,2026-08-31T20:47:22Z,petruscocaviar.com,https://petruscocaviar.com/products/limited-edition-river-beluga-hybrid-caviar,caviar beluga,new,
DSC-000422,2026-08-31T20:47:22Z,petruscocaviar.com,https://petruscocaviar.com/products/culinary-grade-ossetra-caviar,caviar ossetra,new,
DSC-000423,2026-08-31T20:47:22Z,petruscocaviar.com,https://petruscocaviar.com/products/almas-albino-sterlet-caviar,caviar,new,
DSC-000424,2026-08-31T20:47:22Z,petruscocaviar.com,https://petruscocaviar.com/products/baerii-hybrid,baerii,new,
DSC-000425,2026-08-31T20:47:22Z,petruscocaviar.com,https://petruscocaviar.com/products/secret-sale-petrusco-royal-ossetra,ossetra,new,
DSC-000426,2026-08-31T20:47:22Z,petruscocaviar.com,https://petruscocaviar.com/products/secret-sale-petrusco-river-beluga-hybrid,beluga,new,
DSC-000427,2026-08-31T20:47:22Z,petruscocaviar.com,https://petruscocaviar.com/products/secret-sale-petrusco-royal-ossetra-river-beluga-bundle,ossetra beluga,new,
DSC-000428,2026-08-31T20:47:22Z,petruscocaviar.com,https://petruscocaviar.com/products/limited-edition-royal-ossetra,ossetra,new,
DSC-000429,2026-08-31T20:47:22Z,regalisfoods.com,https://www.regalisfoods.com/products/regalis-signature-golden-osetra-farmed-in-the-netherlands,osetra,new,
DSC-000430,2026-08-31T20:47:22Z,regalisfoods.com,https://www.regalisfoods.com/products/regalis-two-tone-osetra-farmed-in-the-netherlands,osetra,new,
DSC-000431,2026-08-31T20:47:22Z,regalisfoods.com,https://www.regalisfoods.com/products/regalis-signature-platinum-osetra-farmed-in-the-netherlands,osetra,new,
DSC-000432,2026-08-31T20:47:22Z,regalisfoods.com,https://www.regalisfoods.com/products/regalis-grandeur-osetra-35-mm-large-grain-farmed-in-the-netherlands,osetra,new,
DSC-000433,2026-08-31T20:47:22Z,regalisfoods.com,https://www.regalisfoods.com/products/large-grain-golden-kaluga-caviar-farmed-in-china,caviar kaluga,new,
DSC-000434,2026-08-31T20:47:22Z,regalisfoods.com,https://www.regalisfoods.com/products/imperial-black-kaluga-farmed-in-china,kaluga,new,
DSC-000435,2026-08-31T20:47:22Z,regalisfoods.com,https://www.regalisfoods.com/products/wild-applewood-smoked-steelhead-trout-roe-columbia-river-wa,roe,new,
DSC-000436,2026-08-31T20:47:22Z,regalisfoods.com,https://www.regalisfoods.com/products/ikura-salmon-roe-marinated-in-white-soy-tray-500g,roe,new,
DSC-000437,2026-08-31T20:47:22Z,regalisfoods.com,https://www.regalisfoods.com/products/natural-cure-trout-roe,roe,new,
DSC-000438,2026-08-31T20:47:22Z,regalisfoods.com,https://www.regalisfoods.com/products/regalis-mother-of-pearl-caviar-spoons,caviar,new,
DSC-000439,2026-08-31T20:47:22Z,regalisfoods.com,https://www.regalisfoods.com/products/copy-of-regalis-classic-siberian-caviar-farmed-in-the-netherlands,caviar,new,
DSC-000440,2026-08-31T20:47:22Z,regalisfoods.com,https://www.regalisfoods.com/products/the-caviar-special,caviar,new,
DSC-000441,2026-08-31T20:47:22Z,regalisfoods.com,https://www.regalisfoods.com/products/the-caviar-special-1,caviar,new,
DSC-000442,2026-08-31T20:47:22Z,regalisfoods.com,https://www.regalisfoods.com/products/regalis-caviar-party,caviar,new,
DSC-000443,2026-08-31T20:47:22Z,regalisfoods.com,https://www.regalisfoods.com/products/osetra-noir,osetra,new,
DSC-000444,2026-08-31T20:47:22Z,regalisfoods.com,https://www.regalisfoods.com/products/regalis-caviar-chamber,caviar,new,
DSC-000445,2026-08-31T20:47:22Z,regalisfoods.com,https://www.regalisfoods.com/products/osetra-royale-caviar,caviar osetra,new,
DSC-000446,2026-08-31T20:47:22Z,regalisfoods.com,https://www.regalisfoods.com/products/osetra-royale-salt-pepper-caviar,caviar osetra,new,
DSC-000447,2026-08-31T20:47:22Z,regalisfoods.com,https://www.regalisfoods.com/products/albino-osetra-royale-caviar,caviar osetra,new,
DSC-000448,2026-08-31T20:47:22Z,regalisfoods.com,https://www.regalisfoods.com/products/osetra-royale-golden-caviar,caviar osetra,new,
DSC-000449,2026-08-31T20:47:22Z,regalisfoods.com,https://www.regalisfoods.com/products/classic-osetra-caviar,caviar osetra,new,
DSC-000450,2026-08-31T20:47:22Z,regalisfoods.com,https://www.regalisfoods.com/products/baerii-hybrid-caviar,caviar baerii,new,
DSC-000451,2026-08-31T20:47:22Z,sterlingcaviar.com,https://sterlingcaviar.com/products/supreme-caviar,caviar,new,
DSC-000452,2026-08-31T20:47:22Z,sterlingcaviar.com,https://sterlingcaviar.com/products/royal-caviar,caviar,new,
DSC-000453,2026-08-31T20:47:22Z,sterlingcaviar.com,https://sterlingcaviar.com/products/sturgeon-caviar-tin-opener,caviar sturgeon,new,
DSC-000454,2026-08-31T20:47:22Z,sterlingcaviar.com,https://sterlingcaviar.com/products/imperial-caviar,caviar,new,
DSC-000455,2026-08-31T20:47:22Z,sterlingcaviar.com,https://sterlingcaviar.com/products/two-color-caviar,caviar,new,
DSC-000456,2026-08-31T20:47:22Z,sterlingcaviar.com,https://sterlingcaviar.com/products/royal-caviar-125g,caviar,new,
DSC-000457,2026-08-31T20:47:22Z,sterlingcaviar.com,https://sterlingcaviar.com/products/supreme-caviar-125g,caviar,new,
DSC-000458,2026-08-31T20:47:22Z,sterlingcaviar.com,https://sterlingcaviar.com/products/try-royal-caviar-bundles,caviar,new,
DSC-000459,2026-08-31T20:47:22Z,sterlingcaviar.com,https://sterlingcaviar.com/products/caviar-gift-set,caviar,new,
DSC-000460,2026-08-31T20:47:22Z,sterlingcaviar.com,https://sterlingcaviar.com/products/versace-medusa-caviar-bowl,caviar,new,
DSC-000461,2026-08-31T20:47:22Z,sterlingcaviar.com,https://sterlingcaviar.com/products/6oz-sterling-smoked-sturgeon,sturgeon,new,
DSC-000462,2026-08-31T20:47:22Z,sterlingcaviar.com,https://sterlingcaviar.com/products/sterling-caviar-shirt-copy,caviar,new,
DSC-000463,2026-08-31T20:47:22Z,sterlingcaviar.com,https://sterlingcaviar.com/products/sterling-caviar-gift-card,caviar,new,
DSC-000464,2026-08-31T20:47:22Z,thecaviarclub.com,https://thecaviarclub.com/products/kaluga,kaluga,new,
DSC-000465,2026-08-31T20:47:22Z,thecaviarclub.com,https://thecaviarclub.com/products/royal-ossetra,ossetra,new,
DSC-000466,2026-08-31T20:47:22Z,thecaviarclub.com,https://thecaviarclub.com/products/kaluga-hybrid-reserved-gift-sets,kaluga,new,
DSC-000467,2026-08-31T20:47:22Z,thecaviarclub.com,https://thecaviarclub.com/products/royal-ossetra-gift-sets,ossetra,new,
DSC-000468,2026-08-31T20:47:22Z,thecaviarclub.com,https://thecaviarclub.com/products/kaluga-hybrid-reserve-monthly-subscription,kaluga,new,
DSC-000469,2026-08-31T20:47:22Z,thecaviarclub.com,https://thecaviarclub.com/products/royal-ossetra-monthly-subscription,ossetra,new,
DSC-000470,2026-08-31T20:47:22Z,thecaviarclub.com,https://thecaviarclub.com/products/thecaviarclub-com-gift-card,caviar,new,
DSC-000471,2026-08-31T20:47:22Z,thecaviarclub.com,https://thecaviarclub.com/products/copy-of-kaluga-hybrid-reserve,kaluga,new,
DSC-000472,2026-08-31T20:47:22Z,thecaviarclub.com,https://thecaviarclub.com/products/copy-of-kaluga-hybrid-reserve-subscription,kaluga,new,
DSC-000473,2026-08-31T20:47:22Z,thecaviarclub.com,https://thecaviarclub.com/products/limited-edition-amur,amur,new,
DSC-000474,2026-08-31T20:47:22Z,thecaviarclub.com,https://thecaviarclub.com/products/mixed-caviar-subscription,caviar,new,
DSC-000475,2026-08-31T20:47:22Z,thecaviarclub.com,https://thecaviarclub.com/products/limited-edition-kaluga,kaluga,new,
DSC-000476,2026-08-31T20:47:22Z,thecaviarco.com,,,no_new_candidates,50 urls scanned
DSC-000477,2026-08-31T20:47:22Z,theonlycaviar.com,https://theonlycaviar.com/products/white-sturgeon-caviar,caviar sturgeon,new,
DSC-000478,2026-08-31T20:47:22Z,theonlycaviar.com,https://theonlycaviar.com/products/siberian-sturgeon-caviar,caviar sturgeon,new,
DSC-000479,2026-08-31T20:47:22Z,theonlycaviar.com,https://theonlycaviar.com/products/golden-oscietra,oscietra,new,
DSC-000480,2026-08-31T20:47:22Z,theonlycaviar.com,https://theonlycaviar.com/products/beluga-x-caviar,caviar beluga,new,
DSC-000481,2026-08-31T20:47:22Z,theonlycaviar.com,https://theonlycaviar.com/products/mother-of-pearl-caviar-spoon,caviar,new,
DSC-000482,2026-08-31T20:47:22Z,theonlycaviar.com,https://theonlycaviar.com/products/caviar-combooscietra-caviar-siberian-sturgeon-caviar-white-sturgeon-caviar,caviar oscietra sturgeon,new,
DSC-000483,2026-08-31T20:47:22Z,theonlycaviar.com,https://theonlycaviar.com/products/albino-caviar,caviar,new,
DSC-000484,2026-08-31T20:47:22Z,theonlycaviar.com,https://theonlycaviar.com/products/caviar-tin-opener,caviar,new,
DSC-000485,2026-08-31T20:47:22Z,theonlycaviar.com,https://theonlycaviar.com/products/ikura-salmon-roe,roe,new,
DSC-000486,2026-08-31T20:47:22Z,tsarcaviar.com,https://tsarcaviar.com/products/siberian-sturgeon-classic-caviar,caviar sturgeon,new,
DSC-000487,2026-08-31T20:47:22Z,tsarcaviar.com,https://tsarcaviar.com/products/siberian-sturgeon-caviar-elite,caviar sturgeon,new,
DSC-000488,2026-08-31T20:47:22Z,tsarcaviar.com,https://tsarcaviar.com/products/hackleback-caviar,caviar hackleback,new,
DSC-000489,2026-08-31T20:47:22Z,tsarcaviar.com,https://tsarcaviar.com/products/sterlet-caviar,caviar,new,
DSC-000490,2026-08-31T20:47:22Z,tsarcaviar.com,https://tsarcaviar.com/products/tsar-reserve-kaluga-fusion-caviar,caviar kaluga,new,
DSC-000491,2026-08-31T20:47:22Z,tsarcaviar.com,https://tsarcaviar.com/products/beluga-fusion-caviar,caviar beluga,new,
DSC-000492,2026-08-31T20:47:22Z,tsarcaviar.com,https://tsarcaviar.com/products/caspian-osetra-caviar,caviar osetra,new,
DSC-000493,2026-08-31T20:47:22Z,tsarcaviar.com,https://tsarcaviar.com/products/osetra-special-caviar,caviar osetra,new,
DSC-000494,2026-08-31T20:47:22Z,tsarcaviar.com,https://tsarcaviar.com/products/bowfin-caviar,caviar,new,
DSC-000495,2026-08-31T20:47:22Z,tsarcaviar.com,https://tsarcaviar.com/products/paddlefish-caviar,caviar paddlefish,new,
DSC-000496,2026-08-31T20:47:22Z,tsarcaviar.com,https://tsarcaviar.com/products/pike-roe-caviar,caviar roe,new,
DSC-000497,2026-08-31T20:47:22Z,tsarcaviar.com,https://tsarcaviar.com/products/tsar-caviar-cooler-bag-1,caviar,new,
DSC-000498,2026-08-31T20:47:22Z,tsarcaviar.com,https://tsarcaviar.com/products/silver-plated-caviar-and-vodka-server,caviar,new,
DSC-000499,2026-08-31T20:47:22Z,tsarcaviar.com,https://tsarcaviar.com/products/mother-of-pearl-caviar-spoon,caviar,new,
DSC-000500,2026-08-31T20:47:22Z,tsarcaviar.com,https://tsarcaviar.com/products/vacuum-caviar-tin,caviar,new,
DSC-000501,2026-08-31T20:47:22Z,tsarcaviar.com,https://tsarcaviar.com/products/sturgeon-products-cold-smoked-white-sturgeon-270g,sturgeon,new,
DSC-000502,2026-08-31T20:47:22Z,tsarcaviar.com,https://tsarcaviar.com/products/hot-smoked-sturgeon-osetrina,sturgeon,new,
DSC-000503,2026-08-31T20:47:22Z,tsarcaviar.com,https://tsarcaviar.com/products/wild-alaska-pink-salmon-caviar-solomon-falls-14-oz-400g,caviar,new,
DSC-000504,2026-08-31T20:47:22Z,tsarcaviar.com,https://tsarcaviar.com/products/caviar-royal-table-premium-set,caviar,new,
DSC-000505,2026-08-31T20:47:22Z,tsarcaviar.com,https://tsarcaviar.com/products/silver-bay-chum-salmon-roe-c-1-250g,roe,new,
DSC-000506,2026-08-31T20:47:22Z,tsarcaviar.com,https://tsarcaviar.com/ru/products/siberian-sturgeon-classic-caviar,caviar sturgeon,new,
DSC-000507,2026-08-31T20:47:22Z,tsarcaviar.com,https://tsarcaviar.com/ru/products/siberian-sturgeon-caviar-elite,caviar sturgeon,new,
DSC-000508,2026-08-31T20:47:22Z,tsarcaviar.com,https://tsarcaviar.com/ru/products/hackleback-caviar,caviar hackleback,new,
DSC-000509,2026-08-31T20:47:22Z,tsarcaviar.com,https://tsarcaviar.com/ru/products/sterlet-caviar,caviar,new,
DSC-000510,2026-08-31T20:47:22Z,tsarcaviar.com,https://tsarcaviar.com/ru/products/imperial-kaluga-fusion-caviar,caviar kaluga,new,
DSC-000511,2026-08-31T20:47:22Z,tsarcaviar.com,https://tsarcaviar.com/ru/products/tsar-reserve-kaluga-fusion-caviar,caviar kaluga,new,
DSC-000512,2026-08-31T20:47:22Z,tsarcaviar.com,https://tsarcaviar.com/ru/products/beluga-fusion-caviar,caviar beluga,new,
DSC-000513,2026-08-31T20:47:22Z,tsarcaviar.com,https://tsarcaviar.com/ru/products/caspian-osetra-caviar,caviar osetra,new,
DSC-000514,2026-08-31T20:47:22Z,tsarcaviar.com,https://tsarcaviar.com/ru/products/osetra-special-caviar,caviar osetra,new,
DSC-000515,2026-08-31T20:47:22Z,tsarcaviar.com,https://tsarcaviar.com/ru/products/bowfin-caviar,caviar,new,
DSC-000516,2026-08-31T20:47:22Z,tsarcaviar.com,https://tsarcaviar.com/ru/products/paddlefish-caviar,caviar paddlefish,new,
DSC-000517,2026-08-31T20:47:22Z,tsarcaviar.com,https://tsarcaviar.com/ru/products/pike-roe-caviar,caviar roe,new,
DSC-000518,2026-08-31T20:47:22Z,tsarcaviar.com,https://tsarcaviar.com/ru/products/tsar-caviar-cooler-bag-1,caviar,new,
DSC-000519,2026-08-31T20:47:22Z,tsarcaviar.com,https://tsarcaviar.com/ru/products/silver-plated-caviar-and-vodka-server,caviar,new,
DSC-000520,2026-08-31T20:47:22Z,tsarcaviar.com,https://tsarcaviar.com/ru/products/mother-of-pearl-caviar-spoon,caviar,new,
DSC-000521,2026-08-31T20:47:22Z,tsarcaviar.com,https://tsarcaviar.com/ru/products/vacuum-caviar-tin,caviar,new,
DSC-000522,2026-08-31T20:47:22Z,tsarcaviar.com,https://tsarcaviar.com/ru/products/sturgeon-products-cold-smoked-white-sturgeon-270g,sturgeon,new,
DSC-000523,2026-08-31T20:47:22Z,tsarcaviar.com,https://tsarcaviar.com/ru/products/hot-smoked-sturgeon-osetrina,sturgeon,new,
DSC-000524,2026-08-31T20:47:22Z,tsarcaviar.com,https://tsarcaviar.com/ru/products/wild-alaska-pink-salmon-caviar-solomon-falls-14-oz-400g,caviar,new,
DSC-000525,2026-08-31T20:47:22Z,tsarcaviar.com,https://tsarcaviar.com/ru/products/caviar-royal-table-premium-set,caviar,new,
DSC-000526,2026-08-31T20:47:22Z,tsarcaviar.com,https://tsarcaviar.com/ru/products/silver-bay-chum-salmon-roe-c-1-250g,roe,new,
DSC-000527,2026-08-31T20:47:22Z,tsarcaviar.com,https://tsarcaviar.com/fr/products/siberian-sturgeon-classic-caviar,caviar sturgeon,new,
DSC-000528,2026-08-31T20:47:22Z,tsarcaviar.com,https://tsarcaviar.com/fr/products/siberian-sturgeon-caviar-elite,caviar sturgeon,new,
DSC-000529,2026-08-31T20:47:22Z,tsarcaviar.com,https://tsarcaviar.com/fr/products/hackleback-caviar,caviar hackleback,new,
DSC-000530,2026-08-31T20:47:22Z,tsarcaviar.com,https://tsarcaviar.com/fr/products/sterlet-caviar,caviar,new,
DSC-000531,2026-08-31T20:47:22Z,tsarcaviar.com,https://tsarcaviar.com/fr/products/imperial-kaluga-fusion-caviar,caviar kaluga,new,
DSC-000532,2026-08-31T20:47:22Z,tsarcaviar.com,https://tsarcaviar.com/fr/products/tsar-reserve-kaluga-fusion-caviar,caviar kaluga,new,
DSC-000533,2026-08-31T20:47:22Z,tsarcaviar.com,https://tsarcaviar.com/fr/products/beluga-fusion-caviar,caviar beluga,new,
DSC-000534,2026-08-31T20:47:22Z,tsarcaviar.com,https://tsarcaviar.com/fr/products/caspian-osetra-caviar,caviar osetra,new,
DSC-000535,2026-08-31T20:47:22Z,tsarcaviar.com,https://tsarcaviar.com/fr/products/osetra-special-caviar,caviar osetra,new,
DSC-000536,2026-08-31T20:47:22Z,tsarcaviar.com,https://tsarcaviar.com/fr/products/bowfin-caviar,caviar,new,
DSC-000537,2026-08-31T20:47:22Z,tsarcaviar.com,https://tsarcaviar.com/fr/products/paddlefish-caviar,caviar paddlefish,new,
DSC-000538,2026-08-31T20:47:22Z,tsarcaviar.com,https://tsarcaviar.com/fr/products/pike-roe-caviar,caviar roe,new,
DSC-000539,2026-08-31T20:47:22Z,tsarcaviar.com,https://tsarcaviar.com/fr/products/tsar-caviar-cooler-bag-1,caviar,new,
DSC-000540,2026-08-31T20:47:22Z,tsarcaviar.com,https://tsarcaviar.com/fr/products/silver-plated-caviar-and-vodka-server,caviar,new,
DSC-000541,2026-08-31T20:47:22Z,tsarcaviar.com,https://tsarcaviar.com/fr/products/mother-of-pearl-caviar-spoon,caviar,new,
DSC-000542,2026-08-31T20:47:22Z,tsarcaviar.com,https://tsarcaviar.com/fr/products/vacuum-caviar-tin,caviar,new,
DSC-000543,2026-08-31T20:47:22Z,tsarcaviar.com,https://tsarcaviar.com/fr/products/sturgeon-products-cold-smoked-white-sturgeon-270g,sturgeon,new,
DSC-000544,2026-08-31T20:47:22Z,tsarcaviar.com,https://tsarcaviar.com/fr/products/hot-smoked-sturgeon-osetrina,sturgeon,new,
DSC-000545,2026-08-31T20:47:22Z,tsarcaviar.com,https://tsarcaviar.com/fr/products/wild-alaska-pink-salmon-caviar-solomon-falls-14-oz-400g,caviar,new,
DSC-000546,2026-08-31T20:47:22Z,tsarcaviar.com,https://tsarcaviar.com/fr/products/caviar-royal-table-premium-set,caviar,new,
DSC-000547,2026-08-31T20:47:22Z,tsarcaviar.com,https://tsarcaviar.com/fr/products/silver-bay-chum-salmon-roe-c-1-250g,roe,new,
DSC-000548,2026-08-31T20:47:22Z,tsarcaviar.com,https://tsarcaviar.com/it/products/siberian-sturgeon-classic-caviar,caviar sturgeon,new,
DSC-000549,2026-08-31T20:47:22Z,tsarcaviar.com,https://tsarcaviar.com/it/products/siberian-sturgeon-caviar-elite,caviar sturgeon,new,
DSC-000550,2026-08-31T20:47:22Z,tsarcaviar.com,https://tsarcaviar.com/it/products/hackleback-caviar,caviar hackleback,new,
DSC-000551,2026-08-31T20:47:22Z,tsarcaviar.com,https://tsarcaviar.com/it/products/sterlet-caviar,caviar,new,
DSC-000552,2026-08-31T20:47:22Z,tsarcaviar.com,https://tsarcaviar.com/it/products/imperial-kaluga-fusion-caviar,caviar kaluga,new,
DSC-000553,2026-08-31T20:47:22Z,tsarcaviar.com,https://tsarcaviar.com/it/products/tsar-reserve-kaluga-fusion-caviar,caviar kaluga,new,
DSC-000554,2026-08-31T20:47:22Z,tsarcaviar.com,https://tsarcaviar.com/it/products/beluga-fusion-caviar,caviar beluga,new,
DSC-000555,2026-08-31T20:47:22Z,tsarcaviar.com,https://tsarcaviar.com/it/products/caspian-osetra-caviar,caviar osetra,new,
DSC-000556,2026-08-31T20:47:22Z,tsarcaviar.com,https://tsarcaviar.com/it/products/osetra-special-caviar,caviar osetra,new,
DSC-000557,2026-08-31T20:47:22Z,tsarcaviar.com,https://tsarcaviar.com/it/products/bowfin-caviar,caviar,new,
DSC-000558,2026-08-31T20:47:22Z,tsarcaviar.com,https://tsarcaviar.com/it/products/paddlefish-caviar,caviar paddlefish,new,
DSC-000559,2026-08-31T20:47:22Z,tsarcaviar.com,https://tsarcaviar.com/it/products/pike-roe-caviar,caviar roe,new,
DSC-000560,2026-08-31T20:47:22Z,tsarcaviar.com,https://tsarcaviar.com/it/products/tsar-caviar-cooler-bag-1,caviar,new,
DSC-000561,2026-08-31T20:47:22Z,tsarcaviar.com,https://tsarcaviar.com/it/products/silver-plated-caviar-and-vodka-server,caviar,new,
DSC-000562,2026-08-31T20:47:22Z,tsarcaviar.com,https://tsarcaviar.com/it/products/mother-of-pearl-caviar-spoon,caviar,new,
DSC-000563,2026-08-31T20:47:22Z,tsarcaviar.com,https://tsarcaviar.com/it/products/vacuum-caviar-tin,caviar,new,
DSC-000564,2026-08-31T20:47:22Z,tsarcaviar.com,https://tsarcaviar.com/it/products/sturgeon-products-cold-smoked-white-sturgeon-270g,sturgeon,new,
DSC-000565,2026-08-31T20:47:22Z,tsarcaviar.com,https://tsarcaviar.com/it/products/hot-smoked-sturgeon-osetrina,sturgeon,new,
DSC-000566,2026-08-31T20:47:22Z,tsarcaviar.com,https://tsarcaviar.com/it/products/wild-alaska-pink-salmon-caviar-solomon-falls-14-oz-400g,caviar,new,
DSC-000567,2026-08-31T20:47:22Z,tsarcaviar.com,https://tsarcaviar.com/it/products/caviar-royal-table-premium-set,caviar,new,
DSC-000568,2026-08-31T20:47:22Z,tsarcaviar.com,https://tsarcaviar.com/it/products/silver-bay-chum-salmon-roe-c-1-250g,roe,new,
DSC-000569,2026-08-31T20:47:22Z,tsarcaviar.com,https://tsarcaviar.com/es/products/siberian-sturgeon-classic-caviar,caviar sturgeon,new,
DSC-000570,2026-08-31T20:47:22Z,tsarcaviar.com,https://tsarcaviar.com/es/products/siberian-sturgeon-caviar-elite,caviar sturgeon,new,
DSC-000571,2026-08-31T20:47:22Z,tsarcaviar.com,https://tsarcaviar.com/es/products/hackleback-caviar,caviar hackleback,new,
DSC-000572,2026-08-31T20:47:22Z,tsarcaviar.com,https://tsarcaviar.com/es/products/sterlet-caviar,caviar,new,
DSC-000573,2026-08-31T20:47:22Z,tsarcaviar.com,https://tsarcaviar.com/es/products/imperial-kaluga-fusion-caviar,caviar kaluga,new,
DSC-000574,2026-08-31T20:47:22Z,tsarcaviar.com,https://tsarcaviar.com/es/products/tsar-reserve-kaluga-fusion-caviar,caviar kaluga,new,
DSC-000575,2026-08-31T20:47:22Z,tsarcaviar.com,https://tsarcaviar.com/es/products/beluga-fusion-caviar,caviar beluga,new,
DSC-000576,2026-08-31T20:47:22Z,tsarcaviar.com,https://tsarcaviar.com/es/products/caspian-osetra-caviar,caviar osetra,new,
DSC-000577,2026-08-31T20:47:22Z,tsarcaviar.com,https://tsarcaviar.com/es/products/osetra-special-caviar,caviar osetra,new,
DSC-000578,2026-08-31T20:47:22Z,tsarcaviar.com,https://tsarcaviar.com/es/products/bowfin-caviar,caviar,new,
DSC-000579,2026-08-31T20:47:22Z,tsarcaviar.com,https://tsarcaviar.com/es/products/paddlefish-caviar,caviar paddlefish,new,
DSC-000580,2026-08-31T20:47:22Z,tsarcaviar.com,https://tsarcaviar.com/es/products/pike-roe-caviar,caviar roe,new,
DSC-000581,2026-08-31T20:47:22Z,tsarcaviar.com,https://tsarcaviar.com/es/products/tsar-caviar-cooler-bag-1,caviar,new,
DSC-000582,2026-08-31T20:47:22Z,tsarcaviar.com,https://tsarcaviar.com/es/products/silver-plated-caviar-and-vodka-server,caviar,new,
DSC-000583,2026-08-31T20:47:22Z,tsarcaviar.com,https://tsarcaviar.com/es/products/mother-of-pearl-caviar-spoon,caviar,new,
DSC-000584,2026-08-31T20:47:22Z,tsarcaviar.com,https://tsarcaviar.com/es/products/vacuum-caviar-tin,caviar,new,
DSC-000585,2026-08-31T20:47:22Z,tsarcaviar.com,https://tsarcaviar.com/es/products/sturgeon-products-cold-smoked-white-sturgeon-270g,sturgeon,new,
DSC-000586,2026-08-31T20:47:22Z,tsarcaviar.com,https://tsarcaviar.com/es/products/hot-smoked-sturgeon-osetrina,sturgeon,new,
DSC-000587,2026-08-31T20:47:22Z,tsarcaviar.com,https://tsarcaviar.com/es/products/wild-alaska-pink-salmon-caviar-solomon-falls-14-oz-400g,caviar,new,
DSC-000588,2026-08-31T20:47:22Z,tsarcaviar.com,https://tsarcaviar.com/es/products/caviar-royal-table-premium-set,caviar,new,
DSC-000589,2026-08-31T20:47:22Z,tsarcaviar.com,https://tsarcaviar.com/es/products/silver-bay-chum-salmon-roe-c-1-250g,roe,new,
DSC-000590,2026-08-31T20:47:22Z,tsarnicoulai.com,,,no_new_candidates,59 urls scanned
DSC-000591,2026-08-31T20:47:22Z,www.caviarrusse.com,https://caviarrusse.com/products/caspian-sea-almas-osetra-caviar,caviar osetra,new,
DSC-000592,2026-08-31T20:47:22Z,www.caviarrusse.com,https://caviarrusse.com/products/caspian-sea-gold-osetra-caviar,caviar osetra,new,
DSC-000593,2026-08-31T20:47:22Z,www.caviarrusse.com,https://caviarrusse.com/products/caspian-sea-sterlet-caviar,caviar,new,
DSC-000594,2026-08-31T20:47:22Z,www.caviarrusse.com,https://caviarrusse.com/products/pacific-salmon-roe,roe,new,
DSC-000595,2026-08-31T20:47:22Z,www.caviarrusse.com,https://caviarrusse.com/products/pacific-sturgeon,sturgeon,new,
DSC-000596,2026-08-31T20:47:22Z,www.caviarrusse.com,https://caviarrusse.com/products/caspian-sea-platinum-osetra-caviar,caviar osetra,new,
DSC-000597,2026-08-31T20:47:22Z,www.caviarrusse.com,https://caviarrusse.com/products/caspian-sea-classic-sevruga,sevruga,new,
DSC-000598,2026-08-31T20:47:22Z,www.caviarrusse.com,https://caviarrusse.com/products/siberian-sturgeon,sturgeon,new,
DSC-000599,2026-08-31T20:47:22Z,www.caviarrusse.com,https://caviarrusse.com/products/caspian-sea-classic-osetra-caviar,caviar osetra,new,
DSC-000600,2026-08-31T20:47:22Z,www.caviarrusse.com,https://caviarrusse.com/products/select-osetra-caviar,caviar osetra,new,
DSC-000601,2026-08-31T20:47:22Z,www.caviarrusse.com,https://caviarrusse.com/products/pressed-caviar,caviar,new,
DSC-000602,2026-08-31T20:47:22Z,www.caviarrusse.com,https://caviarrusse.com/products/caviar-indulgent-collection-for-8-12,caviar,new,
DSC-000603,2026-08-31T20:47:22Z,www.caviarrusse.com,https://caviarrusse.com/products/caviar-indulgent-collection-for-4-7,caviar,new,
DSC-000604,2026-08-31T20:47:22Z,www.caviarrusse.com,https://caviarrusse.com/products/caviar-indulgent-collection-for-1-3,caviar,new,
DSC-000605,2026-08-31T20:47:22Z,www.caviarrusse.com,https://caviarrusse.com/products/trout-roe,roe,new,
DSC-000606,2026-08-31T20:47:22Z,www.caviarrusse.com,https://caviarrusse.com/products/christofle-caviar-server-small,caviar,new,
DSC-000607,2026-08-31T20:47:22Z,www.caviarrusse.com,https://caviarrusse.com/products/eight-inch-oval-caviar-natural-plate,caviar,new,
DSC-000608,2026-08-31T20:47:22Z,www.caviarrusse.com,https://caviarrusse.com/products/christofle-caviar-spoon,caviar,new,
DSC-000609,2026-08-31T20:47:22Z,www.caviarrusse.com,https://caviarrusse.com/products/christofle-caviar-spreader,caviar,new,
DSC-000610,2026-08-31T20:47:22Z,www.caviarstar.com,https://caviarstar.com/products/golden-dynasty-imperial-kaluga-hybrid-caviar,caviar kaluga,new,
DSC-000611,2026-08-31T20:47:22Z,www.caviarstar.com,https://caviarstar.com/products/bourbon-barrel-smoked-trout-roe,roe,new,
DSC-000612,2026-08-31T20:47:22Z,www.caviarstar.com,https://caviarstar.com/products/rainbow-trout-roe,roe,new,
DSC-000613,2026-08-31T20:47:22Z,www.caviarstar.com,https://caviarstar.com/products/classic-california-white-sturgeon-caviar,caviar sturgeon,new,
DSC-000614,2026-08-31T20:47:22Z,www.caviarstar.com,https://caviarstar.com/products/american-paddlefish-caviar,caviar paddlefish,new,
DSC-000615,2026-08-31T20:47:22Z,www.caviarstar.com,https://caviarstar.com/products/american-hackleback-sturgeon-caviar,caviar sturgeon hackleback,new,
DSC-000616,2026-08-31T20:47:22Z,www.caviarstar.com,https://caviarstar.com/products/american-bowfin-caviar,caviar,new,
DSC-000617,2026-08-31T20:47:22Z,www.caviarstar.com,https://caviarstar.com/products/american-salmon-caviar,caviar,new,
DSC-000618,2026-08-31T20:47:22Z,www.caviarstar.com,https://caviarstar.com/products/golden-whitefish-roe,roe,new,
DSC-000619,2026-08-31T20:47:22Z,www.caviarstar.com,https://caviarstar.com/products/bottarga-dried-and-cured-mullet-roe,roe,new,
DSC-000620,2026-08-31T20:47:22Z,www.caviarstar.com,https://caviarstar.com/products/stainless-roll-top-caviar-server,caviar,new,
DSC-000621,2026-08-31T20:47:22Z,www.caviarstar.com,https://caviarstar.com/products/glass-caviar-serving-dish,caviar,new,
DSC-000622,2026-08-31T20:47:22Z,www.caviarstar.com,https://caviarstar.com/products/karat-israeli-osetra-caviar,caviar osetra,new,
DSC-000623,2026-08-31T20:47:22Z,www.caviarstar.com,https://caviarstar.com/products/lyna-polska-siberian-caviar,caviar,new,
DSC-000624,2026-08-31T20:47:22Z,www.caviarstar.com,https://caviarstar.com/products/royal-california-white-sturgeon-caviar,caviar sturgeon,new,
DSC-000625,2026-08-31T20:47:22Z,www.caviarstar.com,https://caviarstar.com/products/golden-dynasty-imperial-osetra-caviar,caviar osetra,new,
DSC-000626,2026-08-31T20:47:22Z,www.caviarstar.com,https://caviarstar.com/products/dynasty-royal-osetra-caviar,caviar osetra,new,
DSC-000627,2026-08-31T20:47:22Z,www.caviarstar.com,https://caviarstar.com/products/world-star-caviar-gift-bag,caviar,new,
DSC-000628,2026-08-31T20:47:22Z,www.caviarstar.com,https://caviarstar.com/products/lyna-polska-royal-osetra-caviar,caviar osetra,new,
DSC-000629,2026-08-31T20:47:22Z,www.caviarstar.com,https://caviarstar.com/products/amber-dynasty-royal-kaluga-caviar,caviar kaluga,new,
DSC-000630,2026-08-31T20:47:22Z,www.caviarstar.com,https://caviarstar.com/products/genki-tobiko-caviar-flying-fish-roe,caviar roe,new,
DSC-000631,2026-08-31T20:47:22Z,www.caviarstar.com,https://caviarstar.com/products/dynasty-imperial-amur-sturgeon-caviar,caviar sturgeon amur,new,
DSC-000632,2026-08-31T20:47:22Z,www.caviarstar.com,https://caviarstar.com/products/tuna-bottarga-dried-and-cured-tuna-fish-roe,roe,new,
DSC-000633,2026-08-31T20:47:22Z,www.caviarstar.com,https://caviarstar.com/products/smoked-golden-whitefish-caviar,caviar,new,
DSC-000634,2026-08-31T20:47:22Z,www.caviarstar.com,https://caviarstar.com/products/supreme-california-white-sturgeon-caviar,caviar sturgeon,new,
DSC-000635,2026-08-31T20:47:22Z,www.caviarstar.com,https://caviarstar.com/products/white-escargot-snail-caviar,caviar,new,
DSC-000636,2026-08-31T20:47:22Z,www.caviarstar.com,https://caviarstar.com/products/albino-almas-caviar,caviar,new,
DSC-000637,2026-08-31T20:47:22Z,www.caviarstar.com,https://caviarstar.com/products/beluga-sterlet-bester-hybrid,beluga,new,
DSC-000638,2026-08-31T20:47:22Z,www.caviarstar.com,https://caviarstar.com/products/smoked-american-salmon-caviar,caviar,new,
DSC-000639,2026-08-31T20:47:22Z,www.caviarstar.com,https://caviarstar.com/products/shell-caviar-spoon-with-abalone-inlay,caviar,new,
DSC-000640,2026-08-31T20:47:22Z,www.caviarstar.com,https://caviarstar.com/products/caviar-house-prunier-osetra-caviar,caviar osetra,new,
DSC-000641,2026-08-31T20:47:22Z,www.caviarstar.com,https://caviarstar.com/products/caviar-gift-box-3-x-1oz-variety,caviar,new,
DSC-000642,2026-08-31T20:47:22Z,www.caviarstar.com,https://caviarstar.com/products/caviar-gift-box-4-oz-tin,caviar,new,
DSC-000643,2026-08-31T20:47:22Z,www.caviarstar.com,https://caviarstar.com/products/caviar-gift-box-2-x-2-oz,caviar,new,
DSC-000644,2026-08-31T20:47:22Z,www.caviarstar.com,https://caviarstar.com/products/silver-sturgeon-top-bowl-caviar-server,caviar sturgeon,new,
DSC-000645,2026-08-31T20:47:22Z,www.caviarstar.com,https://caviarstar.com/products/freshwater-shell-caviar-spoon-4-inch,caviar,new,
DSC-000646,2026-08-31T20:47:22Z,www.caviarstar.com,https://caviarstar.com/products/abalone-caviar-bowl-silver-accents,caviar,new,
DSC-000647,2026-08-31T20:47:22Z,www.caviarstar.com,https://caviarstar.com/products/mother-of-pearl-caviar-plate-gold-brass-edge,caviar,new,
DSC-000648,2026-08-31T20:47:22Z,www.caviarstar.com,https://caviarstar.com/products/mother-of-pearl-caviar-serving-palette-silver-edge,caviar,new,
DSC-000649,2026-08-31T20:47:22Z,www.caviarstar.com,https://caviarstar.com/products/insulated-caviar-server-hammered-stainless-steel,caviar,new,
DSC-000650,2026-08-31T20:47:22Z,www.caviarstar.com,https://caviarstar.com/products/shell-caviar-spoon-with-logo-3-5-inch,caviar,new,
DSC-000651,2026-08-31T20:47:22Z,www.caviarstar.com,https://caviarstar.com/products/shell-and-horn-sturgeon-caviar-spoon,caviar sturgeon,new,
DSC-000652,2026-08-31T20:47:22Z,www.caviarstar.com,https://caviarstar.com/products/insulated-sturgeon-caviar-server-stainless-steel,caviar sturgeon,new,
DSC-000653,2026-08-31T20:47:22Z,www.caviarstar.com,https://caviarstar.com/products/mother-of-pearl-shell-caviar-palette,caviar,new,
DSC-000654,2026-08-31T20:47:22Z,www.caviarstar.com,https://caviarstar.com/products/world-star-caviar-party-bag,caviar,new,
DSC-000655,2026-08-31T20:47:22Z,www.caviarstar.com,https://caviarstar.com/products/classic-italian-white-sturgeon-caviar,caviar sturgeon,new,
DSC-000656,2026-08-31T20:47:22Z,www.caviarstar.com,https://caviarstar.com/products/beluga-sevruga-hybrid,beluga sevruga,new,
DSC-000657,2026-08-31T20:47:22Z,www.caviarstar.com,https://caviarstar.com/products/dieckmann-hansen-reserve-german-osetra-caviar,caviar osetra,new,
DSC-000658,2026-08-31T20:47:22Z,www.caviarstar.com,https://caviarstar.com/products/plain-gold-caviar-key-sturgeon-engraving,caviar sturgeon,new,
DSC-000659,2026-08-31T20:47:22Z,www.caviarstar.com,https://caviarstar.com/products/caviar-star-black-ot-gift-bag,caviar,new,
DSC-000660,2026-08-31T20:47:22Z,www.caviarstar.com,https://caviarstar.com/products/kaluga-hybrid-caviar-limited-edition,caviar kaluga,new,
DSC-000661,2026-08-31T20:47:22Z,www.caviarstar.com,https://caviarstar.com/products/gold-caviar-star-keychain,caviar,new,
DSC-000662,2026-08-31T20:47:22Z,www.caviarstar.com,https://caviarstar.com/products/dynasty-siberian-caviar,caviar,new,
DSC-000663,2026-08-31T20:47:22Z,www.caviarstar.com,https://caviarstar.com/products/horn-caviar-spoon-sturgeon-handle,caviar sturgeon,new,
DSC-000664,2026-08-31T20:47:22Z,www.caviarstar.com,https://caviarstar.com/products/vip-kaluga-hybrid-caviar-250g,caviar kaluga,new,
DSC-000665,2026-08-31T20:47:22Z,www.caviarstar.com,https://caviarstar.com/products/caviar-cloche-with-silver-sturgeon-handle,caviar sturgeon,new,
DSC-000666,2026-08-31T20:47:22Z,www.petrossian.com,,,no_new_candidates,164 urls scanned
DSC-000667,2026-09-07T19:07:17Z,astreacaviar.com,,,no_new_candidates,16 urls scanned
DSC-000668,2026-09-07T19:07:17Z,brownetrading.com,,,no_new_candidates,197 urls scanned
DSC-000669,2026-09-07T19:07:17Z,calvisiususa.com,,,no_new_candidates,54 urls scanned
DSC-000670,2026-09-07T19:07:17Z,caviarmarketnyc.com,https://caviarmarketnyc.com/products/kosher-bowfin-roe-buy-1-get-1-free,roe,new,
DSC-000671,2026-09-07T19:07:17Z,caviarmarketnyc.com,https://caviarmarketnyc.com/products/kosher-bowfin-roe-buy-2-get-2-free,roe,new,
DSC-000672,2026-09-07T19:07:17Z,caviereco.com,,,no_new_candidates,21 urls scanned
DSC-000673,2026-09-07T19:07:17Z,eatcavi.com,,,no_new_candidates,29 urls scanned
DSC-000674,2026-09-07T19:07:17Z,goldengoatcaviar.com,https://goldengoatcaviar.com/products/siberian-sturgeon-1,sturgeon,new,
DSC-000675,2026-09-07T19:07:17Z,goldengoatcaviar.com,https://goldengoatcaviar.com/products/kaluga-hybrid-sturgeon-caviar,caviar kaluga sturgeon,new,
DSC-000676,2026-09-07T19:07:17Z,goldengoatcaviar.com,https://goldengoatcaviar.com/products/royal-white-sturgeon-1,sturgeon,new,
DSC-000677,2026-09-07T19:07:17Z,goldengoatcaviar.com,https://goldengoatcaviar.com/products/ossetra-royal-belgian,ossetra,new,
DSC-000678,2026-09-07T19:07:17Z,goldengoatcaviar.com,https://goldengoatcaviar.com/products/paddlefish-caviar-1,caviar paddlefish,new,
DSC-000679,2026-09-07T19:07:17Z,goldengoatcaviar.com,https://goldengoatcaviar.com/products/imperial-ossetra,ossetra,new,
DSC-000680,2026-09-07T19:07:17Z,goldengoatcaviar.com,https://goldengoatcaviar.com/products/kaluga-grand-cru,kaluga,new,
DSC-000681,2026-09-07T19:07:17Z,goldengoatcaviar.com,https://goldengoatcaviar.com/products/classic-ossetra-caviar-gift-set,caviar ossetra,new,
DSC-000682,2026-09-07T19:07:17Z,goldengoatcaviar.com,https://goldengoatcaviar.com/products/kaluga-caviar-gift-set,caviar kaluga,new,
DSC-000683,2026-09-07T19:07:17Z,goldengoatcaviar.com,https://goldengoatcaviar.com/products/kaluga-grand-cru-caviar-gift-set,caviar kaluga,new,
DSC-000684,2026-09-07T19:07:17Z,goldengoatcaviar.com,https://goldengoatcaviar.com/products/siberian-sturgeon-caviar-gift-set,caviar sturgeon,new,
DSC-000685,2026-09-07T19:07:17Z,goldengoatcaviar.com,https://goldengoatcaviar.com/products/royal-white-sturgeon-caviar-gift-set,caviar sturgeon,new,
DSC-000686,2026-09-07T19:07:17Z,goldengoatcaviar.com,https://goldengoatcaviar.com/products/ossetra-royal-caviar-gift-set,caviar ossetra,new,
DSC-000687,2026-09-07T19:07:17Z,goldengoatcaviar.com,https://goldengoatcaviar.com/products/imperial-ossetra-caviar-gift-set,caviar ossetra,new,
DSC-000688,2026-09-07T19:07:17Z,goldengoatcaviar.com,https://goldengoatcaviar.com/products/classic-ossetra-ossetra-royal-caviar-gift-set,caviar ossetra,new,
DSC-000689,2026-09-07T19:07:17Z,goldengoatcaviar.com,https://goldengoatcaviar.com/products/kaluga-kaluga-grand-cru-caviar-gift-set,caviar kaluga,new,
DSC-000690,2026-09-07T19:07:17Z,goldengoatcaviar.com,https://goldengoatcaviar.com/products/kaluga-ossetra-royal-caviar-gift-set,caviar ossetra kaluga,new,
DSC-000691,2026-09-07T19:07:17Z,goldengoatcaviar.com,https://goldengoatcaviar.com/products/kaluga-paddlefish-caviar-gift-set,caviar kaluga paddlefish,new,
DSC-000692,2026-09-07T19:07:17Z,goldengoatcaviar.com,https://goldengoatcaviar.com/products/kaluga-royal-white-sturgeon-caviar-gift-set,caviar kaluga sturgeon,new,
DSC-000693,2026-09-07T19:07:17Z,goldengoatcaviar.com,https://goldengoatcaviar.com/products/siberian-sturgeon-imperial-ossetra-caviar-gift-set,caviar ossetra sturgeon,new,
DSC-000694,2026-09-07T19:07:17Z,goldengoatcaviar.com,https://goldengoatcaviar.com/products/artisanal-caviar-honey-butter,caviar,new,
DSC-000695,2026-09-07T19:07:17Z,goldengoatcaviar.com,https://goldengoatcaviar.com/products/24-karat-gold-ossetra,ossetra,new,
DSC-000696,2026-09-07T19:07:17Z,goldengoatcaviar.com,https://goldengoatcaviar.com/products/luxury-caviar-key,caviar,new,
DSC-000697,2026-09-07T19:07:17Z,goldengoatcaviar.com,https://goldengoatcaviar.com/products/24k-gold-ossetra-caviar-gift-set,caviar ossetra,new,
DSC-000698,2026-09-07T19:07:17Z,goldengoatcaviar.com,https://goldengoatcaviar.com/products/prestige-collection-caviar-tasting-tin,caviar,new,
DSC-000699,2026-09-07T19:07:17Z,goldengoatcaviar.com,https://goldengoatcaviar.com/products/paddlefish-caviar-gift-set,caviar paddlefish,new,
DSC-000700,2026-09-07T19:07:17Z,goldengoatcaviar.com,https://goldengoatcaviar.com/products/queens-caviar-flight,caviar,new,
DSC-000701,2026-09-07T19:07:17Z,goldengoatcaviar.com,https://goldengoatcaviar.com/products/caviar-bump-kit,caviar,new,
DSC-000702,2026-09-07T19:07:17Z,goldengoatcaviar.com,https://goldengoatcaviar.com/products/golden-globe-caviar-server,caviar,new,
DSC-000703,2026-09-07T19:07:17Z,goldengoatcaviar.com,https://goldengoatcaviar.com/products/luxury-caviar-picnic-basket,caviar,new,
DSC-000704,2026-09-07T19:07:17Z,goldengoatcaviar.com,https://goldengoatcaviar.com/products/your-first-taste-caviar-gift-set,caviar,new,
DSC-000705,2026-09-07T19:07:17Z,goldengoatcaviar.com,https://goldengoatcaviar.com/products/date-night-caviar-gift-set,caviar,new,
DSC-000706,2026-09-07T19:07:17Z,goldengoatcaviar.com,https://goldengoatcaviar.com/products/birthday-caviar-gift-set,caviar,new,
DSC-000707,2026-09-07T19:07:17Z,goldengoatcaviar.com,https://goldengoatcaviar.com/products/thank-you-caviar-gift-set,caviar,new,
DSC-000708,2026-09-07T19:07:17Z,goldengoatcaviar.com,https://goldengoatcaviar.com/products/congratulations-caviar-gift-set,caviar,new,
DSC-000709,2026-09-07T19:07:17Z,goldengoatcaviar.com,https://goldengoatcaviar.com/products/anniversary-caviar-gift-set,caviar,new,
DSC-000710,2026-09-07T19:07:17Z,goldengoatcaviar.com,https://goldengoatcaviar.com/products/golden-glizzy-caviar-hotdog-gift-set,caviar,new,
DSC-000711,2026-09-07T19:07:17Z,heycaviar.com,,,no_new_candidates,9 urls scanned
DSC-000712,2026-09-07T19:07:17Z,imperiacaviar.com,,,no_new_candidates,65 urls scanned
DSC-000713,2026-09-07T19:07:17Z,islandcreekoysters.com,,,no_new_candidates,399 urls scanned
DSC-000714,2026-09-07T19:07:17Z,kilocaviar.com,,,no_new_candidates,27 urls scanned
DSC-000715,2026-09-07T19:07:17Z,kolikof.com,https://kolikof.com/products/6-bowl-caviar-server,caviar,new,
DSC-000716,2026-09-07T19:07:17Z,kolikof.com,https://kolikof.com/es/products/6-bowl-caviar-server,caviar,new,
DSC-000717,2026-09-07T19:07:17Z,kolikof.com,https://kolikof.com/zh/products/6-bowl-caviar-server,caviar,new,
DSC-000718,2026-09-07T19:07:17Z,loftcaviar.com,,,no_new_candidates,11 urls scanned
DSC-000719,2026-09-07T19:07:17Z,meredithmarkscaviar.com,https://meredithmarkscaviar.com/products/diamond-ossetra,ossetra,new,
DSC-000720,2026-09-07T19:07:17Z,meredithmarkscaviar.com,https://meredithmarkscaviar.com/products/caviar-serving-dish,caviar,new,
DSC-000721,2026-09-07T19:07:17Z,meredithmarkscaviar.com,https://meredithmarkscaviar.com/products/24-karat-kaluga-diamond-ossetra-duo,ossetra kaluga,new,
DSC-000722,2026-09-07T19:07:17Z,meredithmarkscaviar.com,https://meredithmarkscaviar.com/products/meredith-marks-caviar-gift-card,caviar,new,
DSC-000723,2026-09-07T19:07:17Z,meredithmarkscaviar.com,https://meredithmarkscaviar.com/products/taste-of-caviar-trio,caviar,new,
DSC-000724,2026-09-07T19:07:17Z,meredithmarkscaviar.com,https://meredithmarkscaviar.com/products/white-sturgeon-kaluga-duo,kaluga sturgeon,new,
DSC-000725,2026-09-07T19:07:17Z,meredithmarkscaviar.com,https://meredithmarkscaviar.com/products/platinum-white-sturgeon-ossetra-duo,ossetra sturgeon,new,
DSC-000726,2026-09-07T19:07:17Z,meredithmarkscaviar.com,https://meredithmarkscaviar.com/products/meredith-marks-caviar-key,caviar,new,
DSC-000727,2026-09-07T19:07:17Z,meredithmarkscaviar.com,https://meredithmarkscaviar.com/products/palladium-paddlefish,paddlefish,new,
DSC-000728,2026-09-07T19:07:17Z,meredithmarkscaviar.com,https://meredithmarkscaviar.com/products/palladium-paddlefish-quad,paddlefish,new,
DSC-000729,2026-09-07T19:07:17Z,meredithmarkscaviar.com,https://meredithmarkscaviar.com/products/diamond-ossetra-wholesale,ossetra,new,
DSC-000730,2026-09-07T19:07:17Z,meredithmarkscaviar.com,https://meredithmarkscaviar.com/products/24k-kaluga,kaluga,new,
DSC-000731,2026-09-07T19:07:17Z,meredithmarkscaviar.com,https://meredithmarkscaviar.com/products/palladium-paddlefish-1,paddlefish,new,
DSC-000732,2026-09-07T19:07:17Z,meredithmarkscaviar.com,https://meredithmarkscaviar.com/products/caviar-butter,caviar,new,
DSC-000733,2026-09-07T19:07:17Z,meredithmarkscaviar.com,https://meredithmarkscaviar.com/products/black-diamond-beluga-hybrid,beluga,new,
DSC-000734,2026-09-07T19:07:17Z,meredithmarkscaviar.com,https://meredithmarkscaviar.com/products/black-diamond-beluga-hybrid-24-karat-kaluga-duo,kaluga beluga,new,
DSC-000735,2026-09-07T19:07:17Z,meredithmarkscaviar.com,https://meredithmarkscaviar.com/products/black-diamond-beluga-hybrid-diamond-ossetra-duo,ossetra beluga,new,
DSC-000736,2026-09-07T19:07:17Z,meredithmarkscaviar.com,https://meredithmarkscaviar.com/products/caviar-butter-1,caviar,new,
DSC-000737,2026-09-07T19:07:17Z,meredithmarkscaviar.com,https://meredithmarkscaviar.com/products/black-diamond-beluga-hybrid-1,beluga,new,
DSC-000738,2026-09-07T19:07:17Z,meredithmarkscaviar.com,https://meredithmarkscaviar.com/products/siberian-diamond-ossetra-sm-tins,ossetra,new,
DSC-000739,2026-09-07T19:07:17Z,meredithmarkscaviar.com,https://meredithmarkscaviar.com/products/meredith-marks-caviar-pouch-large-copy,caviar,new,
DSC-000740,2026-09-07T19:07:17Z,numberonecaviar.com,https://numberonecaviar.com/products/siberian-sturgeon-caviar,caviar sturgeon,new,
DSC-000741,2026-09-07T19:07:17Z,numberonecaviar.com,https://numberonecaviar.com/products/white-sturgeon-caviar,caviar sturgeon,new,
DSC-000742,2026-09-07T19:07:17Z,numberonecaviar.com,https://numberonecaviar.com/products/osetra-classic-caviar,caviar osetra,new,
DSC-000743,2026-09-07T19:07:17Z,numberonecaviar.com,https://numberonecaviar.com/products/golden-osetra-caviar,caviar osetra,new,
DSC-000744,2026-09-07T19:07:17Z,numberonecaviar.com,https://numberonecaviar.com/products/trout-roe,roe,new,
DSC-000745,2026-09-07T19:07:17Z,numberonecaviar.com,https://numberonecaviar.com/products/number-one-caviar-gift-card,caviar,new,
DSC-000746,2026-09-07T19:07:17Z,numberonecaviar.com,https://numberonecaviar.com/products/number-one-caviar-starter-set,caviar,new,
DSC-000747,2026-09-07T19:07:17Z,numberonecaviar.com,https://numberonecaviar.com/products/caviar-butter,caviar,new,
DSC-000748,2026-09-07T19:07:17Z,numberonecaviar.com,https://numberonecaviar.com/products/number-one-caviar-mystery-gift,caviar,new,
DSC-000749,2026-09-07T19:07:17Z,numberonecaviar.com,https://numberonecaviar.com/products/love-caviar-set,caviar,new,
DSC-000750,2026-09-07T19:07:17Z,numberonecaviar.com,https://numberonecaviar.com/products/caviar-trio-tasting-set,caviar,new,
DSC-000751,2026-09-07T19:07:17Z,numberonecaviar.com,https://numberonecaviar.com/products/the-complete-caviar-set,caviar,new,
DSC-000752,2026-09-07T19:07:17Z,numberonecaviar.com,https://numberonecaviar.com/products/osetra-reserve-caviar,caviar osetra,new,
DSC-000753,2026-09-07T19:07:17Z,numberonecaviar.com,https://numberonecaviar.com/products/kaluga-reserve-caviar,caviar kaluga,new,
DSC-000754,2026-09-07T19:07:17Z,numberonecaviar.com,https://numberonecaviar.com/products/new-royal-beluga,beluga,new,
DSC-000755,2026-09-07T19:07:17Z,numberonecaviar.com,https://numberonecaviar.com/products/taste-it-all-caviar-set,caviar,new,
DSC-000756,2026-09-07T19:07:17Z,numberonecaviar.com,https://numberonecaviar.com/products/royal-persian-caviar,caviar,new,
DSC-000757,2026-09-07T19:07:17Z,numberonecaviar.com,https://numberonecaviar.com/products/cold-smoked-sturgeon,sturgeon,new,
DSC-000758,2026-09-07T19:07:17Z,numberonecaviar.com,https://numberonecaviar.com/products/hot-smoked-sturgeon,sturgeon,new,
DSC-000759,2026-09-07T19:07:17Z,numberonecaviar.com,https://numberonecaviar.com/products/raw-sturgeon-steak,sturgeon,new,
DSC-000760,2026-09-07T19:07:17Z,numberonecaviar.com,https://numberonecaviar.com/products/number-one-caviar-pike-roe,caviar roe,new,
DSC-000761,2026-09-07T19:07:17Z,numberonecaviar.com,https://numberonecaviar.com/products/american-paddlefish,paddlefish,new,
DSC-000762,2026-09-07T19:07:17Z,numberonecaviar.com,https://numberonecaviar.com/products/salmon-roe-chum,roe,new,
DSC-000763,2026-09-07T19:07:17Z,numberonecaviar.com,https://numberonecaviar.com/products/royal-sevruga-caviar-by-number-one-caviar,caviar sevruga,new,
DSC-000764,2026-09-07T19:07:17Z,numberonecaviar.com,https://numberonecaviar.com/products/bbq-box-caviar-smoked-sturgeon,caviar sturgeon,new,
DSC-000765,2026-09-07T19:07:17Z,numberonecaviar.com,https://numberonecaviar.com/products/caviar-torres-gourmet-potato-chips-50g-small-bag-small-50g,caviar,new,
DSC-000766,2026-09-07T19:07:17Z,numberonecaviar.com,https://numberonecaviar.com/products/royal-amur-caviar,caviar amur,new,
DSC-000767,2026-09-07T19:07:17Z,numberonecaviar.com,https://numberonecaviar.com/products/royal-amur-complimentary,amur,new,
DSC-000768,2026-09-07T19:07:17Z,numberonecaviar.com,https://numberonecaviar.com/products/caviar-tin-candle-luxe-gourmet-candle-in-metal-tin-citrus,caviar,new,
DSC-000769,2026-09-07T19:07:17Z,numberonecaviar.com,https://numberonecaviar.com/products/caviar-tin-candle-luxe-gourmet-candle-in-metal-tin-coconut-cream,caviar,new,
DSC-000770,2026-09-07T19:07:17Z,numberonecaviar.com,https://numberonecaviar.com/products/caviar-tin-candle-luxe-gourmet-candle-in-metal-tin-cozy-campfire,caviar,new,
DSC-000771,2026-09-07T19:07:17Z,numberonecaviar.com,https://numberonecaviar.com/products/caviar-tin-candle-luxe-gourmet-candle-in-metal-tin-lavender-fields,caviar,new,
DSC-000772,2026-09-07T19:07:17Z,numberonecaviar.com,https://numberonecaviar.com/products/caviar-tin-candle-luxe-gourmet-candle-in-metal-tin-midnight-rose,caviar,new,
DSC-000773,2026-09-07T19:07:17Z,numberonecaviar.com,https://numberonecaviar.com/products/caviar-tin-candle-luxe-gourmet-candle-in-metal-tin-morning-laundry,caviar,new,
DSC-000774,2026-09-07T19:07:17Z,numberonecaviar.com,https://numberonecaviar.com/products/caviar-tin-candle-luxe-gourmet-candle-in-metal-tin-salted-carmel,caviar,new,
DSC-000775,2026-09-07T19:07:17Z,numberonecaviar.com,https://numberonecaviar.com/products/caviar-tin-candle-luxe-gourmet-candle-in-metal-tin-unscented,caviar,new,
DSC-000776,2026-09-07T19:07:17Z,numberonecaviar.com,https://numberonecaviar.com/products/caviar-tin-candle-luxe-gourmet-candle-in-metal-tin-pumpkin-marshmallow,caviar,new,
DSC-000777,2026-09-07T19:07:17Z,numberonecaviar.com,https://numberonecaviar.com/products/caviar-tin-candle-luxe-gourmet-candle-in-metal-tin-vanilla,caviar,new,
DSC-000778,2026-09-07T19:07:17Z,numberonecaviar.com,https://numberonecaviar.com/products/caviar-tin-candle-luxe-gourmet-candle-in-metal-tin-spiced-gingerbread,caviar,new,
DSC-000779,2026-09-07T19:07:17Z,numberonecaviar.com,https://numberonecaviar.com/products/payss-pressed-osetra,osetra,new,
DSC-000780,2026-09-07T19:07:17Z,numberonecaviar.com,https://numberonecaviar.com/products/wasabi-tobiko-caviar-butter,caviar,new,
DSC-000781,2026-09-07T19:07:17Z,numberonecaviar.com,https://numberonecaviar.com/products/truffle-infused-honey-caviar-butter,caviar,new,
DSC-000782,2026-09-07T19:07:17Z,numberonecaviar.com,https://numberonecaviar.com/products/trio-caviar-butter-set,caviar,new,
DSC-000783,2026-09-07T19:07:17Z,numberonecaviar.com,https://numberonecaviar.com/products/salmon-roe-butter,roe,new,
DSC-000784,2026-09-07T19:07:17Z,numberonecaviar.com,https://numberonecaviar.com/products/mixed-caviar-butter,caviar,new,
DSC-000785,2026-09-07T19:07:17Z,numberonecaviar.com,https://numberonecaviar.com/products/diamond-beluga,beluga,new,
DSC-000786,2026-09-07T19:07:17Z,numberonecaviar.com,https://numberonecaviar.com/products/deluxe-caviar-set,caviar,new,
DSC-000787,2026-09-07T19:07:17Z,numberonecaviar.com,https://numberonecaviar.com/products/premium-sturgeon,sturgeon,new,
DSC-000788,2026-09-07T19:07:17Z,numberonecaviar.com,https://numberonecaviar.com/products/premium-osetra-hybrid,osetra,new,
DSC-000789,2026-09-07T19:07:17Z,numberonecaviar.com,https://numberonecaviar.com/products/world-cup-caviar-party-kit,caviar,new,
DSC-000790,2026-09-07T19:07:17Z,numberonecaviar.com,https://numberonecaviar.com/products/caviar-torres-gourmet-potato-chips-150g,caviar,new,
DSC-000791,2026-09-07T19:07:17Z,omcaviar.com,,,no_new_candidates,31 urls scanned
DSC-000792,2026-09-07T19:07:17Z,onecaviar.com,,,no_new_candidates,3 urls scanned
DSC-000793,2026-09-07T19:07:17Z,paramountcaviar.com,https://paramountcaviar.com/products/sevruga,sevruga,new,
DSC-000794,2026-09-07T19:07:17Z,paramountcaviar.com,https://paramountcaviar.com/products/imperial-osetra,osetra,new,
DSC-000795,2026-09-07T19:07:17Z,paramountcaviar.com,https://paramountcaviar.com/products/prestige-hybrid-sturgeon,sturgeon,new,
DSC-000796,2026-09-07T19:07:17Z,paramountcaviar.com,https://paramountcaviar.com/products/classic-osetra,osetra,new,
DSC-000797,2026-09-07T19:07:17Z,paramountcaviar.com,https://paramountcaviar.com/products/white-sturgeon,sturgeon,new,
DSC-000798,2026-09-07T19:07:17Z,paramountcaviar.com,https://paramountcaviar.com/products/trout-roe,roe,new,
DSC-000799,2026-09-07T19:07:17Z,paramountcaviar.com,https://paramountcaviar.com/products/smoked-trout-roe,roe,new,
DSC-000800,2026-09-07T19:07:17Z,paramountcaviar.com,https://paramountcaviar.com/products/hackleback,hackleback,new,
DSC-000801,2026-09-07T19:07:17Z,paramountcaviar.com,https://paramountcaviar.com/products/paddlefish,paddlefish,new,
DSC-000802,2026-09-07T19:07:17Z,paramountcaviar.com,https://paramountcaviar.com/products/paramount-caviar-signature-spoon,caviar,new,
DSC-000803,2026-09-07T19:07:17Z,paramountcaviar.com,https://paramountcaviar.com/products/traditional-caviar-spoon,caviar,new,
DSC-000804,2026-09-07T19:07:17Z,paramountcaviar.com,https://paramountcaviar.com/products/salmon-roe,roe,new,
DSC-000805,2026-09-07T19:07:17Z,paramountcaviar.com,https://paramountcaviar.com/products/spanish-mujjol-imitation-caviar,caviar,new,
DSC-000806,2026-09-07T19:07:17Z,paramountcaviar.com,https://paramountcaviar.com/products/flying-fish-roe,roe,new,
DSC-000807,2026-09-07T19:07:17Z,paramountcaviar.com,https://paramountcaviar.com/products/smoked-sturgeon-loin,sturgeon,new,
DSC-000808,2026-09-07T19:07:17Z,paramountcaviar.com,https://paramountcaviar.com/products/seaweed-caviar,caviar,new,
DSC-000809,2026-09-07T19:07:17Z,paramountcaviar.com,https://paramountcaviar.com/products/history-of-caviar-educational-tasting-kit,caviar,new,
DSC-000810,2026-09-07T19:07:17Z,paramountcaviar.com,https://paramountcaviar.com/products/imported-caviar-educational-tasting-kit,caviar,new,
DSC-000811,2026-09-07T19:07:17Z,paramountcaviar.com,https://paramountcaviar.com/products/domestic-caviar-educational-tasting-kit,caviar,new,
DSC-000812,2026-09-07T19:07:17Z,paramountcaviar.com,https://paramountcaviar.com/products/master-chef-caviar-selection,caviar,new,
DSC-000813,2026-09-07T19:07:17Z,paramountcaviar.com,https://paramountcaviar.com/products/romantic-evening-with-caviar,caviar,new,
DSC-000814,2026-09-07T19:07:17Z,paramountcaviar.com,https://paramountcaviar.com/products/zen-mother-of-pearl-caviar-spoon,caviar,new,
DSC-000815,2026-09-07T19:07:17Z,paramountcaviar.com,https://paramountcaviar.com/products/ercuis-galet-caviar-and-vodka-set,caviar,new,
DSC-000816,2026-09-07T19:07:17Z,paramountcaviar.com,https://paramountcaviar.com/products/ercuis-transat-caviar-bowl,caviar,new,
DSC-000817,2026-09-07T19:07:17Z,paramountcaviar.com,https://paramountcaviar.com/products/versace-lumiere-caviar-bowl-1,caviar,new,
DSC-000818,2026-09-07T19:07:17Z,paramountcaviar.com,https://paramountcaviar.com/products/transat-individual-caviar-cup,caviar,new,
DSC-000819,2026-09-07T19:07:17Z,paramountcaviar.com,https://paramountcaviar.com/products/ercuis-individual-caviar-bowl,caviar,new,
DSC-000820,2026-09-07T19:07:17Z,paramountcaviar.com,https://paramountcaviar.com/products/ercuis-galet-individual-caviar-cup,caviar,new,
DSC-000821,2026-09-07T19:07:17Z,paramountcaviar.com,https://paramountcaviar.com/products/paramount-caviar-gift-card,caviar,new,
DSC-000822,2026-09-07T19:07:17Z,paramountcaviar.com,https://paramountcaviar.com/products/ercuis-saturne-caviar-presenter,caviar,new,
DSC-000823,2026-09-07T19:07:17Z,paramountcaviar.com,https://paramountcaviar.com/products/caviar-service,caviar,new,
DSC-000824,2026-09-07T19:07:17Z,paramountcaviar.com,https://paramountcaviar.com/products/transat-caviar-set,caviar,new,
DSC-000825,2026-09-07T19:07:17Z,paramountcaviar.com,https://paramountcaviar.com/products/the-american-glamor-caviar-set,caviar,new,
DSC-000826,2026-09-07T19:07:17Z,paramountcaviar.com,https://paramountcaviar.com/products/the-presidential-caviar-gift-set,caviar,new,
DSC-000827,2026-09-07T19:07:17Z,paramountcaviar.com,https://paramountcaviar.com/products/the-kick-it-up-a-notch-caviar-set,caviar,new,
DSC-000828,2026-09-07T19:07:17Z,paramountcaviar.com,https://paramountcaviar.com/products/the-bam-caviar-set,caviar,new,
DSC-000829,2026-09-07T19:07:17Z,paramountcaviar.com,https://paramountcaviar.com/products/kosher-salmon-roe,roe,new,
DSC-000830,2026-09-07T19:07:17Z,paramountcaviar.com,https://paramountcaviar.com/products/the-caviar-vault-caviar-tasting-experience-gift-card,caviar,new,
DSC-000831,2026-09-07T19:07:17Z,paramountcaviar.com,https://paramountcaviar.com/products/the-caviar-vault-worldly-wonders-march-13th,caviar,new,
DSC-000832,2026-09-07T19:07:17Z,paramountcaviar.com,https://paramountcaviar.com/products/the-caviar-vault-worldly-wonders-april-10th,caviar,new,
DSC-000833,2026-09-07T19:07:17Z,paramountcaviar.com,https://paramountcaviar.com/products/the-caviar-vault-connoisseurs-collection-march-27th,caviar,new,
DSC-000834,2026-09-07T19:07:17Z,paramountcaviar.com,https://paramountcaviar.com/products/the-caviar-vault-connoisseurs-collection-april-24th,caviar,new,
DSC-000835,2026-09-07T19:07:17Z,paramountcaviar.com,https://paramountcaviar.com/products/baerii-hybrid-caviar,caviar baerii,new,
DSC-000836,2026-09-07T19:07:17Z,paramountcaviar.com,https://paramountcaviar.com/products/thecaviarvaultexperience,caviar,new,
DSC-000837,2026-09-07T19:07:17Z,paramountcaviar.com,https://paramountcaviar.com/products/the-beginnings-of-caviar-gift-set,caviar,new,
DSC-000838,2026-09-07T19:07:17Z,paramountcaviar.com,https://paramountcaviar.com/products/american-heritage-caviar-gift-set,caviar,new,
DSC-000839,2026-09-07T19:07:17Z,paramountcaviar.com,https://paramountcaviar.com/products/the-three-star-caviar-set,caviar,new,
DSC-000840,2026-09-07T19:07:17Z,pearlstreetcaviar.com,,,no_new_candidates,81 urls scanned
DSC-000841,2026-09-07T19:07:17Z,petruscocaviar.com,,,no_new_candidates,78 urls scanned
DSC-000842,2026-09-07T19:07:17Z,regalisfoods.com,,,no_new_candidates,288 urls scanned
DSC-000843,2026-09-07T19:07:17Z,sterlingcaviar.com,,,no_new_candidates,30 urls scanned
DSC-000844,2026-09-07T19:07:17Z,thecaviarclub.com,,,no_new_candidates,25 urls scanned
DSC-000845,2026-09-07T19:07:17Z,thecaviarco.com,,,no_new_candidates,47 urls scanned
DSC-000846,2026-09-07T19:07:17Z,theonlycaviar.com,,,no_new_candidates,14 urls scanned
DSC-000847,2026-09-07T19:07:17Z,tsarcaviar.com,https://tsarcaviar.com/products/silver-bay-chum-salmon-roe-c-1a-500g,roe,new,
DSC-000848,2026-09-07T19:07:17Z,tsarcaviar.com,https://tsarcaviar.com/products/wild-alaska-keta-salmon-ikura-premium-red-caviar-0-5-kg,caviar,new,
DSC-000849,2026-09-07T19:07:17Z,tsarcaviar.com,https://tsarcaviar.com/ru/products/silver-bay-chum-salmon-roe-c-1a-500g,roe,new,
DSC-000850,2026-09-07T19:07:17Z,tsarcaviar.com,https://tsarcaviar.com/ru/products/wild-alaska-keta-salmon-ikura-premium-red-caviar-0-5-kg,caviar,new,
DSC-000851,2026-09-07T19:07:17Z,tsarcaviar.com,https://tsarcaviar.com/fr/products/silver-bay-chum-salmon-roe-c-1a-500g,roe,new,
DSC-000852,2026-09-07T19:07:17Z,tsarcaviar.com,https://tsarcaviar.com/fr/products/wild-alaska-keta-salmon-ikura-premium-red-caviar-0-5-kg,caviar,new,
DSC-000853,2026-09-07T19:07:17Z,tsarcaviar.com,https://tsarcaviar.com/it/products/silver-bay-chum-salmon-roe-c-1a-500g,roe,new,
DSC-000854,2026-09-07T19:07:17Z,tsarcaviar.com,https://tsarcaviar.com/it/products/wild-alaska-keta-salmon-ikura-premium-red-caviar-0-5-kg,caviar,new,
DSC-000855,2026-09-07T19:07:17Z,tsarcaviar.com,https://tsarcaviar.com/es/products/silver-bay-chum-salmon-roe-c-1a-500g,roe,new,
DSC-000856,2026-09-07T19:07:17Z,tsarcaviar.com,https://tsarcaviar.com/es/products/wild-alaska-keta-salmon-ikura-premium-red-caviar-0-5-kg,caviar,new,
DSC-000857,2026-09-07T19:07:17Z,tsarnicoulai.com,https://tsarnicoulai.com/products/caviar-behind-the-source,caviar,new,
DSC-000858,2026-09-07T19:07:17Z,www.caviarrusse.com,,,no_new_candidates,53 urls scanned
DSC-000859,2026-09-07T19:07:17Z,www.caviarstar.com,,,no_new_candidates,183 urls scanned
DSC-000860,2026-09-07T19:07:17Z,www.citarella.com,,,sitemap_missing,sitemap.xml HTTP 404
DSC-000861,2026-09-07T19:07:17Z,www.markys.com,https://d1psviggvie31s.cloudfront.net/media/catalog/product/0/1/0108_paddlefish_1.jpg,paddlefish,new,
DSC-000862,2026-09-07T19:07:17Z,www.markys.com,https://d1psviggvie31s.cloudfront.net/media/catalog/product/0/1/0114_kaluga_hybrid_gold_1.jpg,kaluga,new,
DSC-000863,2026-09-07T19:07:17Z,www.markys.com,https://d1psviggvie31s.cloudfront.net/media/catalog/product/0/1/0115_kaluga_hybrid_1.jpg,kaluga,new,
DSC-000864,2026-09-07T19:07:17Z,www.markys.com,https://d1psviggvie31s.cloudfront.net/media/catalog/product/0/1/0129_ps_osetra_almas_1.jpeg,osetra,new,
DSC-000865,2026-09-07T19:07:17Z,www.markys.com,https://d1psviggvie31s.cloudfront.net/media/catalog/product/0/1/0138_hackleback_1.jpg,hackleback,new,
DSC-000866,2026-09-07T19:07:17Z,www.markys.com,https://d1psviggvie31s.cloudfront.net/media/catalog/product/0/1/0144_osetra_gold_1.jpg,osetra,new,
DSC-000867,2026-09-07T19:07:17Z,www.markys.com,https://d1psviggvie31s.cloudfront.net/media/catalog/product/0/1/0145_beluga_hybrid_1.jpg,beluga,new,
DSC-000868,2026-09-07T19:07:17Z,www.markys.com,https://d1psviggvie31s.cloudfront.net/media/catalog/product/0/1/0146_beluga_hybrid_imperial_1.jpg,beluga,new,
DSC-000869,2026-09-07T19:07:17Z,www.markys.com,https://d1psviggvie31s.cloudfront.net/media/catalog/product/m/a/marky_s_-_kaluga_hybrid_caviar_gift_pack_-_015001_blister_pack_-_1_front_on_gray_compressed__1.jpg,caviar kaluga,new,
DSC-000870,2026-09-07T19:07:17Z,www.markys.com,https://d1psviggvie31s.cloudfront.net/media/catalog/product/m/a/marky_s_-_osetra_caviar_gift_pack_-_015002_blister_pack_-_1_front_on_gray_compressed__1.jpg,caviar osetra,new,
DSC-000871,2026-09-07T19:07:17Z,www.markys.com,https://d1psviggvie31s.cloudfront.net/media/catalog/product/m/a/marky_s_-_siberian_sturgeon_roe_gift_pack_-_015003_blister_pack_-_1_front_on_gray_compressed__1.jpg,sturgeon roe,new,
DSC-000872,2026-09-07T19:07:17Z,www.markys.com,https://d1psviggvie31s.cloudfront.net/media/catalog/product/m/a/marky_s_-_hackleback_caviar_gift_pack_-_015004_blister_pack_-_1_front_on_gray_compressed__1.jpg,caviar hackleback,new,
DSC-000873,2026-09-07T19:07:17Z,www.markys.com,https://d1psviggvie31s.cloudfront.net/media/catalog/product/m/a/marky_s_-_paddlefish_roe_gift_pack_-_015005_blister_pack_-_1_front_on_gray_compressed__1.jpg,roe paddlefish,new,
DSC-000874,2026-09-07T19:07:17Z,www.markys.com,https://d1psviggvie31s.cloudfront.net/media/catalog/product/m/a/marky_s_-_keta_salmon_roe_gift_pack_-_015006_blister_pack_-_1_front_on_gray_re-compressed_.jpg,roe,new,
DSC-000875,2026-09-07T19:07:17Z,www.markys.com,https://d1psviggvie31s.cloudfront.net/media/catalog/product/m/a/marky_s_-_seaweed_vegetarian_caviar_-_015408_4_oz_113_g_jar_-_front_cropped_.jpg,caviar,new,
DSC-000876,2026-09-07T19:07:17Z,www.markys.com,https://d1psviggvie31s.cloudfront.net/media/catalog/product/0/1/0155_pike_roe_1.jpg,roe,new,
DSC-000877,2026-09-07T19:07:17Z,www.markys.com,https://d1psviggvie31s.cloudfront.net/media/catalog/product/0/1/0163_ps_sevruga_1.jpeg,sevruga,new,
DSC-000878,2026-09-07T19:07:17Z,www.markys.com,https://d1psviggvie31s.cloudfront.net/media/catalog/product/0/1/0163_ps_kaluga_hybrid_amber_1.jpeg,kaluga,new,
DSC-000879,2026-09-07T19:07:17Z,www.markys.com,https://d1psviggvie31s.cloudfront.net/media/catalog/product/0/1/0163_ps_kaluga_hybrid_gold_1.jpg,kaluga,new,
DSC-000880,2026-09-07T19:07:17Z,www.markys.com,https://d1psviggvie31s.cloudfront.net/media/catalog/product/0/1/0163_ps_siberian_sturgeon_1.jpg,sturgeon,new,
DSC-000881,2026-09-07T19:07:17Z,www.markys.com,https://d1psviggvie31s.cloudfront.net/media/catalog/product/0/1/0163_ps_white_sturgeon_1.jpg,sturgeon,new,
DSC-000882,2026-09-07T19:07:17Z,www.markys.com,https://d1psviggvie31s.cloudfront.net/media/catalog/product/0/1/0163_ps_osetra_amber_1.jpeg,osetra,new,
DSC-000883,2026-09-07T19:07:17Z,www.markys.com,https://d1psviggvie31s.cloudfront.net/media/catalog/product/0/1/0163_ps_osetra_gold_1.jpeg,osetra,new,
DSC-000884,2026-09-07T19:07:17Z,www.markys.com,https://d1psviggvie31s.cloudfront.net/media/catalog/product/0/1/0175_white_sturgeon_imperial_1.jpg,sturgeon,new,
DSC-000885,2026-09-07T19:07:17Z,www.markys.com,https://d1psviggvie31s.cloudfront.net/media/catalog/product/0/1/0178_white_sturgeon_royal_1.jpeg,sturgeon,new,
DSC-000886,2026-09-07T19:07:17Z,www.markys.com,https://d1psviggvie31s.cloudfront.net/media/catalog/product/0/1/0180_siberian_sturgeon_imperial_1.jpeg,sturgeon,new,
DSC-000887,2026-09-07T19:07:17Z,www.markys.com,https://d1psviggvie31s.cloudfront.net/media/catalog/product/0/1/0187_ps_beluga_hybrid_divenezia_1.jpeg,beluga,new,
DSC-000888,2026-09-07T19:07:17Z,www.markys.com,https://d1psviggvie31s.cloudfront.net/media/catalog/product/0/1/0194_ss_osetra_1.jpg,osetra,new,
DSC-000889,2026-09-07T19:07:17Z,www.markys.com,https://d1psviggvie31s.cloudfront.net/media/catalog/product/0/1/0197_siberian_sturgeon_supreme_1.jpeg,sturgeon,new,
DSC-000890,2026-09-07T19:07:17Z,www.markys.com,https://d1psviggvie31s.cloudfront.net/media/catalog/product/r/u/rubber_bands_for_caviar_tins.jpg,caviar,new,
DSC-000891,2026-09-07T19:07:17Z,www.markys.com,https://d1psviggvie31s.cloudfront.net/media/catalog/product/m/a/marky_s_-_caviar_butter_-_129036_3.5_oz_100_g_tin_-_1_open_tin_with_lid_on_white.jpg,caviar,new,
DSC-000892,2026-09-07T19:07:17Z,www.markys.com,https://d1psviggvie31s.cloudfront.net/media/catalog/product/m/o/mother_of_pearl_caviar_plate_oval_-_330163.jpg,caviar,new,
DSC-000893,2026-09-07T19:07:17Z,www.markys.com,https://d1psviggvie31s.cloudfront.net/media/catalog/product/m/o/mother_of_pearl_caviar_spoon_small_-_330170.jpg,caviar,new,
DSC-000894,2026-09-07T19:07:17Z,www.markys.com,https://d1psviggvie31s.cloudfront.net/media/catalog/product/0/1/0101_beluga_00_1_1.jpg,beluga,new,
DSC-000895,2026-09-07T19:07:17Z,www.markys.com,https://d1psviggvie31s.cloudfront.net/media/catalog/product/0/1/0102_sevruga_1_1.jpg,sevruga,new,
DSC-000896,2026-09-07T19:07:17Z,www.markys.com,https://d1psviggvie31s.cloudfront.net/media/catalog/product/0/1/0103_osetra_amber_1.jpg,osetra,new,
DSC-000897,2026-09-07T19:07:17Z,www.markys.com,https://d1psviggvie31s.cloudfront.net/media/catalog/product/0/1/0105_kaluga_hybrid_amber_1.jpg,kaluga,new,
DSC-000898,2026-09-07T19:07:17Z,www.markys.com,https://d1psviggvie31s.cloudfront.net/media/catalog/product/0/1/0159_saint_urgeon_kaluga_hybrid_1.jpeg,kaluga,new,
DSC-000899,2026-09-07T19:07:17Z,www.markys.com,https://d1psviggvie31s.cloudfront.net/media/catalog/product/0/1/0159_saint_urgeon_osetra_1.jpeg,osetra,new,
DSC-000900,2026-09-07T19:07:17Z,www.markys.com,https://d1psviggvie31s.cloudfront.net/media/catalog/product/a/u/aureta-v5-osetra-1.jpg,osetra,new,
DSC-000901,2026-09-07T19:07:17Z,www.markys.com,https://d1psviggvie31s.cloudfront.net/media/catalog/product/a/u/aureta-v5-kaluga-1.jpg,kaluga,new,
DSC-000902,2026-09-07T19:07:17Z,www.markys.com,https://d1psviggvie31s.cloudfront.net/media/catalog/product/0/1/0104_beluga_000_1_1.jpg,beluga,new,
DSC-000903,2026-09-07T19:07:17Z,www.markys.com,https://d1psviggvie31s.cloudfront.net/media/catalog/product/3/3/330194_-_gold_tin_opener_with_sturgeon_-_edited.jpg,sturgeon,new,
DSC-000904,2026-09-07T19:07:17Z,www.markys.com,https://d1psviggvie31s.cloudfront.net/media/catalog/product/m/a/marky_s_-_gold-plated_caviar_tin_opener_-_330195_-_1.jpg,caviar,new,
DSC-000905,2026-09-07T19:07:17Z,www.markys.com,https://d1psviggvie31s.cloudfront.net/media/catalog/product/0/1/0105_kaluga_hybrid_amber_pasteurized_1.jpg,kaluga,new,
DSC-000906,2026-09-07T19:07:17Z,www.markys.com,https://d1psviggvie31s.cloudfront.net/media/catalog/product/0/1/0103_osetra_amber_pasteurized_1_2.jpg,osetra,new,
DSC-000907,2026-09-07T19:07:17Z,www.markys.com,https://d1psviggvie31s.cloudfront.net/media/catalog/product/0/1/0186_osetra_1.jpeg,osetra,new,
DSC-000908,2026-09-07T19:07:17Z,www.markys.com,https://d1psviggvie31s.cloudfront.net/media/catalog/product/0/1/0108_paddlefish_pasteurized_1.jpg,paddlefish,new,
DSC-000909,2026-09-07T19:07:17Z,www.markys.com,https://d1psviggvie31s.cloudfront.net/media/catalog/product/0/1/0172_siberian_sturgeon_1.jpg,sturgeon,new,
DSC-000910,2026-09-07T19:07:17Z,www.markys.com,https://d1psviggvie31s.cloudfront.net/media/catalog/product/0/1/0173_white_sturgeon_supreme_1.jpg,sturgeon,new,
DSC-000911,2026-09-07T19:07:17Z,www.markys.com,https://d1psviggvie31s.cloudfront.net/media/catalog/product/m/a/marky_s_mother_of_pearl_caviar_plate_-_330157_-_1_front_on_gray.jpg,caviar,new,
DSC-000912,2026-09-07T19:07:17Z,www.markys.com,https://d1psviggvie31s.cloudfront.net/media/catalog/product/9/9/990570_smoked_salmon_caviar_tasting_set_2_.jpg,caviar,new,
DSC-000913,2026-09-07T19:07:17Z,www.markys.com,https://d1psviggvie31s.cloudfront.net/media/catalog/product/9/9/990571_smoked_salmon_caviar_indulgence_set_2_.jpg,caviar,new,
DSC-000914,2026-09-07T19:07:17Z,www.markys.com,https://d1psviggvie31s.cloudfront.net/media/catalog/product/9/9/990572_smoked_salmon_caviar_entertaining_set_2_.jpg,caviar,new,
DSC-000915,2026-09-07T19:07:17Z,www.markys.com,https://d1psviggvie31s.cloudfront.net/media/catalog/product/9/9/990573_smoked_salmon_caviar_feasting_set_2_.jpg,caviar,new,
DSC-000916,2026-09-07T19:07:17Z,www.petrossian.com,,,no_new_candidates,164 urls scanned
