observation_id,observed_at,vendor_name,listing_url,product_name_as_listed,brand_as_listed,species_as_listed,grade_as_listed,origin_as_listed,net_weight_g,list_price_usd,sale_price_usd,price_per_gram_usd,discount_pct_claimed,in_stock,shipping_stated_usd,description_hash,snapshot_path,scrape_status,notes
OBS-000001,2026-08-30T09:02:54Z,Example Vendor,https://example.com/products/osetra-30g,,Example Brand,Ossetra,Reserve,Italy,30,,,,,,,,,http_404,non-200 response
OBS-000002,2026-08-30T09:13:44Z,Hey Caviar,https://heycaviar.com/product/our-signature-caviar/,,Hey Caviar,kaluga,grade A,,113,,,,,,,,,robots_disallowed,robots.txt disallows this path for our user agent
OBS-000003,2026-08-30T09:15:40Z,Hey Caviar,https://heycaviar.com/product/our-signature-caviar/,Our Signature Caviar,Hey Caviar,kaluga,grade A,,113,,199.99,1.7698,,,,d789a359e9eb46b2,snapshots/2026-08-30/heycaviar-our-signature-caviar-4oz-113g.html,ok,extracted_via=selectors
OBS-000004,2026-08-30T09:22:05Z,Hey Caviar,https://heycaviar.com/product/our-signature-caviar/,Our Signature Caviar,Hey Caviar,kaluga,grade A,,113,,199.99,1.7698,,,,d789a359e9eb46b2,snapshots/2026-08-30/heycaviar-our-signature-caviar-4oz-113g.html,ok,extracted_via=selectors
OBS-000005,2026-08-30T09:22:05Z,Petrossian,https://www.petrossian.com/products/kaluga-huso-hybrid-caviar,Royal Kaluga Huso Hybrid Caviar,Petrossian,Huso Dauricus & Acipenser Shrenckii,,China,30,,219.00,7.3000,,TRUE,,617d3d09429ba85d,snapshots/2026-08-30/petrossian-royal-kaluga-huso-hybrid-30g.html,ok,extracted_via=jsonld
OBS-000006,2026-08-30T09:22:05Z,Pearl Street Caviar,https://pearlstreetcaviar.com/products/keluga,Keluga,Pearl Street Caviar,Keluga,,,12,,52.00,4.3333,,TRUE,,76296d1f4cda0e48,snapshots/2026-08-30/pearlstreet-keluga-slim-12g.html,ok,extracted_via=jsonld
OBS-000007,2026-08-30T09:22:05Z,The Caviar Co.,https://thecaviarco.com/products/imperial-golden-osetra-caviar,1 KILO (1000 g)* Imperial Golden Osetra Caviar,The Caviar Co.,Farmed Acipenser Gueldenstaedtii,,China,1000,,6808.00,6.8080,,,,37f54f1dd161005e,snapshots/2026-08-30/caviarco-imperial-golden-osetra-1kg.html,ok,extracted_via=jsonld
OBS-000008,2026-08-30T09:22:05Z,Imperia Caviar,https://imperiacaviar.com/products/kaluga,Kaluga Hybrid Reserve Caviar,Imperia Caviar,Kaluga Hybrid,Reserve,,130,,255.00,1.9615,,,,f53245633ee770e8,snapshots/2026-08-30/imperia-kaluga-hybrid-reserve-100g-promo.html,ok,extracted_via=selectors
OBS-000009,2026-08-30T09:22:05Z,Tsar Nicoulai,https://tsarnicoulai.com/products/classic-caviar,Classic Caviar,Tsar Nicoulai,Farmed Acipenser transmontanus,,"Wilton, CA",28,,80.00,2.8571,,,,88973b6ba0eaad2b,snapshots/2026-08-30/tsarnicoulai-classic-caviar-1oz.html,ok,extracted_via=selectors
OBS-000010,2026-08-30T09:22:05Z,Loft Caviar,https://loftcaviar.com/products/ossetra-reserve,Ossetra Reserve Caviar,Loft Caviar,Acipenser Guldenstadtii,,Caspian Sea,50,138.00,55.00,1.1000,60.1,,,3416d03713c7654b,snapshots/2026-08-30/loftcaviar-ossetra-reserve-50g.html,ok,extracted_via=selectors
OBS-000011,2026-08-30T09:35:33Z,Hey Caviar,https://heycaviar.com/product/our-signature-caviar/,Our Signature Caviar,Hey Caviar,kaluga,grade A,,113,,199.99,1.7698,,,,d789a359e9eb46b2,snapshots/2026-08-30/heycaviar-our-signature-caviar-4oz-113g.html,ok,extracted_via=selectors
OBS-000012,2026-08-30T09:35:33Z,Petrossian,https://www.petrossian.com/products/kaluga-huso-hybrid-caviar,Royal Kaluga Huso Hybrid Caviar,Petrossian,Huso Dauricus & Acipenser Shrenckii,,China,30,,219.00,7.3000,,TRUE,,617d3d09429ba85d,snapshots/2026-08-30/petrossian-royal-kaluga-huso-hybrid-30g.html,ok,extracted_via=jsonld
OBS-000013,2026-08-30T09:35:33Z,Pearl Street Caviar,https://pearlstreetcaviar.com/products/keluga,Keluga,Pearl Street Caviar,Keluga,,,12,,52.00,4.3333,,TRUE,,76296d1f4cda0e48,snapshots/2026-08-30/pearlstreet-keluga-slim-12g.html,ok,extracted_via=jsonld
OBS-000014,2026-08-30T09:35:33Z,The Caviar Co.,https://thecaviarco.com/products/imperial-golden-osetra-caviar,1 KILO (1000 g)* Imperial Golden Osetra Caviar,The Caviar Co.,Farmed Acipenser Gueldenstaedtii,,China,1000,,6808.00,6.8080,,,,37f54f1dd161005e,snapshots/2026-08-30/caviarco-imperial-golden-osetra-1kg.html,ok,extracted_via=jsonld
OBS-000015,2026-08-30T09:35:33Z,Imperia Caviar,https://imperiacaviar.com/products/kaluga,Kaluga Hybrid Reserve Caviar,Imperia Caviar,Kaluga Hybrid,Reserve,,130,,255.00,1.9615,,,,f53245633ee770e8,snapshots/2026-08-30/imperia-kaluga-hybrid-reserve-100g-promo.html,ok,extracted_via=selectors
OBS-000016,2026-08-30T09:35:33Z,Tsar Nicoulai,https://tsarnicoulai.com/products/classic-caviar,Classic Caviar,Tsar Nicoulai,Farmed Acipenser transmontanus,,"Wilton, CA",28,,80.00,2.8571,,,,88973b6ba0eaad2b,snapshots/2026-08-30/tsarnicoulai-classic-caviar-1oz.html,ok,extracted_via=selectors
OBS-000017,2026-08-30T09:35:33Z,The Caviar Club,https://thecaviarclub.com/products/a-carefully-curated-selection-of-our-best-caviars,Caviar Sampler,The Caviar Club,Royal Ossetra + Kaluga Hybrid Reserve,,,200,,200.00,1.0000,,,,5191518d8fd5e295,snapshots/2026-08-30/caviarclub-caviar-sampler-200g.html,ok,extracted_via=selectors
OBS-000018,2026-08-30T09:35:33Z,Loft Caviar,https://loftcaviar.com/products/ossetra-reserve,Ossetra Reserve Caviar,Loft Caviar,Acipenser Guldenstadtii,,Caspian Sea,50,138.00,55.00,1.1000,60.1,,,3416d03713c7654b,snapshots/2026-08-30/loftcaviar-ossetra-reserve-50g.html,ok,extracted_via=selectors
OBS-000019,2026-08-30T09:44:36Z,Hey Caviar,https://heycaviar.com/product/our-signature-caviar/,Our Signature Caviar,Hey Caviar,kaluga,grade A,,113,,199.99,1.7698,,,,d789a359e9eb46b2,snapshots/2026-08-30/heycaviar-our-signature-caviar-4oz-113g_094436Z.html,ok,extracted_via=selectors
OBS-000020,2026-08-30T09:44:36Z,Petrossian,https://www.petrossian.com/products/kaluga-huso-hybrid-caviar,Royal Kaluga Huso Hybrid Caviar,Petrossian,Huso Dauricus & Acipenser Shrenckii,,China,30,,219.00,7.3000,,TRUE,,617d3d09429ba85d,snapshots/2026-08-30/petrossian-royal-kaluga-huso-hybrid-30g_094436Z.html,ok,extracted_via=jsonld
OBS-000021,2026-08-30T09:44:36Z,Pearl Street Caviar,https://pearlstreetcaviar.com/products/keluga,Keluga,Pearl Street Caviar,Keluga,,,12,,52.00,4.3333,,TRUE,,76296d1f4cda0e48,snapshots/2026-08-30/pearlstreet-keluga-slim-12g_094436Z.html,ok,extracted_via=jsonld
OBS-000022,2026-08-30T09:44:36Z,The Caviar Co.,https://thecaviarco.com/products/imperial-golden-osetra-caviar,1 KILO (1000 g)* Imperial Golden Osetra Caviar,The Caviar Co.,Farmed Acipenser Gueldenstaedtii,,China,1000,,6808.00,6.8080,,,,37f54f1dd161005e,snapshots/2026-08-30/caviarco-imperial-golden-osetra-1kg_094436Z.html,ok,extracted_via=jsonld
OBS-000023,2026-08-30T09:44:36Z,Imperia Caviar,https://imperiacaviar.com/products/kaluga,Kaluga Hybrid Reserve Caviar,Imperia Caviar,Kaluga Hybrid,Reserve,,130,,255.00,1.9615,,,,f53245633ee770e8,snapshots/2026-08-30/imperia-kaluga-hybrid-reserve-100g-promo_094436Z.html,ok,extracted_via=selectors
OBS-000024,2026-08-30T09:44:36Z,Tsar Nicoulai,https://tsarnicoulai.com/products/classic-caviar,Classic Caviar,Tsar Nicoulai,Farmed Acipenser transmontanus,,"Wilton, CA",28,,80.00,2.8571,,,,88973b6ba0eaad2b,snapshots/2026-08-30/tsarnicoulai-classic-caviar-1oz_094436Z.html,ok,extracted_via=selectors
OBS-000025,2026-08-30T09:44:36Z,OM Caviar,https://omcaviar.com/products/kaluga-hybrid,Kaluga Hybrid Caviar,OM Caviar,Kaluga Hybrid,,,50,,105.00,2.1000,,TRUE,,354617cc15ca1b2d,snapshots/2026-08-30/omcaviar-kaluga-hybrid-50g.html,ok,extracted_via=jsonld
OBS-000026,2026-08-30T09:44:36Z,Cavi Caviar,https://eatcavi.com/products/amur-sturgeon-caviar,Amur Sturgeon Caviar,CAVI,Amur Sturgeon,,,30,,105.00,3.5000,,,,7bfbda372783cdaa,snapshots/2026-08-30/eatcavi-amur-sturgeon-30g.html,ok,extracted_via=selectors
OBS-000027,2026-08-30T09:44:36Z,Calvisius Caviar USA,https://calvisiususa.com/products/calvisius-tradition-prestige,Calvisius Tradition Prestige,Calvisius Caviar,"Pacific White sturgeon, Acipenser transmontanus",,,28,,85.00,3.0357,,,,,snapshots/2026-08-30/calvisiususa-tradition-prestige-28g.html,ok,extracted_via=selectors
OBS-000028,2026-08-30T09:44:36Z,The Caviar Club,https://thecaviarclub.com/products/a-carefully-curated-selection-of-our-best-caviars,Caviar Sampler,The Caviar Club,Royal Ossetra + Kaluga Hybrid Reserve,,,200,,200.00,1.0000,,,,5191518d8fd5e295,snapshots/2026-08-30/caviarclub-caviar-sampler-200g_094436Z.html,ok,extracted_via=selectors
OBS-000029,2026-08-30T09:44:36Z,Loft Caviar,https://loftcaviar.com/products/ossetra-reserve,Ossetra Reserve Caviar,Loft Caviar,Acipenser Guldenstadtii,,Caspian Sea,50,138.00,55.00,1.1000,60.1,,,3416d03713c7654b,snapshots/2026-08-30/loftcaviar-ossetra-reserve-50g_094436Z.html,ok,extracted_via=selectors
OBS-000030,2026-08-30T10:06:06Z,Hey Caviar,https://heycaviar.com/product/our-signature-caviar/,Our Signature Caviar,Hey Caviar,kaluga,grade A,,113,,199.99,1.7698,,,,d789a359e9eb46b2,snapshots/2026-08-30/heycaviar-our-signature-caviar-4oz-113g_100606Z.html,ok,extracted_via=selectors
OBS-000031,2026-08-30T10:06:06Z,Petrossian,https://www.petrossian.com/products/kaluga-huso-hybrid-caviar,Royal Kaluga Huso Hybrid Caviar,Petrossian,Huso Dauricus & Acipenser Shrenckii,,China,30,,219.00,7.3000,,TRUE,,617d3d09429ba85d,snapshots/2026-08-30/petrossian-royal-kaluga-huso-hybrid-30g_100606Z.html,ok,extracted_via=jsonld
OBS-000032,2026-08-30T10:06:06Z,Pearl Street Caviar,https://pearlstreetcaviar.com/products/keluga,Keluga,Pearl Street Caviar,Keluga,,,12,,52.00,4.3333,,TRUE,,76296d1f4cda0e48,snapshots/2026-08-30/pearlstreet-keluga-slim-12g_100606Z.html,ok,extracted_via=jsonld
OBS-000033,2026-08-30T10:06:06Z,The Caviar Co.,https://thecaviarco.com/products/imperial-golden-osetra-caviar,1 KILO (1000 g)* Imperial Golden Osetra Caviar,The Caviar Co.,Farmed Acipenser Gueldenstaedtii,,China,1000,,6808.00,6.8080,,,,37f54f1dd161005e,snapshots/2026-08-30/caviarco-imperial-golden-osetra-1kg_100606Z.html,ok,extracted_via=jsonld
OBS-000034,2026-08-30T10:06:06Z,Imperia Caviar,https://imperiacaviar.com/products/kaluga,Kaluga Hybrid Reserve Caviar,Imperia Caviar,Kaluga Hybrid,Reserve,,130,,255.00,1.9615,,,,f53245633ee770e8,snapshots/2026-08-30/imperia-kaluga-hybrid-reserve-100g-promo_100606Z.html,ok,extracted_via=selectors
OBS-000035,2026-08-30T10:06:06Z,Tsar Nicoulai,https://tsarnicoulai.com/products/classic-caviar,Classic Caviar,Tsar Nicoulai,Farmed Acipenser transmontanus,,"Wilton, CA",28,,80.00,2.8571,,,,88973b6ba0eaad2b,snapshots/2026-08-30/tsarnicoulai-classic-caviar-1oz_100606Z.html,ok,extracted_via=selectors
OBS-000036,2026-08-30T10:06:06Z,OM Caviar,https://omcaviar.com/products/kaluga-hybrid,Kaluga Hybrid Caviar,OM Caviar,Kaluga Hybrid,,,50,,105.00,2.1000,,TRUE,,354617cc15ca1b2d,snapshots/2026-08-30/omcaviar-kaluga-hybrid-50g_100606Z.html,ok,extracted_via=jsonld
OBS-000037,2026-08-30T10:06:06Z,Cavi Caviar,https://eatcavi.com/products/amur-sturgeon-caviar,Amur Sturgeon Caviar,CAVI,Amur Sturgeon,,,30,,105.00,3.5000,,,,7bfbda372783cdaa,snapshots/2026-08-30/eatcavi-amur-sturgeon-30g_100606Z.html,ok,extracted_via=selectors
OBS-000038,2026-08-30T10:06:06Z,Calvisius Caviar USA,https://calvisiususa.com/products/calvisius-tradition-prestige,Calvisius Tradition Prestige,Calvisius Caviar,"Pacific White sturgeon, Acipenser transmontanus",,,28,,85.00,3.0357,,,,,snapshots/2026-08-30/calvisiususa-tradition-prestige-28g_100606Z.html,ok,extracted_via=selectors
OBS-000039,2026-08-30T10:06:06Z,The Caviar Club,https://thecaviarclub.com/products/a-carefully-curated-selection-of-our-best-caviars,Caviar Sampler,The Caviar Club,Royal Ossetra + Kaluga Hybrid Reserve,,,200,,200.00,1.0000,,,,5191518d8fd5e295,snapshots/2026-08-30/caviarclub-caviar-sampler-200g_100606Z.html,ok,extracted_via=selectors
OBS-000040,2026-08-30T10:06:06Z,Loft Caviar,https://loftcaviar.com/products/ossetra-reserve,Ossetra Reserve Caviar,Loft Caviar,Acipenser Guldenstadtii,,Caspian Sea,50,138.00,55.00,1.1000,60.1,,,3416d03713c7654b,snapshots/2026-08-30/loftcaviar-ossetra-reserve-50g_100606Z.html,ok,extracted_via=selectors
OBS-000041,2026-08-30T10:06:06Z,Petrusco,https://petruscocaviar.com/products/petrusco-caviar-royal-ossetra,Royal Ossetra Caviar,Petrusco,Royal Ossetra,,,30,,91.00,3.0333,,TRUE,,d7cd94e95356f7f1,snapshots/2026-08-30/petrusco-royal-ossetra-30g.html,ok,extracted_via=jsonld
OBS-000042,2026-08-30T10:06:06Z,Caviére,https://caviereco.com/products/reserve-kaluga,Reserve Kaluga Caviar,Caviére,Huso dauricus x Acipenser schrenckii,,,30,,105.00,3.5000,,,,908217d687e3957e,snapshots/2026-08-30/caviere-reserve-kaluga-30g.html,ok,extracted_via=selectors
OBS-000043,2026-08-30T10:06:06Z,Caviar Russe,https://www.caviarrusse.com/products/select-osetra-caviar,Select Osetra,Caviar Russe,Acipenser Gueldenstaedtii,,,50,,250.00,5.0000,,,,6df14a25b14691b2,snapshots/2026-08-30/caviarrusse-select-osetra-50g.html,ok,extracted_via=selectors
OBS-000044,2026-08-30T10:06:06Z,Astrea Caviar,https://astreacaviar.com/products/astrea-kaluga-hybrid-caviar,Premier Selection Kaluga Hybrid,Astrea Caviar,Huso dauricus and Acipenser schrenckii,,,30,,160.00,5.3333,,,,6df14a25b14691b2,snapshots/2026-08-30/astrea-kaluga-hybrid-30g.html,ok,extracted_via=selectors
OBS-000045,2026-08-30T10:06:06Z,Caviar Star,https://www.caviarstar.com/products/kaluga-hybrid-caviar-limited-edition,"VIP Imperial Kaluga Hybrid Caviar ""OT"" Tins",Caviar Star,Kaluga Hybrid,,,50,,175.00,3.5000,,TRUE,,1f2860a25e95330d,snapshots/2026-08-30/caviarstar-vip-imperial-kaluga-50g.html,ok,extracted_via=jsonld
OBS-000046,2026-08-30T10:12:54Z,Hey Caviar,https://heycaviar.com/product/our-signature-caviar/,Our Signature Caviar,Hey Caviar,kaluga,grade A,,113,,199.99,1.7698,,,,d789a359e9eb46b2,snapshots/2026-08-30/heycaviar-our-signature-caviar-4oz-113g_101254Z.html,ok,extracted_via=selectors
OBS-000047,2026-08-30T10:12:54Z,Petrossian,https://www.petrossian.com/products/kaluga-huso-hybrid-caviar,Royal Kaluga Huso Hybrid Caviar,Petrossian,Huso Dauricus & Acipenser Shrenckii,,China,30,,219.00,7.3000,,TRUE,,617d3d09429ba85d,snapshots/2026-08-30/petrossian-royal-kaluga-huso-hybrid-30g_101254Z.html,ok,extracted_via=jsonld
OBS-000048,2026-08-30T10:12:54Z,Pearl Street Caviar,https://pearlstreetcaviar.com/products/keluga,Keluga,Pearl Street Caviar,Keluga,,,12,,52.00,4.3333,,TRUE,,76296d1f4cda0e48,snapshots/2026-08-30/pearlstreet-keluga-slim-12g_101254Z.html,ok,extracted_via=jsonld
OBS-000049,2026-08-30T10:12:54Z,The Caviar Co.,https://thecaviarco.com/products/imperial-golden-osetra-caviar,1 KILO (1000 g)* Imperial Golden Osetra Caviar,The Caviar Co.,Farmed Acipenser Gueldenstaedtii,,China,1000,,6808.00,6.8080,,,,37f54f1dd161005e,snapshots/2026-08-30/caviarco-imperial-golden-osetra-1kg_101254Z.html,ok,extracted_via=jsonld
OBS-000050,2026-08-30T10:12:54Z,Imperia Caviar,https://imperiacaviar.com/products/kaluga,Kaluga Hybrid Reserve Caviar,Imperia Caviar,Kaluga Hybrid,Reserve,,130,,255.00,1.9615,,,,f53245633ee770e8,snapshots/2026-08-30/imperia-kaluga-hybrid-reserve-100g-promo_101254Z.html,ok,extracted_via=selectors
OBS-000051,2026-08-30T10:12:54Z,Tsar Nicoulai,https://tsarnicoulai.com/products/classic-caviar,Classic Caviar,Tsar Nicoulai,Farmed Acipenser transmontanus,,"Wilton, CA",28,,80.00,2.8571,,,,88973b6ba0eaad2b,snapshots/2026-08-30/tsarnicoulai-classic-caviar-1oz_101254Z.html,ok,extracted_via=selectors
OBS-000052,2026-08-30T10:12:54Z,OM Caviar,https://omcaviar.com/products/kaluga-hybrid,Kaluga Hybrid Caviar,OM Caviar,Kaluga Hybrid,,,50,,105.00,2.1000,,TRUE,,354617cc15ca1b2d,snapshots/2026-08-30/omcaviar-kaluga-hybrid-50g_101254Z.html,ok,extracted_via=jsonld
OBS-000053,2026-08-30T10:12:54Z,Cavi Caviar,https://eatcavi.com/products/amur-sturgeon-caviar,Amur Sturgeon Caviar,CAVI,Amur Sturgeon,,,30,,105.00,3.5000,,,,7bfbda372783cdaa,snapshots/2026-08-30/eatcavi-amur-sturgeon-30g_101254Z.html,ok,extracted_via=selectors
OBS-000054,2026-08-30T10:12:54Z,Calvisius Caviar USA,https://calvisiususa.com/products/calvisius-tradition-prestige,Calvisius Tradition Prestige,Calvisius Caviar,"Pacific White sturgeon, Acipenser transmontanus",,,28,,85.00,3.0357,,,,,snapshots/2026-08-30/calvisiususa-tradition-prestige-28g_101254Z.html,ok,extracted_via=selectors
OBS-000055,2026-08-30T10:12:54Z,The Caviar Club,https://thecaviarclub.com/products/a-carefully-curated-selection-of-our-best-caviars,Caviar Sampler,The Caviar Club,Royal Ossetra + Kaluga Hybrid Reserve,,,200,,200.00,1.0000,,,,5191518d8fd5e295,snapshots/2026-08-30/caviarclub-caviar-sampler-200g_101254Z.html,ok,extracted_via=selectors
OBS-000056,2026-08-30T10:12:54Z,Loft Caviar,https://loftcaviar.com/products/ossetra-reserve,Ossetra Reserve Caviar,Loft Caviar,Acipenser Guldenstadtii,,Caspian Sea,50,138.00,55.00,1.1000,60.1,,,3416d03713c7654b,snapshots/2026-08-30/loftcaviar-ossetra-reserve-50g_101254Z.html,ok,extracted_via=selectors
OBS-000057,2026-08-30T10:12:54Z,Petrusco,https://petruscocaviar.com/products/petrusco-caviar-royal-ossetra,Royal Ossetra Caviar,Petrusco,Royal Ossetra,,,30,,91.00,3.0333,,TRUE,,d7cd94e95356f7f1,snapshots/2026-08-30/petrusco-royal-ossetra-30g_101254Z.html,ok,extracted_via=jsonld
OBS-000058,2026-08-30T10:12:54Z,Caviére,https://caviereco.com/products/reserve-kaluga,Reserve Kaluga Caviar,Caviére,Huso dauricus x Acipenser schrenckii,,,30,,105.00,3.5000,,,,908217d687e3957e,snapshots/2026-08-30/caviere-reserve-kaluga-30g_101254Z.html,ok,extracted_via=selectors
OBS-000059,2026-08-30T10:12:54Z,Caviar Russe,https://www.caviarrusse.com/products/select-osetra-caviar,Select Osetra,Caviar Russe,Acipenser Gueldenstaedtii,,,50,,250.00,5.0000,,,,6df14a25b14691b2,snapshots/2026-08-30/caviarrusse-select-osetra-50g_101254Z.html,ok,extracted_via=selectors
OBS-000060,2026-08-30T10:12:54Z,Astrea Caviar,https://astreacaviar.com/products/astrea-kaluga-hybrid-caviar,Premier Selection Kaluga Hybrid,Astrea Caviar,Huso dauricus and Acipenser schrenckii,,,30,,160.00,5.3333,,,,6df14a25b14691b2,snapshots/2026-08-30/astrea-kaluga-hybrid-30g_101254Z.html,ok,extracted_via=selectors
OBS-000061,2026-08-30T10:12:54Z,Caviar Star,https://www.caviarstar.com/products/kaluga-hybrid-caviar-limited-edition,"VIP Imperial Kaluga Hybrid Caviar ""OT"" Tins",Caviar Star,Kaluga Hybrid,,,50,,175.00,3.5000,,TRUE,,1f2860a25e95330d,snapshots/2026-08-30/caviarstar-vip-imperial-kaluga-50g_101254Z.html,ok,extracted_via=jsonld
OBS-000062,2026-08-30T10:12:54Z,Browne Trading Company,https://brownetrading.com/collections/buy-caviar-online/products/american-hackleback-caviar,American Hackleback Caviar,Browne Trading Company,American Hackleback,,,28,,78.00,2.7857,,TRUE,,de0a336b54989bd1,snapshots/2026-08-30/brownetrading-american-hackleback-1oz.html,ok,extracted_via=jsonld
OBS-000063,2026-08-30T10:12:54Z,Tsar Caviar,https://tsarcaviar.com/products/imperial-kaluga-fusion-caviar,Imperial Kaluga Fusion Caviar - 1KG / 35.2 OZ,Tsar Caviar,Imperial Kaluga Fusion,,,1000,,1265.00,1.2650,,TRUE,,,snapshots/2026-08-30/tsarcaviar-imperial-kaluga-fusion-1kg.html,ok,extracted_via=jsonld
OBS-000064,2026-08-30T10:12:54Z,Island Creek Oysters,https://islandcreekoysters.com/collections/caviar/products/american-osetra-caviar,Island Creek American Osetra Caviar,ICO,American Osetra,,,30,,199.00,6.6333,,TRUE,,e3b0c44298fc1c14,snapshots/2026-08-30/islandcreek-american-osetra-30g.html,ok,extracted_via=jsonld
OBS-000065,2026-08-30T10:12:54Z,Regalis Foods,https://regalisfoods.com/products/imperial-black-kaluga-farmed-in-china,,Regalis Foods,Imperial Black Kaluga,,Farmed in China,28,,78.00,2.7857,,,,,snapshots/2026-08-30/regalis-imperial-black-kaluga-1oz.html,ok,extracted_via=selectors
OBS-000066,2026-08-30T10:34:06Z,Hey Caviar,https://heycaviar.com/product/our-signature-caviar/,Our Signature Caviar,Hey Caviar,kaluga,grade A,,113,,199.99,1.7698,,,,d789a359e9eb46b2,snapshots/2026-08-30/heycaviar-our-signature-caviar-4oz-113g_103406Z.html,ok,extracted_via=selectors
OBS-000067,2026-08-30T10:34:06Z,Petrossian,https://www.petrossian.com/products/kaluga-huso-hybrid-caviar,Royal Kaluga Huso Hybrid Caviar,Petrossian,Huso Dauricus & Acipenser Shrenckii,,China,30,,219.00,7.3000,,TRUE,,617d3d09429ba85d,snapshots/2026-08-30/petrossian-royal-kaluga-huso-hybrid-30g_103406Z.html,ok,extracted_via=jsonld
OBS-000068,2026-08-30T10:34:06Z,Pearl Street Caviar,https://pearlstreetcaviar.com/products/keluga,Keluga,Pearl Street Caviar,Keluga,,,12,,52.00,4.3333,,TRUE,,76296d1f4cda0e48,snapshots/2026-08-30/pearlstreet-keluga-slim-12g_103406Z.html,ok,extracted_via=jsonld
OBS-000069,2026-08-30T10:34:06Z,The Caviar Co.,https://thecaviarco.com/products/imperial-golden-osetra-caviar,1 KILO (1000 g)* Imperial Golden Osetra Caviar,The Caviar Co.,Farmed Acipenser Gueldenstaedtii,,China,1000,,6808.00,6.8080,,,,37f54f1dd161005e,snapshots/2026-08-30/caviarco-imperial-golden-osetra-1kg_103406Z.html,ok,extracted_via=jsonld
OBS-000070,2026-08-30T10:34:06Z,Imperia Caviar,https://imperiacaviar.com/products/kaluga,Kaluga Hybrid Reserve Caviar,Imperia Caviar,Kaluga Hybrid,Reserve,,130,,255.00,1.9615,,,,f53245633ee770e8,snapshots/2026-08-30/imperia-kaluga-hybrid-reserve-100g-promo_103406Z.html,ok,extracted_via=selectors
OBS-000071,2026-08-30T10:34:06Z,Tsar Nicoulai,https://tsarnicoulai.com/products/classic-caviar,Classic Caviar,Tsar Nicoulai,Farmed Acipenser transmontanus,,"Wilton, CA",28,,80.00,2.8571,,,,88973b6ba0eaad2b,snapshots/2026-08-30/tsarnicoulai-classic-caviar-1oz_103406Z.html,ok,extracted_via=selectors
OBS-000072,2026-08-30T10:34:06Z,OM Caviar,https://omcaviar.com/products/kaluga-hybrid,Kaluga Hybrid Caviar,OM Caviar,Kaluga Hybrid,,,50,,105.00,2.1000,,TRUE,,354617cc15ca1b2d,snapshots/2026-08-30/omcaviar-kaluga-hybrid-50g_103406Z.html,ok,extracted_via=jsonld
OBS-000073,2026-08-30T10:34:06Z,Cavi Caviar,https://eatcavi.com/products/amur-sturgeon-caviar,Amur Sturgeon Caviar,CAVI,Amur Sturgeon,,,30,,105.00,3.5000,,,,7bfbda372783cdaa,snapshots/2026-08-30/eatcavi-amur-sturgeon-30g_103406Z.html,ok,extracted_via=selectors
OBS-000074,2026-08-30T10:34:06Z,Calvisius Caviar USA,https://calvisiususa.com/products/calvisius-tradition-prestige,Calvisius Tradition Prestige,Calvisius Caviar,"Pacific White sturgeon, Acipenser transmontanus",,,28,,85.00,3.0357,,,,,snapshots/2026-08-30/calvisiususa-tradition-prestige-28g_103406Z.html,ok,extracted_via=selectors
OBS-000075,2026-08-30T10:34:06Z,The Caviar Club,https://thecaviarclub.com/products/a-carefully-curated-selection-of-our-best-caviars,Caviar Sampler,The Caviar Club,Royal Ossetra + Kaluga Hybrid Reserve,,,200,,200.00,1.0000,,,,5191518d8fd5e295,snapshots/2026-08-30/caviarclub-caviar-sampler-200g_103406Z.html,ok,extracted_via=selectors
OBS-000076,2026-08-30T10:34:06Z,Loft Caviar,https://loftcaviar.com/products/ossetra-reserve,Ossetra Reserve Caviar,Loft Caviar,Acipenser Guldenstadtii,,Caspian Sea,50,138.00,55.00,1.1000,60.1,,,3416d03713c7654b,snapshots/2026-08-30/loftcaviar-ossetra-reserve-50g_103406Z.html,ok,extracted_via=selectors
OBS-000077,2026-08-30T10:34:06Z,Petrusco,https://petruscocaviar.com/products/petrusco-caviar-royal-ossetra,Royal Ossetra Caviar,Petrusco,Royal Ossetra,,,30,,91.00,3.0333,,TRUE,,d7cd94e95356f7f1,snapshots/2026-08-30/petrusco-royal-ossetra-30g_103406Z.html,ok,extracted_via=jsonld
OBS-000078,2026-08-30T10:34:06Z,Caviére,https://caviereco.com/products/reserve-kaluga,Reserve Kaluga Caviar,Caviére,Huso dauricus x Acipenser schrenckii,,,30,,105.00,3.5000,,,,908217d687e3957e,snapshots/2026-08-30/caviere-reserve-kaluga-30g_103406Z.html,ok,extracted_via=selectors
OBS-000079,2026-08-30T10:34:06Z,Caviar Russe,https://www.caviarrusse.com/products/select-osetra-caviar,Select Osetra,Caviar Russe,Acipenser Gueldenstaedtii,,,50,,250.00,5.0000,,,,6df14a25b14691b2,snapshots/2026-08-30/caviarrusse-select-osetra-50g_103406Z.html,ok,extracted_via=selectors
OBS-000080,2026-08-30T10:34:06Z,Astrea Caviar,https://astreacaviar.com/products/astrea-kaluga-hybrid-caviar,Premier Selection Kaluga Hybrid,Astrea Caviar,Huso dauricus and Acipenser schrenckii,,,30,,160.00,5.3333,,,,6df14a25b14691b2,snapshots/2026-08-30/astrea-kaluga-hybrid-30g_103406Z.html,ok,extracted_via=selectors
OBS-000081,2026-08-30T10:34:06Z,Caviar Star,https://www.caviarstar.com/products/kaluga-hybrid-caviar-limited-edition,"VIP Imperial Kaluga Hybrid Caviar ""OT"" Tins",Caviar Star,Kaluga Hybrid,,,50,,175.00,3.5000,,TRUE,,1f2860a25e95330d,snapshots/2026-08-30/caviarstar-vip-imperial-kaluga-50g_103406Z.html,ok,extracted_via=jsonld
OBS-000082,2026-08-30T10:34:06Z,Browne Trading Company,https://brownetrading.com/collections/buy-caviar-online/products/american-hackleback-caviar,American Hackleback Caviar,Browne Trading Company,American Hackleback,,,28,,78.00,2.7857,,TRUE,,de0a336b54989bd1,snapshots/2026-08-30/brownetrading-american-hackleback-1oz_103406Z.html,ok,extracted_via=jsonld
OBS-000083,2026-08-30T10:34:06Z,Tsar Caviar,https://tsarcaviar.com/products/imperial-kaluga-fusion-caviar,Imperial Kaluga Fusion Caviar - 1KG / 35.2 OZ,Tsar Caviar,Imperial Kaluga Fusion,,,1000,,1265.00,1.2650,,TRUE,,,snapshots/2026-08-30/tsarcaviar-imperial-kaluga-fusion-1kg_103406Z.html,ok,extracted_via=jsonld
OBS-000084,2026-08-30T10:34:06Z,Island Creek Oysters,https://islandcreekoysters.com/collections/caviar/products/american-osetra-caviar,Island Creek American Osetra Caviar,ICO,American Osetra,,,30,,199.00,6.6333,,TRUE,,e3b0c44298fc1c14,snapshots/2026-08-30/islandcreek-american-osetra-30g_103406Z.html,ok,extracted_via=jsonld
OBS-000085,2026-08-30T10:34:06Z,Regalis Foods,https://regalisfoods.com/products/imperial-black-kaluga-farmed-in-china,,Regalis Foods,Imperial Black Kaluga,,Farmed in China,28,,78.00,2.7857,,,,,snapshots/2026-08-30/regalis-imperial-black-kaluga-1oz_103406Z.html,ok,extracted_via=selectors
OBS-000086,2026-08-30T10:34:06Z,Sterling Caviar,https://sterlingcaviar.com/products/classic-caviar,Classic Caviar,Sterling Caviar,White Sturgeon,Classic,,30,,117.00,3.9000,,TRUE,,36c57f121d7f8ad0,snapshots/2026-08-30/sterling-classic-caviar-30g.html,ok,extracted_via=jsonld; fetch=browser
OBS-000087,2026-08-30T10:34:06Z,Kolikof,https://kolikof.com/products/best-ossetra-reserve,Grand Reserve Ossetra Caviar,Kolikof,Ossetra,Grand Reserve,,28,,132.00,4.7143,,TRUE,,80680eec8e2c637d,snapshots/2026-08-30/kolikof-grand-reserve-ossetra-28g.html,ok,extracted_via=jsonld
OBS-000088,2026-08-30T16:15:15Z,Hey Caviar,https://heycaviar.com/product/our-signature-caviar/,Our Signature Caviar,Hey Caviar,kaluga,grade A,,113,,199.99,1.7698,,,,d789a359e9eb46b2,snapshots/2026-08-30/heycaviar-our-signature-caviar-4oz-113g_161515Z.html,ok,extracted_via=selectors
OBS-000089,2026-08-30T16:15:15Z,Petrossian,https://www.petrossian.com/products/kaluga-huso-hybrid-caviar,Royal Kaluga Huso Hybrid Caviar,Petrossian,Huso Dauricus & Acipenser Shrenckii,,China,30,,219.00,7.3000,,TRUE,,617d3d09429ba85d,snapshots/2026-08-30/petrossian-royal-kaluga-huso-hybrid-30g_161515Z.html,ok,extracted_via=jsonld
OBS-000090,2026-08-30T16:15:15Z,Pearl Street Caviar,https://pearlstreetcaviar.com/products/keluga,Keluga,Pearl Street Caviar,Keluga,,,12,,52.00,4.3333,,TRUE,,76296d1f4cda0e48,snapshots/2026-08-30/pearlstreet-keluga-slim-12g_161515Z.html,ok,extracted_via=jsonld
OBS-000091,2026-08-30T16:15:15Z,The Caviar Co.,https://thecaviarco.com/products/imperial-golden-osetra-caviar,1 KILO (1000 g)* Imperial Golden Osetra Caviar,The Caviar Co.,Farmed Acipenser Gueldenstaedtii,,China,1000,,6808.00,6.8080,,,,37f54f1dd161005e,snapshots/2026-08-30/caviarco-imperial-golden-osetra-1kg_161515Z.html,ok,extracted_via=jsonld
OBS-000092,2026-08-30T16:15:15Z,Imperia Caviar,https://imperiacaviar.com/products/kaluga,Kaluga Hybrid Reserve Caviar,Imperia Caviar,Kaluga Hybrid,Reserve,,130,,255.00,1.9615,,,,f53245633ee770e8,snapshots/2026-08-30/imperia-kaluga-hybrid-reserve-100g-promo_161515Z.html,ok,extracted_via=selectors
OBS-000093,2026-08-30T16:15:15Z,Tsar Nicoulai,https://tsarnicoulai.com/products/classic-caviar,Classic Caviar,Tsar Nicoulai,Farmed Acipenser transmontanus,,"Wilton, CA",28,,80.00,2.8571,,,,88973b6ba0eaad2b,snapshots/2026-08-30/tsarnicoulai-classic-caviar-1oz_161515Z.html,ok,extracted_via=selectors
OBS-000094,2026-08-30T16:15:15Z,OM Caviar,https://omcaviar.com/products/kaluga-hybrid,Kaluga Hybrid Caviar,OM Caviar,Kaluga Hybrid,,,50,,105.00,2.1000,,TRUE,,354617cc15ca1b2d,snapshots/2026-08-30/omcaviar-kaluga-hybrid-50g_161515Z.html,ok,extracted_via=jsonld
OBS-000095,2026-08-30T16:15:15Z,Cavi Caviar,https://eatcavi.com/products/amur-sturgeon-caviar,Amur Sturgeon Caviar,CAVI,Amur Sturgeon,,,30,,105.00,3.5000,,,,7bfbda372783cdaa,snapshots/2026-08-30/eatcavi-amur-sturgeon-30g_161515Z.html,ok,extracted_via=selectors
OBS-000096,2026-08-30T16:15:15Z,Calvisius Caviar USA,https://calvisiususa.com/products/calvisius-tradition-prestige,Calvisius Tradition Prestige,Calvisius Caviar,"Pacific White sturgeon, Acipenser transmontanus",,,28,,85.00,3.0357,,,,,snapshots/2026-08-30/calvisiususa-tradition-prestige-28g_161515Z.html,ok,extracted_via=selectors
OBS-000097,2026-08-30T16:15:15Z,The Caviar Club,https://thecaviarclub.com/products/a-carefully-curated-selection-of-our-best-caviars,Caviar Sampler,The Caviar Club,Royal Ossetra + Kaluga Hybrid Reserve,,,200,,200.00,1.0000,,,,5191518d8fd5e295,snapshots/2026-08-30/caviarclub-caviar-sampler-200g_161515Z.html,ok,extracted_via=selectors
OBS-000098,2026-08-30T16:15:15Z,Loft Caviar,https://loftcaviar.com/products/ossetra-reserve,Ossetra Reserve Caviar,Loft Caviar,Acipenser Guldenstadtii,,Caspian Sea,50,138.00,55.00,1.1000,60.1,,,3416d03713c7654b,snapshots/2026-08-30/loftcaviar-ossetra-reserve-50g_161515Z.html,ok,extracted_via=selectors
OBS-000099,2026-08-30T16:15:15Z,Petrusco,https://petruscocaviar.com/products/petrusco-caviar-royal-ossetra,Royal Ossetra Caviar,Petrusco,Royal Ossetra,,,30,,91.00,3.0333,,TRUE,,d7cd94e95356f7f1,snapshots/2026-08-30/petrusco-royal-ossetra-30g_161515Z.html,ok,extracted_via=jsonld
OBS-000100,2026-08-30T16:15:15Z,Caviére,https://caviereco.com/products/reserve-kaluga,Reserve Kaluga Caviar,Caviére,Huso dauricus x Acipenser schrenckii,,,30,,105.00,3.5000,,,,908217d687e3957e,snapshots/2026-08-30/caviere-reserve-kaluga-30g_161515Z.html,ok,extracted_via=selectors
OBS-000101,2026-08-30T16:15:15Z,Caviar Russe,https://www.caviarrusse.com/products/select-osetra-caviar,Select Osetra,Caviar Russe,Acipenser Gueldenstaedtii,,,50,,250.00,5.0000,,,,6df14a25b14691b2,snapshots/2026-08-30/caviarrusse-select-osetra-50g_161515Z.html,ok,extracted_via=selectors
OBS-000102,2026-08-30T16:15:15Z,Astrea Caviar,https://astreacaviar.com/products/astrea-kaluga-hybrid-caviar,Premier Selection Kaluga Hybrid,Astrea Caviar,Huso dauricus and Acipenser schrenckii,,,30,,160.00,5.3333,,,,6df14a25b14691b2,snapshots/2026-08-30/astrea-kaluga-hybrid-30g_161515Z.html,ok,extracted_via=selectors
OBS-000103,2026-08-30T16:15:15Z,Caviar Star,https://www.caviarstar.com/products/kaluga-hybrid-caviar-limited-edition,"VIP Imperial Kaluga Hybrid Caviar ""OT"" Tins",Caviar Star,Kaluga Hybrid,,,50,,175.00,3.5000,,TRUE,,1f2860a25e95330d,snapshots/2026-08-30/caviarstar-vip-imperial-kaluga-50g_161515Z.html,ok,extracted_via=jsonld
OBS-000104,2026-08-30T16:15:15Z,Browne Trading Company,https://brownetrading.com/collections/buy-caviar-online/products/american-hackleback-caviar,American Hackleback Caviar,Browne Trading Company,American Hackleback,,,28,,78.00,2.7857,,TRUE,,de0a336b54989bd1,snapshots/2026-08-30/brownetrading-american-hackleback-1oz_161515Z.html,ok,extracted_via=jsonld
OBS-000105,2026-08-30T16:15:15Z,Tsar Caviar,https://tsarcaviar.com/products/imperial-kaluga-fusion-caviar,Imperial Kaluga Fusion Caviar - 1KG / 35.2 OZ,Tsar Caviar,Imperial Kaluga Fusion,,,1000,,1265.00,1.2650,,TRUE,,,snapshots/2026-08-30/tsarcaviar-imperial-kaluga-fusion-1kg_161515Z.html,ok,extracted_via=jsonld
OBS-000106,2026-08-30T16:15:15Z,Island Creek Oysters,https://islandcreekoysters.com/collections/caviar/products/american-osetra-caviar,Island Creek American Osetra Caviar,ICO,American Osetra,,,30,,199.00,6.6333,,TRUE,,e3b0c44298fc1c14,snapshots/2026-08-30/islandcreek-american-osetra-30g_161515Z.html,ok,extracted_via=jsonld
OBS-000107,2026-08-30T16:15:15Z,Regalis Foods,https://regalisfoods.com/products/imperial-black-kaluga-farmed-in-china,,Regalis Foods,Imperial Black Kaluga,,Farmed in China,28,,78.00,2.7857,,,,,snapshots/2026-08-30/regalis-imperial-black-kaluga-1oz_161515Z.html,ok,extracted_via=selectors
OBS-000108,2026-08-30T16:15:15Z,Sterling Caviar,https://sterlingcaviar.com/products/classic-caviar,Classic Caviar,Sterling Caviar,White Sturgeon,Classic,,30,,117.00,3.9000,,TRUE,,36c57f121d7f8ad0,snapshots/2026-08-30/sterling-classic-caviar-30g_161515Z.html,ok,extracted_via=jsonld; fetch=browser
OBS-000109,2026-08-30T16:15:15Z,Kolikof,https://kolikof.com/products/best-ossetra-reserve,Grand Reserve Ossetra Caviar,Kolikof,Ossetra,Grand Reserve,,28,,132.00,4.7143,,TRUE,,80680eec8e2c637d,snapshots/2026-08-30/kolikof-grand-reserve-ossetra-28g_161515Z.html,ok,extracted_via=jsonld
OBS-000110,2026-08-30T16:15:15Z,One Caviar,https://onecaviar.com/products/royal-ossetra-caviar,Royal Ossetra Caviar,One Caviar,Acipenser Gueldenstaedtii,Royal Ossetra,,30,,120.00,4.0000,,,,d8dc7a93e203aee0,snapshots/2026-08-30/onecaviar-royal-ossetra-30g.html,ok,extracted_via=selectors
OBS-000111,2026-08-30T16:15:15Z,The Only Caviar,https://theonlycaviar.com/products/oscietra-caviar,Oscietra Caviar,The Only Caviar,Oscietra,,Italy,30,,129.00,4.3000,,,,,snapshots/2026-08-30/theonlycaviar-oscietra-30g.html,ok,extracted_via=selectors
OBS-000112,2026-08-30T16:15:15Z,KILO Caviar,https://kilocaviar.com/collections/all/products/imperial-osetra,Imperial Osetra,KILO Caviar,Imperial Osetra,,,28,,390.00,13.9286,,,,,snapshots/2026-08-30/kilocaviar-imperial-osetra-1oz.html,ok,extracted_via=selectors
OBS-000113,2026-08-30T18:03:41Z,Hey Caviar,https://heycaviar.com/product/our-signature-caviar/,Our Signature Caviar,Hey Caviar,kaluga,grade A,,113,,199.99,1.7698,,,,d789a359e9eb46b2,snapshots/2026-08-30/heycaviar-our-signature-caviar-4oz-113g_180341Z.html,ok,extracted_via=selectors
OBS-000114,2026-08-30T18:03:41Z,Petrossian,https://www.petrossian.com/products/kaluga-huso-hybrid-caviar,Royal Kaluga Huso Hybrid Caviar,Petrossian,Huso Dauricus & Acipenser Shrenckii,,China,30,,219.00,7.3000,,TRUE,,617d3d09429ba85d,snapshots/2026-08-30/petrossian-royal-kaluga-huso-hybrid-30g_180341Z.html,ok,extracted_via=jsonld
OBS-000115,2026-08-30T18:03:41Z,Pearl Street Caviar,https://pearlstreetcaviar.com/products/keluga,Keluga,Pearl Street Caviar,Keluga,,,12,,52.00,4.3333,,TRUE,,76296d1f4cda0e48,snapshots/2026-08-30/pearlstreet-keluga-slim-12g_180341Z.html,ok,extracted_via=jsonld
OBS-000116,2026-08-30T18:03:41Z,The Caviar Co.,https://thecaviarco.com/products/imperial-golden-osetra-caviar,1 KILO (1000 g)* Imperial Golden Osetra Caviar,The Caviar Co.,Farmed Acipenser Gueldenstaedtii,,China,1000,,6808.00,6.8080,,,,37f54f1dd161005e,snapshots/2026-08-30/caviarco-imperial-golden-osetra-1kg_180341Z.html,ok,extracted_via=jsonld
OBS-000117,2026-08-30T18:03:41Z,Imperia Caviar,https://imperiacaviar.com/products/kaluga,Kaluga Hybrid Reserve Caviar,Imperia Caviar,Kaluga Hybrid,Reserve,,130,,255.00,1.9615,,,,f53245633ee770e8,snapshots/2026-08-30/imperia-kaluga-hybrid-reserve-100g-promo_180341Z.html,ok,extracted_via=selectors
OBS-000118,2026-08-30T18:03:41Z,Tsar Nicoulai,https://tsarnicoulai.com/products/classic-caviar,Classic Caviar,Tsar Nicoulai,Farmed Acipenser transmontanus,,"Wilton, CA",28,,80.00,2.8571,,,,88973b6ba0eaad2b,snapshots/2026-08-30/tsarnicoulai-classic-caviar-1oz_180341Z.html,ok,extracted_via=selectors
OBS-000119,2026-08-30T18:03:41Z,OM Caviar,https://omcaviar.com/products/kaluga-hybrid,Kaluga Hybrid Caviar,OM Caviar,Kaluga Hybrid,,,50,,105.00,2.1000,,TRUE,,354617cc15ca1b2d,snapshots/2026-08-30/omcaviar-kaluga-hybrid-50g_180341Z.html,ok,extracted_via=jsonld
OBS-000120,2026-08-30T18:03:41Z,Cavi Caviar,https://eatcavi.com/products/amur-sturgeon-caviar,Amur Sturgeon Caviar,CAVI,Amur Sturgeon,,,30,,105.00,3.5000,,,,7bfbda372783cdaa,snapshots/2026-08-30/eatcavi-amur-sturgeon-30g_180341Z.html,ok,extracted_via=selectors
OBS-000121,2026-08-30T18:03:41Z,Calvisius Caviar USA,https://calvisiususa.com/products/calvisius-tradition-prestige,Calvisius Tradition Prestige,Calvisius Caviar,"Pacific White sturgeon, Acipenser transmontanus",,,28,,85.00,3.0357,,,,,snapshots/2026-08-30/calvisiususa-tradition-prestige-28g_180341Z.html,ok,extracted_via=selectors
OBS-000122,2026-08-30T18:03:41Z,The Caviar Club,https://thecaviarclub.com/products/a-carefully-curated-selection-of-our-best-caviars,Caviar Sampler,The Caviar Club,Royal Ossetra + Kaluga Hybrid Reserve,,,200,,200.00,1.0000,,,,5191518d8fd5e295,snapshots/2026-08-30/caviarclub-caviar-sampler-200g_180341Z.html,ok,extracted_via=selectors
OBS-000123,2026-08-30T18:03:41Z,Loft Caviar,https://loftcaviar.com/products/ossetra-reserve,Ossetra Reserve Caviar,Loft Caviar,Acipenser Guldenstadtii,,Caspian Sea,50,138.00,55.00,1.1000,60.1,,,3416d03713c7654b,snapshots/2026-08-30/loftcaviar-ossetra-reserve-50g_180341Z.html,ok,extracted_via=selectors
OBS-000124,2026-08-30T18:03:41Z,Petrusco,https://petruscocaviar.com/products/petrusco-caviar-royal-ossetra,Royal Ossetra Caviar,Petrusco,Royal Ossetra,,,30,,91.00,3.0333,,TRUE,,d7cd94e95356f7f1,snapshots/2026-08-30/petrusco-royal-ossetra-30g_180341Z.html,ok,extracted_via=jsonld
OBS-000125,2026-08-30T18:03:41Z,Caviére,https://caviereco.com/products/reserve-kaluga,Reserve Kaluga Caviar,Caviére,Huso dauricus x Acipenser schrenckii,,,30,,105.00,3.5000,,,,908217d687e3957e,snapshots/2026-08-30/caviere-reserve-kaluga-30g_180341Z.html,ok,extracted_via=selectors
OBS-000126,2026-08-30T18:03:41Z,Caviar Russe,https://www.caviarrusse.com/products/select-osetra-caviar,Select Osetra,Caviar Russe,Acipenser Gueldenstaedtii,,,50,,250.00,5.0000,,,,6df14a25b14691b2,snapshots/2026-08-30/caviarrusse-select-osetra-50g_180341Z.html,ok,extracted_via=selectors
OBS-000127,2026-08-30T18:03:41Z,Astrea Caviar,https://astreacaviar.com/products/astrea-kaluga-hybrid-caviar,Premier Selection Kaluga Hybrid,Astrea Caviar,Huso dauricus and Acipenser schrenckii,,,30,,160.00,5.3333,,,,6df14a25b14691b2,snapshots/2026-08-30/astrea-kaluga-hybrid-30g_180341Z.html,ok,extracted_via=selectors
OBS-000128,2026-08-30T18:03:41Z,Caviar Star,https://www.caviarstar.com/products/kaluga-hybrid-caviar-limited-edition,"VIP Imperial Kaluga Hybrid Caviar ""OT"" Tins",Caviar Star,Kaluga Hybrid,,,50,,175.00,3.5000,,TRUE,,1f2860a25e95330d,snapshots/2026-08-30/caviarstar-vip-imperial-kaluga-50g_180341Z.html,ok,extracted_via=jsonld
OBS-000129,2026-08-30T18:03:41Z,Browne Trading Company,https://brownetrading.com/collections/buy-caviar-online/products/american-hackleback-caviar,American Hackleback Caviar,Browne Trading Company,American Hackleback,,,28,,78.00,2.7857,,TRUE,,de0a336b54989bd1,snapshots/2026-08-30/brownetrading-american-hackleback-1oz_180341Z.html,ok,extracted_via=jsonld
OBS-000130,2026-08-30T18:03:41Z,Tsar Caviar,https://tsarcaviar.com/products/imperial-kaluga-fusion-caviar,Imperial Kaluga Fusion Caviar - 1KG / 35.2 OZ,Tsar Caviar,Imperial Kaluga Fusion,,,1000,,1265.00,1.2650,,TRUE,,,snapshots/2026-08-30/tsarcaviar-imperial-kaluga-fusion-1kg_180341Z.html,ok,extracted_via=jsonld
OBS-000131,2026-08-30T18:03:41Z,Island Creek Oysters,https://islandcreekoysters.com/collections/caviar/products/american-osetra-caviar,Island Creek American Osetra Caviar,ICO,American Osetra,,,30,,199.00,6.6333,,TRUE,,e3b0c44298fc1c14,snapshots/2026-08-30/islandcreek-american-osetra-30g_180341Z.html,ok,extracted_via=jsonld
OBS-000132,2026-08-30T18:03:41Z,Regalis Foods,https://regalisfoods.com/products/imperial-black-kaluga-farmed-in-china,,Regalis Foods,Imperial Black Kaluga,,Farmed in China,28,,78.00,2.7857,,,,,snapshots/2026-08-30/regalis-imperial-black-kaluga-1oz_180341Z.html,ok,extracted_via=selectors
OBS-000133,2026-08-30T18:03:41Z,Sterling Caviar,https://sterlingcaviar.com/products/classic-caviar,Classic Caviar,Sterling Caviar,White Sturgeon,Classic,,30,,117.00,3.9000,,TRUE,,36c57f121d7f8ad0,snapshots/2026-08-30/sterling-classic-caviar-30g_180341Z.html,ok,extracted_via=jsonld; fetch=browser
OBS-000134,2026-08-30T18:03:41Z,Kolikof,https://kolikof.com/products/best-ossetra-reserve,Grand Reserve Ossetra Caviar,Kolikof,Ossetra,Grand Reserve,,28,,132.00,4.7143,,TRUE,,80680eec8e2c637d,snapshots/2026-08-30/kolikof-grand-reserve-ossetra-28g_180341Z.html,ok,extracted_via=jsonld
OBS-000135,2026-08-30T18:03:41Z,One Caviar,https://onecaviar.com/products/royal-ossetra-caviar,Royal Ossetra Caviar,One Caviar,Acipenser Gueldenstaedtii,Royal Ossetra,,30,,120.00,4.0000,,,,d8dc7a93e203aee0,snapshots/2026-08-30/onecaviar-royal-ossetra-30g_180341Z.html,ok,extracted_via=selectors
OBS-000136,2026-08-30T18:03:41Z,The Only Caviar,https://theonlycaviar.com/products/oscietra-caviar,Oscietra Caviar,The Only Caviar,Oscietra,,Italy,30,,129.00,4.3000,,,,,snapshots/2026-08-30/theonlycaviar-oscietra-30g_180341Z.html,ok,extracted_via=selectors
OBS-000137,2026-08-30T18:03:41Z,KILO Caviar,https://kilocaviar.com/collections/all/products/imperial-osetra,Imperial Osetra,KILO Caviar,Imperial Osetra,,,28,,390.00,13.9286,,,,,snapshots/2026-08-30/kilocaviar-imperial-osetra-1oz_180341Z.html,ok,extracted_via=selectors
OBS-000138,2026-08-30T21:41:10Z,Hey Caviar,https://heycaviar.com/product/our-signature-caviar/,Our Signature Caviar,Hey Caviar,kaluga,grade A,,113,,199.99,1.7698,,,,d789a359e9eb46b2,snapshots/2026-08-30/heycaviar-our-signature-caviar-4oz-113g_214110Z.html,ok,extracted_via=selectors
OBS-000139,2026-08-30T21:41:10Z,Petrossian,https://www.petrossian.com/products/kaluga-huso-hybrid-caviar,,Petrossian,Huso Dauricus & Acipenser Shrenckii,,China,30,,,,,,,,,robots_unreachable,did not fetch; robots.txt unreachable: HTTP 503
OBS-000140,2026-08-30T21:41:10Z,Pearl Street Caviar,https://pearlstreetcaviar.com/products/keluga,Keluga,Pearl Street Caviar,Keluga,,,12,,52.00,4.3333,,TRUE,,76296d1f4cda0e48,snapshots/2026-08-30/pearlstreet-keluga-slim-12g_214110Z.html,ok,extracted_via=jsonld
OBS-000141,2026-08-30T21:41:10Z,The Caviar Co.,https://thecaviarco.com/products/imperial-golden-osetra-caviar,1 KILO (1000 g)* Imperial Golden Osetra Caviar,The Caviar Co.,Farmed Acipenser Gueldenstaedtii,,China,1000,,6808.00,6.8080,,,,37f54f1dd161005e,snapshots/2026-08-30/caviarco-imperial-golden-osetra-1kg_214110Z.html,ok,extracted_via=jsonld
OBS-000142,2026-08-30T21:41:10Z,Imperia Caviar,https://imperiacaviar.com/products/kaluga,Kaluga Hybrid Reserve Caviar,Imperia Caviar,Kaluga Hybrid,Reserve,,130,,255.00,1.9615,,,,f53245633ee770e8,snapshots/2026-08-30/imperia-kaluga-hybrid-reserve-100g-promo_214110Z.html,ok,extracted_via=selectors
OBS-000143,2026-08-30T21:41:10Z,Tsar Nicoulai,https://tsarnicoulai.com/products/classic-caviar,Classic Caviar,Tsar Nicoulai,Farmed Acipenser transmontanus,,"Wilton, CA",28,,80.00,2.8571,,,,88973b6ba0eaad2b,snapshots/2026-08-30/tsarnicoulai-classic-caviar-1oz_214110Z.html,ok,extracted_via=selectors
OBS-000144,2026-08-30T21:41:10Z,OM Caviar,https://omcaviar.com/products/kaluga-hybrid,Kaluga Hybrid Caviar,OM Caviar,Kaluga Hybrid,,,50,,105.00,2.1000,,TRUE,,354617cc15ca1b2d,snapshots/2026-08-30/omcaviar-kaluga-hybrid-50g_214110Z.html,ok,extracted_via=jsonld
OBS-000145,2026-08-30T21:41:10Z,Cavi Caviar,https://eatcavi.com/products/amur-sturgeon-caviar,Amur Sturgeon Caviar,CAVI,Amur Sturgeon,,,30,,105.00,3.5000,,,,7bfbda372783cdaa,snapshots/2026-08-30/eatcavi-amur-sturgeon-30g_214110Z.html,ok,extracted_via=selectors
OBS-000146,2026-08-30T21:41:10Z,Calvisius Caviar USA,https://calvisiususa.com/products/calvisius-tradition-prestige,Calvisius Tradition Prestige,Calvisius Caviar,"Pacific White sturgeon, Acipenser transmontanus",,,28,,85.00,3.0357,,,,,snapshots/2026-08-30/calvisiususa-tradition-prestige-28g_214110Z.html,ok,extracted_via=selectors
OBS-000147,2026-08-30T21:41:10Z,The Caviar Club,https://thecaviarclub.com/products/a-carefully-curated-selection-of-our-best-caviars,Caviar Sampler,The Caviar Club,Royal Ossetra + Kaluga Hybrid Reserve,,,200,,200.00,1.0000,,,,5191518d8fd5e295,snapshots/2026-08-30/caviarclub-caviar-sampler-200g_214110Z.html,ok,extracted_via=selectors
OBS-000148,2026-08-30T21:41:10Z,Loft Caviar,https://loftcaviar.com/products/ossetra-reserve,Ossetra Reserve Caviar,Loft Caviar,Acipenser Guldenstadtii,,Caspian Sea,50,138.00,55.00,1.1000,60.1,,,3416d03713c7654b,snapshots/2026-08-30/loftcaviar-ossetra-reserve-50g_214110Z.html,ok,extracted_via=selectors
OBS-000149,2026-08-30T21:41:10Z,Petrusco,https://petruscocaviar.com/products/petrusco-caviar-royal-ossetra,Royal Ossetra Caviar,Petrusco,Royal Ossetra,,,30,,91.00,3.0333,,TRUE,,d7cd94e95356f7f1,snapshots/2026-08-30/petrusco-royal-ossetra-30g_214110Z.html,ok,extracted_via=jsonld
OBS-000150,2026-08-30T21:41:10Z,Caviére,https://caviereco.com/products/reserve-kaluga,Reserve Kaluga Caviar,Caviére,Huso dauricus x Acipenser schrenckii,,,30,,105.00,3.5000,,,,908217d687e3957e,snapshots/2026-08-30/caviere-reserve-kaluga-30g_214110Z.html,ok,extracted_via=selectors
OBS-000151,2026-08-30T21:41:10Z,Caviar Russe,https://www.caviarrusse.com/products/select-osetra-caviar,Select Osetra,Caviar Russe,Acipenser Gueldenstaedtii,,,50,,250.00,5.0000,,,,6df14a25b14691b2,snapshots/2026-08-30/caviarrusse-select-osetra-50g_214110Z.html,ok,extracted_via=selectors
OBS-000152,2026-08-30T21:41:10Z,Astrea Caviar,https://astreacaviar.com/products/astrea-kaluga-hybrid-caviar,Premier Selection Kaluga Hybrid,Astrea Caviar,Huso dauricus and Acipenser schrenckii,,,30,,160.00,5.3333,,,,6df14a25b14691b2,snapshots/2026-08-30/astrea-kaluga-hybrid-30g_214110Z.html,ok,extracted_via=selectors
OBS-000153,2026-08-30T21:41:10Z,Caviar Star,https://www.caviarstar.com/products/kaluga-hybrid-caviar-limited-edition,"VIP Imperial Kaluga Hybrid Caviar ""OT"" Tins",Caviar Star,Kaluga Hybrid,,,50,,175.00,3.5000,,TRUE,,1f2860a25e95330d,snapshots/2026-08-30/caviarstar-vip-imperial-kaluga-50g_214110Z.html,ok,extracted_via=jsonld
OBS-000154,2026-08-30T21:41:10Z,Browne Trading Company,https://brownetrading.com/collections/buy-caviar-online/products/american-hackleback-caviar,American Hackleback Caviar,Browne Trading Company,American Hackleback,,,28,,78.00,2.7857,,TRUE,,de0a336b54989bd1,snapshots/2026-08-30/brownetrading-american-hackleback-1oz_214110Z.html,ok,extracted_via=jsonld
OBS-000155,2026-08-30T21:41:10Z,Tsar Caviar,https://tsarcaviar.com/products/imperial-kaluga-fusion-caviar,Imperial Kaluga Fusion Caviar - 1KG / 35.2 OZ,Tsar Caviar,Imperial Kaluga Fusion,,,1000,,1265.00,1.2650,,TRUE,,,snapshots/2026-08-30/tsarcaviar-imperial-kaluga-fusion-1kg_214110Z.html,ok,extracted_via=jsonld
OBS-000156,2026-08-30T21:41:10Z,Island Creek Oysters,https://islandcreekoysters.com/collections/caviar/products/american-osetra-caviar,Island Creek American Osetra Caviar,ICO,American Osetra,,,30,,199.00,6.6333,,TRUE,,e3b0c44298fc1c14,snapshots/2026-08-30/islandcreek-american-osetra-30g_214110Z.html,ok,extracted_via=jsonld
OBS-000157,2026-08-30T21:41:10Z,Regalis Foods,https://regalisfoods.com/products/imperial-black-kaluga-farmed-in-china,,Regalis Foods,Imperial Black Kaluga,,Farmed in China,28,,78.00,2.7857,,,,,snapshots/2026-08-30/regalis-imperial-black-kaluga-1oz_214110Z.html,ok,extracted_via=selectors
OBS-000158,2026-08-30T21:41:10Z,Sterling Caviar,https://sterlingcaviar.com/products/classic-caviar,Classic Caviar,Sterling Caviar,White Sturgeon,Classic,,30,,117.00,3.9000,,TRUE,,36c57f121d7f8ad0,snapshots/2026-08-30/sterling-classic-caviar-30g_214110Z.html,ok,extracted_via=jsonld; fetch=browser
OBS-000159,2026-08-30T21:41:10Z,Kolikof,https://kolikof.com/products/best-ossetra-reserve,Grand Reserve Ossetra Caviar,Kolikof,Ossetra,Grand Reserve,,28,,132.00,4.7143,,TRUE,,80680eec8e2c637d,snapshots/2026-08-30/kolikof-grand-reserve-ossetra-28g_214110Z.html,ok,extracted_via=jsonld
OBS-000160,2026-08-30T21:41:10Z,One Caviar,https://onecaviar.com/products/royal-ossetra-caviar,Royal Ossetra Caviar,One Caviar,Acipenser Gueldenstaedtii,Royal Ossetra,,30,,120.00,4.0000,,,,d8dc7a93e203aee0,snapshots/2026-08-30/onecaviar-royal-ossetra-30g_214110Z.html,ok,extracted_via=selectors
OBS-000161,2026-08-30T21:41:10Z,The Only Caviar,https://theonlycaviar.com/products/oscietra-caviar,Oscietra Caviar,The Only Caviar,Oscietra,,Italy,30,,129.00,4.3000,,,,,snapshots/2026-08-30/theonlycaviar-oscietra-30g_214110Z.html,ok,extracted_via=selectors
OBS-000162,2026-08-30T21:41:10Z,KILO Caviar,https://kilocaviar.com/collections/all/products/imperial-osetra,Imperial Osetra,KILO Caviar,Imperial Osetra,,,28,,390.00,13.9286,,,,,snapshots/2026-08-30/kilocaviar-imperial-osetra-1oz_214110Z.html,ok,extracted_via=selectors
OBS-000163,2026-08-30T21:41:10Z,Caviar Market,https://caviarmarketnyc.com/products/kaluga-queen-premium-black-caviar,Kaluga Queen Premium Caviar,Caviar Market,Huso Dauricus x Acipenser Schrenkii,,,100,,99.00,0.9900,,TRUE,,80846014f2364fd4,snapshots/2026-08-30/caviarmarketnyc-kaluga-queen-100g.html,ok,extracted_via=jsonld
OBS-000164,2026-08-31T19:59:49Z,Hey Caviar,https://heycaviar.com/product/our-signature-caviar/,Our Signature Caviar,Hey Caviar,kaluga,grade A,,113,,199.99,1.7698,,,,d789a359e9eb46b2,snapshots/2026-08-31/heycaviar-our-signature-caviar-4oz-113g.html,ok,extracted_via=selectors
OBS-000165,2026-08-31T19:59:49Z,Petrossian,https://www.petrossian.com/products/kaluga-huso-hybrid-caviar,Royal Kaluga Huso Hybrid Caviar,Petrossian,Huso Dauricus & Acipenser Shrenckii,,China,30,,219.00,7.3000,,TRUE,,617d3d09429ba85d,snapshots/2026-08-31/petrossian-royal-kaluga-huso-hybrid-30g.html,ok,extracted_via=jsonld
OBS-000166,2026-08-31T19:59:49Z,Pearl Street Caviar,https://pearlstreetcaviar.com/products/keluga,Keluga,Pearl Street Caviar,Keluga,,,12,,52.00,4.3333,,TRUE,,76296d1f4cda0e48,snapshots/2026-08-31/pearlstreet-keluga-slim-12g.html,ok,extracted_via=jsonld
OBS-000167,2026-08-31T19:59:49Z,The Caviar Co.,https://thecaviarco.com/products/imperial-golden-osetra-caviar,1 KILO (1000 g)* Imperial Golden Osetra Caviar,The Caviar Co.,Farmed Acipenser Gueldenstaedtii,,China,1000,,6808.00,6.8080,,,,37f54f1dd161005e,snapshots/2026-08-31/caviarco-imperial-golden-osetra-1kg.html,ok,extracted_via=jsonld
OBS-000168,2026-08-31T19:59:49Z,Imperia Caviar,https://imperiacaviar.com/products/kaluga,Kaluga Hybrid Reserve Caviar,Imperia Caviar,Kaluga Hybrid,Reserve,,130,,255.00,1.9615,,,,f53245633ee770e8,snapshots/2026-08-31/imperia-kaluga-hybrid-reserve-100g-promo.html,ok,extracted_via=selectors
OBS-000169,2026-08-31T19:59:49Z,Tsar Nicoulai,https://tsarnicoulai.com/products/classic-caviar,Classic Caviar,Tsar Nicoulai,Farmed Acipenser transmontanus,,"Wilton, CA",28,,80.00,2.8571,,,,88973b6ba0eaad2b,snapshots/2026-08-31/tsarnicoulai-classic-caviar-1oz.html,ok,extracted_via=selectors
OBS-000170,2026-08-31T19:59:49Z,OM Caviar,https://omcaviar.com/products/kaluga-hybrid,Kaluga Hybrid Caviar,OM Caviar,Kaluga Hybrid,,,50,,105.00,2.1000,,TRUE,,354617cc15ca1b2d,snapshots/2026-08-31/omcaviar-kaluga-hybrid-50g.html,ok,extracted_via=jsonld
OBS-000171,2026-08-31T19:59:49Z,Cavi Caviar,https://eatcavi.com/products/amur-sturgeon-caviar,Amur Sturgeon Caviar,CAVI,Amur Sturgeon,,,30,,105.00,3.5000,,,,7bfbda372783cdaa,snapshots/2026-08-31/eatcavi-amur-sturgeon-30g.html,ok,extracted_via=selectors
OBS-000172,2026-08-31T19:59:49Z,Calvisius Caviar USA,https://calvisiususa.com/products/calvisius-tradition-prestige,Calvisius Tradition Prestige,Calvisius Caviar,"Pacific White sturgeon, Acipenser transmontanus",,,28,,85.00,3.0357,,,,,snapshots/2026-08-31/calvisiususa-tradition-prestige-28g.html,ok,extracted_via=selectors
OBS-000173,2026-08-31T19:59:49Z,The Caviar Club,https://thecaviarclub.com/products/a-carefully-curated-selection-of-our-best-caviars,Caviar Sampler,The Caviar Club,Royal Ossetra + Kaluga Hybrid Reserve,,,200,,200.00,1.0000,,,,5191518d8fd5e295,snapshots/2026-08-31/caviarclub-caviar-sampler-200g.html,ok,extracted_via=selectors
OBS-000174,2026-08-31T19:59:49Z,Loft Caviar,https://loftcaviar.com/products/ossetra-reserve,Ossetra Reserve Caviar,Loft Caviar,Acipenser Guldenstadtii,,Caspian Sea,50,138.00,55.00,1.1000,60.1,,,3416d03713c7654b,snapshots/2026-08-31/loftcaviar-ossetra-reserve-50g.html,ok,extracted_via=selectors
OBS-000175,2026-08-31T19:59:49Z,Petrusco,https://petruscocaviar.com/products/petrusco-caviar-royal-ossetra,Royal Ossetra Caviar,Petrusco,Royal Ossetra,,,30,,91.00,3.0333,,TRUE,,d7cd94e95356f7f1,snapshots/2026-08-31/petrusco-royal-ossetra-30g.html,ok,extracted_via=jsonld
OBS-000176,2026-08-31T19:59:49Z,Caviére,https://caviereco.com/products/reserve-kaluga,Reserve Kaluga Caviar,Caviére,Huso dauricus x Acipenser schrenckii,,,30,,105.00,3.5000,,,,908217d687e3957e,snapshots/2026-08-31/caviere-reserve-kaluga-30g.html,ok,extracted_via=selectors
OBS-000177,2026-08-31T19:59:49Z,Caviar Russe,https://www.caviarrusse.com/products/select-osetra-caviar,Select Osetra,Caviar Russe,Acipenser Gueldenstaedtii,,,50,,250.00,5.0000,,,,6df14a25b14691b2,snapshots/2026-08-31/caviarrusse-select-osetra-50g.html,ok,extracted_via=selectors
OBS-000178,2026-08-31T19:59:49Z,Astrea Caviar,https://astreacaviar.com/products/astrea-kaluga-hybrid-caviar,Premier Selection Kaluga Hybrid,Astrea Caviar,Huso dauricus and Acipenser schrenckii,,,30,,160.00,5.3333,,,,6df14a25b14691b2,snapshots/2026-08-31/astrea-kaluga-hybrid-30g.html,ok,extracted_via=selectors
OBS-000179,2026-08-31T19:59:49Z,Caviar Star,https://www.caviarstar.com/products/kaluga-hybrid-caviar-limited-edition,"VIP Imperial Kaluga Hybrid Caviar ""OT"" Tins",Caviar Star,Kaluga Hybrid,,,50,,175.00,3.5000,,TRUE,,1f2860a25e95330d,snapshots/2026-08-31/caviarstar-vip-imperial-kaluga-50g.html,ok,extracted_via=jsonld
OBS-000180,2026-08-31T19:59:49Z,Browne Trading Company,https://brownetrading.com/collections/buy-caviar-online/products/american-hackleback-caviar,American Hackleback Caviar,Browne Trading Company,American Hackleback,,,28,,70.20,2.5071,,TRUE,,de0a336b54989bd1,snapshots/2026-08-31/brownetrading-american-hackleback-1oz.html,ok,extracted_via=jsonld
OBS-000181,2026-08-31T19:59:49Z,Tsar Caviar,https://tsarcaviar.com/products/imperial-kaluga-fusion-caviar,Imperial Kaluga Fusion Caviar - 1KG / 35.2 OZ,Tsar Caviar,Imperial Kaluga Fusion,,,1000,,1265.00,1.2650,,TRUE,,,snapshots/2026-08-31/tsarcaviar-imperial-kaluga-fusion-1kg.html,ok,extracted_via=jsonld
OBS-000182,2026-08-31T19:59:49Z,Island Creek Oysters,https://islandcreekoysters.com/collections/caviar/products/american-osetra-caviar,Island Creek American Osetra Caviar,ICO,American Osetra,,,30,,199.00,6.6333,,TRUE,,e3b0c44298fc1c14,snapshots/2026-08-31/islandcreek-american-osetra-30g.html,ok,extracted_via=jsonld
OBS-000183,2026-08-31T19:59:49Z,Regalis Foods,https://regalisfoods.com/products/imperial-black-kaluga-farmed-in-china,,Regalis Foods,Imperial Black Kaluga,,Farmed in China,28,,78.00,2.7857,,,,,snapshots/2026-08-31/regalis-imperial-black-kaluga-1oz.html,ok,extracted_via=selectors
OBS-000184,2026-08-31T19:59:49Z,Sterling Caviar,https://sterlingcaviar.com/products/classic-caviar,Classic Caviar,Sterling Caviar,White Sturgeon,Classic,,30,,117.00,3.9000,,TRUE,,36c57f121d7f8ad0,snapshots/2026-08-31/sterling-classic-caviar-30g.html,ok,extracted_via=jsonld; fetch=browser
OBS-000185,2026-08-31T19:59:49Z,Kolikof,https://kolikof.com/products/best-ossetra-reserve,Grand Reserve Ossetra Caviar,Kolikof,Ossetra,Grand Reserve,,28,,132.00,4.7143,,TRUE,,80680eec8e2c637d,snapshots/2026-08-31/kolikof-grand-reserve-ossetra-28g.html,ok,extracted_via=jsonld
OBS-000186,2026-08-31T19:59:49Z,One Caviar,https://onecaviar.com/products/royal-ossetra-caviar,Royal Ossetra Caviar,One Caviar,Acipenser Gueldenstaedtii,Royal Ossetra,,30,,120.00,4.0000,,,,d8dc7a93e203aee0,snapshots/2026-08-31/onecaviar-royal-ossetra-30g.html,ok,extracted_via=selectors
OBS-000187,2026-08-31T19:59:49Z,The Only Caviar,https://theonlycaviar.com/products/oscietra-caviar,Oscietra Caviar,The Only Caviar,Oscietra,,Italy,30,,129.00,4.3000,,,,,snapshots/2026-08-31/theonlycaviar-oscietra-30g.html,ok,extracted_via=selectors
OBS-000188,2026-08-31T19:59:49Z,KILO Caviar,https://kilocaviar.com/collections/all/products/imperial-osetra,Imperial Osetra,KILO Caviar,Imperial Osetra,,,28,,390.00,13.9286,,,,,snapshots/2026-08-31/kilocaviar-imperial-osetra-1oz.html,ok,extracted_via=selectors
OBS-000189,2026-08-31T19:59:49Z,Caviar Market,https://caviarmarketnyc.com/products/kaluga-queen-premium-black-caviar,Kaluga Queen Premium Caviar,Caviar Market,Huso Dauricus x Acipenser Schrenkii,,,100,,99.00,0.9900,,TRUE,,80846014f2364fd4,snapshots/2026-08-31/caviarmarketnyc-kaluga-queen-100g.html,ok,extracted_via=jsonld
OBS-000190,2026-09-01T17:59:52Z,Hey Caviar,https://heycaviar.com/product/our-signature-caviar/,Our Signature Caviar,Hey Caviar,kaluga,grade A,,113,,199.99,1.7698,,,,d789a359e9eb46b2,snapshots/2026-09-01/heycaviar-our-signature-caviar-4oz-113g.html,ok,extracted_via=selectors
OBS-000191,2026-09-01T17:59:52Z,Petrossian,https://www.petrossian.com/products/kaluga-huso-hybrid-caviar,Royal Kaluga Huso Hybrid Caviar,Petrossian,Huso Dauricus & Acipenser Shrenckii,,China,30,,219.00,7.3000,,TRUE,,617d3d09429ba85d,snapshots/2026-09-01/petrossian-royal-kaluga-huso-hybrid-30g.html,ok,extracted_via=jsonld
OBS-000192,2026-09-01T17:59:52Z,Pearl Street Caviar,https://pearlstreetcaviar.com/products/keluga,Keluga,Pearl Street Caviar,Keluga,,,12,,52.00,4.3333,,TRUE,,76296d1f4cda0e48,snapshots/2026-09-01/pearlstreet-keluga-slim-12g.html,ok,extracted_via=jsonld
OBS-000193,2026-09-01T17:59:52Z,The Caviar Co.,https://thecaviarco.com/products/imperial-golden-osetra-caviar,1 KILO (1000 g)* Imperial Golden Osetra Caviar,The Caviar Co.,Farmed Acipenser Gueldenstaedtii,,China,1000,,6808.00,6.8080,,,,37f54f1dd161005e,snapshots/2026-09-01/caviarco-imperial-golden-osetra-1kg.html,ok,extracted_via=jsonld
OBS-000194,2026-09-01T17:59:52Z,Imperia Caviar,https://imperiacaviar.com/products/kaluga,Kaluga Hybrid Reserve Caviar,Imperia Caviar,Kaluga Hybrid,Reserve,,130,,255.00,1.9615,,,,f53245633ee770e8,snapshots/2026-09-01/imperia-kaluga-hybrid-reserve-100g-promo.html,ok,extracted_via=selectors
OBS-000195,2026-09-01T17:59:52Z,Tsar Nicoulai,https://tsarnicoulai.com/products/classic-caviar,Classic Caviar,Tsar Nicoulai,Farmed Acipenser transmontanus,,"Wilton, CA",28,,80.00,2.8571,,,,88973b6ba0eaad2b,snapshots/2026-09-01/tsarnicoulai-classic-caviar-1oz.html,ok,extracted_via=selectors
OBS-000196,2026-09-01T17:59:52Z,OM Caviar,https://omcaviar.com/products/kaluga-hybrid,Kaluga Hybrid Caviar,OM Caviar,Kaluga Hybrid,,,50,,105.00,2.1000,,TRUE,,354617cc15ca1b2d,snapshots/2026-09-01/omcaviar-kaluga-hybrid-50g.html,ok,extracted_via=jsonld
OBS-000197,2026-09-01T17:59:52Z,Cavi Caviar,https://eatcavi.com/products/amur-sturgeon-caviar,Amur Sturgeon Caviar,CAVI,Amur Sturgeon,,,30,,105.00,3.5000,,,,7bfbda372783cdaa,snapshots/2026-09-01/eatcavi-amur-sturgeon-30g.html,ok,extracted_via=selectors
OBS-000198,2026-09-01T17:59:52Z,Calvisius Caviar USA,https://calvisiususa.com/products/calvisius-tradition-prestige,Calvisius Tradition Prestige,Calvisius Caviar,"Pacific White sturgeon, Acipenser transmontanus",,,28,,85.00,3.0357,,,,,snapshots/2026-09-01/calvisiususa-tradition-prestige-28g.html,ok,extracted_via=selectors
OBS-000199,2026-09-01T17:59:52Z,The Caviar Club,https://thecaviarclub.com/products/a-carefully-curated-selection-of-our-best-caviars,Caviar Sampler,The Caviar Club,Royal Ossetra + Kaluga Hybrid Reserve,,,200,,200.00,1.0000,,,,5191518d8fd5e295,snapshots/2026-09-01/caviarclub-caviar-sampler-200g.html,ok,extracted_via=selectors
OBS-000200,2026-09-01T17:59:52Z,Loft Caviar,https://loftcaviar.com/products/ossetra-reserve,Ossetra Reserve Caviar,Loft Caviar,Acipenser Guldenstadtii,,Caspian Sea,50,138.00,55.00,1.1000,60.1,,,3416d03713c7654b,snapshots/2026-09-01/loftcaviar-ossetra-reserve-50g.html,ok,extracted_via=selectors
OBS-000201,2026-09-01T17:59:52Z,Petrusco,https://petruscocaviar.com/products/petrusco-caviar-royal-ossetra,Royal Ossetra Caviar,Petrusco,Royal Ossetra,,,30,,91.00,3.0333,,TRUE,,d7cd94e95356f7f1,snapshots/2026-09-01/petrusco-royal-ossetra-30g.html,ok,extracted_via=jsonld
OBS-000202,2026-09-01T17:59:52Z,Caviére,https://caviereco.com/products/reserve-kaluga,Reserve Kaluga Caviar,Caviére,Huso dauricus x Acipenser schrenckii,,,30,,105.00,3.5000,,,,908217d687e3957e,snapshots/2026-09-01/caviere-reserve-kaluga-30g.html,ok,extracted_via=selectors
OBS-000203,2026-09-01T17:59:52Z,Caviar Russe,https://www.caviarrusse.com/products/select-osetra-caviar,Select Osetra,Caviar Russe,Acipenser Gueldenstaedtii,,,50,,250.00,5.0000,,,,6df14a25b14691b2,snapshots/2026-09-01/caviarrusse-select-osetra-50g.html,ok,extracted_via=selectors
OBS-000204,2026-09-01T17:59:52Z,Astrea Caviar,https://astreacaviar.com/products/astrea-kaluga-hybrid-caviar,Premier Selection Kaluga Hybrid,Astrea Caviar,Huso dauricus and Acipenser schrenckii,,,30,,160.00,5.3333,,,,6df14a25b14691b2,snapshots/2026-09-01/astrea-kaluga-hybrid-30g.html,ok,extracted_via=selectors
OBS-000205,2026-09-01T17:59:52Z,Caviar Star,https://www.caviarstar.com/products/kaluga-hybrid-caviar-limited-edition,"VIP Imperial Kaluga Hybrid Caviar ""OT"" Tins",Caviar Star,Kaluga Hybrid,,,50,,175.00,3.5000,,TRUE,,166207e90fe4aaa4,snapshots/2026-09-01/caviarstar-vip-imperial-kaluga-50g.html,ok,extracted_via=jsonld
OBS-000206,2026-09-01T17:59:52Z,Browne Trading Company,https://brownetrading.com/collections/buy-caviar-online/products/american-hackleback-caviar,,Browne Trading Company,American Hackleback,,,28,,,,,,,,,robots_unreachable,did not fetch; robots.txt unreachable: HTTP 500
OBS-000207,2026-09-01T17:59:52Z,Tsar Caviar,https://tsarcaviar.com/products/imperial-kaluga-fusion-caviar,Imperial Kaluga Fusion Caviar - 1KG / 35.2 OZ,Tsar Caviar,Imperial Kaluga Fusion,,,1000,,1265.00,1.2650,,TRUE,,,snapshots/2026-09-01/tsarcaviar-imperial-kaluga-fusion-1kg.html,ok,extracted_via=jsonld
OBS-000208,2026-09-01T17:59:52Z,Island Creek Oysters,https://islandcreekoysters.com/collections/caviar/products/american-osetra-caviar,Island Creek American Osetra Caviar,ICO,American Osetra,,,30,,199.00,6.6333,,TRUE,,e3b0c44298fc1c14,snapshots/2026-09-01/islandcreek-american-osetra-30g.html,ok,extracted_via=jsonld
OBS-000209,2026-09-01T17:59:52Z,Regalis Foods,https://regalisfoods.com/products/imperial-black-kaluga-farmed-in-china,,Regalis Foods,Imperial Black Kaluga,,Farmed in China,28,,78.00,2.7857,,,,,snapshots/2026-09-01/regalis-imperial-black-kaluga-1oz.html,ok,extracted_via=selectors
OBS-000210,2026-09-01T17:59:52Z,Sterling Caviar,https://sterlingcaviar.com/products/classic-caviar,Classic Caviar,Sterling Caviar,White Sturgeon,Classic,,30,,117.00,3.9000,,TRUE,,36c57f121d7f8ad0,snapshots/2026-09-01/sterling-classic-caviar-30g.html,ok,extracted_via=jsonld; fetch=browser
OBS-000211,2026-09-01T17:59:52Z,Kolikof,https://kolikof.com/products/best-ossetra-reserve,Grand Reserve Ossetra Caviar,Kolikof,Ossetra,Grand Reserve,,28,,132.00,4.7143,,TRUE,,80680eec8e2c637d,snapshots/2026-09-01/kolikof-grand-reserve-ossetra-28g.html,ok,extracted_via=jsonld
OBS-000212,2026-09-01T17:59:52Z,One Caviar,https://onecaviar.com/products/royal-ossetra-caviar,Royal Ossetra Caviar,One Caviar,Acipenser Gueldenstaedtii,Royal Ossetra,,30,,120.00,4.0000,,,,d8dc7a93e203aee0,snapshots/2026-09-01/onecaviar-royal-ossetra-30g.html,ok,extracted_via=selectors
OBS-000213,2026-09-01T17:59:52Z,The Only Caviar,https://theonlycaviar.com/products/oscietra-caviar,Oscietra Caviar,The Only Caviar,Oscietra,,Italy,30,,129.00,4.3000,,,,,snapshots/2026-09-01/theonlycaviar-oscietra-30g.html,ok,extracted_via=selectors
OBS-000214,2026-09-01T17:59:52Z,KILO Caviar,https://kilocaviar.com/collections/all/products/imperial-osetra,Imperial Osetra,KILO Caviar,Imperial Osetra,,,28,,390.00,13.9286,,,,,snapshots/2026-09-01/kilocaviar-imperial-osetra-1oz.html,ok,extracted_via=selectors
OBS-000215,2026-09-01T17:59:52Z,Caviar Market,https://caviarmarketnyc.com/products/kaluga-queen-premium-black-caviar,Kaluga Queen Premium Caviar,Caviar Market,Huso Dauricus x Acipenser Schrenkii,,,100,,99.00,0.9900,,TRUE,,80846014f2364fd4,snapshots/2026-09-01/caviarmarketnyc-kaluga-queen-100g.html,ok,extracted_via=jsonld
OBS-000216,2026-09-02T09:24:24Z,Hey Caviar,https://heycaviar.com/product/our-signature-caviar/,Our Signature Caviar,Hey Caviar,kaluga,grade A,,113,,199.99,1.7698,,,,d789a359e9eb46b2,snapshots/2026-09-02/heycaviar-our-signature-caviar-4oz-113g.html,ok,extracted_via=selectors
OBS-000217,2026-09-02T09:24:24Z,Petrossian,https://www.petrossian.com/products/kaluga-huso-hybrid-caviar,Royal Kaluga Huso Hybrid Caviar,Petrossian,Huso Dauricus & Acipenser Shrenckii,,China,30,,219.00,7.3000,,TRUE,,617d3d09429ba85d,snapshots/2026-09-02/petrossian-royal-kaluga-huso-hybrid-30g.html,ok,extracted_via=jsonld
OBS-000218,2026-09-02T09:24:24Z,Pearl Street Caviar,https://pearlstreetcaviar.com/products/keluga,Keluga,Pearl Street Caviar,Keluga,,,12,,52.00,4.3333,,TRUE,,76296d1f4cda0e48,snapshots/2026-09-02/pearlstreet-keluga-slim-12g.html,ok,extracted_via=jsonld
OBS-000219,2026-09-02T09:24:24Z,The Caviar Co.,https://thecaviarco.com/products/imperial-golden-osetra-caviar,1 KILO (1000 g)* Imperial Golden Osetra Caviar,The Caviar Co.,Farmed Acipenser Gueldenstaedtii,,China,1000,,6808.00,6.8080,,,,37f54f1dd161005e,snapshots/2026-09-02/caviarco-imperial-golden-osetra-1kg.html,ok,extracted_via=jsonld
OBS-000220,2026-09-02T09:24:24Z,Imperia Caviar,https://imperiacaviar.com/products/kaluga,Kaluga Hybrid Reserve Caviar,Imperia Caviar,Kaluga Hybrid,Reserve,,130,,255.00,1.9615,,,,f53245633ee770e8,snapshots/2026-09-02/imperia-kaluga-hybrid-reserve-100g-promo.html,ok,extracted_via=selectors
OBS-000221,2026-09-02T09:24:24Z,Tsar Nicoulai,https://tsarnicoulai.com/products/classic-caviar,Classic Caviar,Tsar Nicoulai,Farmed Acipenser transmontanus,,"Wilton, CA",28,,80.00,2.8571,,,,88973b6ba0eaad2b,snapshots/2026-09-02/tsarnicoulai-classic-caviar-1oz.html,ok,extracted_via=selectors
OBS-000222,2026-09-02T09:24:24Z,OM Caviar,https://omcaviar.com/products/kaluga-hybrid,Kaluga Hybrid Caviar,OM Caviar,Kaluga Hybrid,,,50,,105.00,2.1000,,TRUE,,354617cc15ca1b2d,snapshots/2026-09-02/omcaviar-kaluga-hybrid-50g.html,ok,extracted_via=jsonld
OBS-000223,2026-09-02T09:24:24Z,Cavi Caviar,https://eatcavi.com/products/amur-sturgeon-caviar,Amur Sturgeon Caviar,CAVI,Amur Sturgeon,,,30,,105.00,3.5000,,,,7bfbda372783cdaa,snapshots/2026-09-02/eatcavi-amur-sturgeon-30g.html,ok,extracted_via=selectors
OBS-000224,2026-09-02T09:24:24Z,Calvisius Caviar USA,https://calvisiususa.com/products/calvisius-tradition-prestige,Calvisius Tradition Prestige,Calvisius Caviar,"Pacific White sturgeon, Acipenser transmontanus",,,28,,85.00,3.0357,,,,,snapshots/2026-09-02/calvisiususa-tradition-prestige-28g.html,ok,extracted_via=selectors
OBS-000225,2026-09-02T09:24:24Z,The Caviar Club,https://thecaviarclub.com/products/a-carefully-curated-selection-of-our-best-caviars,Caviar Sampler,The Caviar Club,Royal Ossetra + Kaluga Hybrid Reserve,,,200,,200.00,1.0000,,,,5191518d8fd5e295,snapshots/2026-09-02/caviarclub-caviar-sampler-200g.html,ok,extracted_via=selectors
OBS-000226,2026-09-02T09:24:24Z,Loft Caviar,https://loftcaviar.com/products/ossetra-reserve,Ossetra Reserve Caviar,Loft Caviar,Acipenser Guldenstadtii,,Caspian Sea,50,138.00,55.00,1.1000,60.1,,,3416d03713c7654b,snapshots/2026-09-02/loftcaviar-ossetra-reserve-50g.html,ok,extracted_via=selectors
OBS-000227,2026-09-02T09:24:24Z,Petrusco,https://petruscocaviar.com/products/petrusco-caviar-royal-ossetra,Royal Ossetra Caviar,Petrusco,Royal Ossetra,,,30,,91.00,3.0333,,TRUE,,d7cd94e95356f7f1,snapshots/2026-09-02/petrusco-royal-ossetra-30g.html,ok,extracted_via=jsonld
OBS-000228,2026-09-02T09:24:24Z,Caviére,https://caviereco.com/products/reserve-kaluga,Reserve Kaluga Caviar,Caviére,Huso dauricus x Acipenser schrenckii,,,30,,105.00,3.5000,,,,908217d687e3957e,snapshots/2026-09-02/caviere-reserve-kaluga-30g.html,ok,extracted_via=selectors
OBS-000229,2026-09-02T09:24:24Z,Caviar Russe,https://www.caviarrusse.com/products/select-osetra-caviar,Select Osetra,Caviar Russe,Acipenser Gueldenstaedtii,,,50,,250.00,5.0000,,,,6df14a25b14691b2,snapshots/2026-09-02/caviarrusse-select-osetra-50g.html,ok,extracted_via=selectors
OBS-000230,2026-09-02T09:24:24Z,Astrea Caviar,https://astreacaviar.com/products/astrea-kaluga-hybrid-caviar,Premier Selection Kaluga Hybrid,Astrea Caviar,Huso dauricus and Acipenser schrenckii,,,30,,160.00,5.3333,,,,6df14a25b14691b2,snapshots/2026-09-02/astrea-kaluga-hybrid-30g.html,ok,extracted_via=selectors
OBS-000231,2026-09-02T09:24:24Z,Caviar Star,https://www.caviarstar.com/products/kaluga-hybrid-caviar-limited-edition,"VIP Imperial Kaluga Hybrid Caviar ""OT"" Tins",Caviar Star,Kaluga Hybrid,,,50,,175.00,3.5000,,TRUE,,166207e90fe4aaa4,snapshots/2026-09-02/caviarstar-vip-imperial-kaluga-50g.html,ok,extracted_via=jsonld
OBS-000232,2026-09-02T09:24:24Z,Browne Trading Company,https://brownetrading.com/collections/buy-caviar-online/products/american-hackleback-caviar,American Hackleback Caviar,Browne Trading Company,American Hackleback,,,28,,70.20,2.5071,,TRUE,,de0a336b54989bd1,snapshots/2026-09-02/brownetrading-american-hackleback-1oz.html,ok,extracted_via=jsonld
OBS-000233,2026-09-02T09:24:24Z,Tsar Caviar,https://tsarcaviar.com/products/imperial-kaluga-fusion-caviar,Imperial Kaluga Fusion Caviar - 1KG / 35.2 OZ,Tsar Caviar,Imperial Kaluga Fusion,,,1000,,1265.00,1.2650,,TRUE,,,snapshots/2026-09-02/tsarcaviar-imperial-kaluga-fusion-1kg.html,ok,extracted_via=jsonld
OBS-000234,2026-09-02T09:24:24Z,Island Creek Oysters,https://islandcreekoysters.com/collections/caviar/products/american-osetra-caviar,Island Creek American Osetra Caviar,ICO,American Osetra,,,30,,199.00,6.6333,,TRUE,,e3b0c44298fc1c14,snapshots/2026-09-02/islandcreek-american-osetra-30g.html,ok,extracted_via=jsonld
OBS-000235,2026-09-02T09:24:24Z,Regalis Foods,https://regalisfoods.com/products/imperial-black-kaluga-farmed-in-china,,Regalis Foods,Imperial Black Kaluga,,Farmed in China,28,,78.00,2.7857,,,,,snapshots/2026-09-02/regalis-imperial-black-kaluga-1oz.html,ok,extracted_via=selectors
OBS-000236,2026-09-02T09:24:24Z,Sterling Caviar,https://sterlingcaviar.com/products/classic-caviar,Classic Caviar,Sterling Caviar,White Sturgeon,Classic,,30,,117.00,3.9000,,TRUE,,36c57f121d7f8ad0,snapshots/2026-09-02/sterling-classic-caviar-30g.html,ok,extracted_via=jsonld; fetch=browser
OBS-000237,2026-09-02T09:24:24Z,Kolikof,https://kolikof.com/products/best-ossetra-reserve,Grand Reserve Ossetra Caviar,Kolikof,Ossetra,Grand Reserve,,28,,132.00,4.7143,,TRUE,,80680eec8e2c637d,snapshots/2026-09-02/kolikof-grand-reserve-ossetra-28g.html,ok,extracted_via=jsonld
OBS-000238,2026-09-02T09:24:24Z,One Caviar,https://onecaviar.com/products/royal-ossetra-caviar,Royal Ossetra Caviar,One Caviar,Acipenser Gueldenstaedtii,Royal Ossetra,,30,,120.00,4.0000,,,,d8dc7a93e203aee0,snapshots/2026-09-02/onecaviar-royal-ossetra-30g.html,ok,extracted_via=selectors
OBS-000239,2026-09-02T09:24:24Z,The Only Caviar,https://theonlycaviar.com/products/oscietra-caviar,Oscietra Caviar,The Only Caviar,Oscietra,,Italy,30,,129.00,4.3000,,,,,snapshots/2026-09-02/theonlycaviar-oscietra-30g.html,ok,extracted_via=selectors
OBS-000240,2026-09-02T09:24:24Z,KILO Caviar,https://kilocaviar.com/collections/all/products/imperial-osetra,Imperial Osetra,KILO Caviar,Imperial Osetra,,,28,,390.00,13.9286,,,,,snapshots/2026-09-02/kilocaviar-imperial-osetra-1oz.html,ok,extracted_via=selectors
OBS-000241,2026-09-02T09:24:24Z,Caviar Market,https://caviarmarketnyc.com/products/kaluga-queen-premium-black-caviar,Kaluga Queen Premium Caviar,Caviar Market,Huso Dauricus x Acipenser Schrenkii,,,100,,99.00,0.9900,,TRUE,,80846014f2364fd4,snapshots/2026-09-02/caviarmarketnyc-kaluga-queen-100g.html,ok,extracted_via=jsonld
OBS-000242,2026-09-02T09:24:24Z,Number One Caviar,https://numberonecaviar.com/products/kaluga-classic-caviar,Kaluga Classic Caviar,Number One Caviar,Kaluga (desc says Acipenser baerii),Classic,,28,,80.00,2.8571,,TRUE,,b9a80fbe4ddf49ae,snapshots/2026-09-02/numberone-kaluga-classic-28g.html,ok,extracted_via=jsonld
OBS-000243,2026-09-02T09:24:24Z,Meredith Marks Caviar,https://meredithmarkscaviar.com/products/24-karat-kaluga,24 KARAT KALUGA,Meredith Marks Caviar,Huso Dauricus,24 Karat,China,30,,90.00,3.0000,,TRUE,,4d8679cd658389c2,snapshots/2026-09-02/meredithmarks-24karat-kaluga-30g.html,ok,extracted_via=jsonld
OBS-000244,2026-09-02T09:24:24Z,Paramount Caviar,https://paramountcaviar.com/products/california-sturgeon,California White Sturgeon Caviar,Paramount Caviar,Acipenser transmontanous,,California,28,,61.00,2.1786,,FALSE,,9316d045ef39530c,snapshots/2026-09-02/paramount-california-white-sturgeon-28g.html,ok,extracted_via=jsonld
OBS-000245,2026-09-02T09:24:24Z,Marky's Caviar,https://www.markys.com/beluga-caviar-grade-00/,Beluga (Grade 00),Marky's Caviar,Huso huso,Grade 00,USA (Sturgeon AquaFarms),14,,155.00,11.0714,,TRUE,,,snapshots/2026-09-02/markys-beluga-grade-00-14g.html,ok,extracted_via=jsonld
OBS-000246,2026-09-02T17:52:30Z,Hey Caviar,https://heycaviar.com/product/our-signature-caviar/,Our Signature Caviar,Hey Caviar,kaluga,grade A,,113,,199.99,1.7698,,,,d789a359e9eb46b2,snapshots/2026-09-02/heycaviar-our-signature-caviar-4oz-113g_175230Z.html,ok,extracted_via=selectors
OBS-000247,2026-09-02T17:52:30Z,Petrossian,https://www.petrossian.com/products/kaluga-huso-hybrid-caviar,Royal Kaluga Huso Hybrid Caviar,Petrossian,Huso Dauricus & Acipenser Shrenckii,,China,30,,219.00,7.3000,,TRUE,,617d3d09429ba85d,snapshots/2026-09-02/petrossian-royal-kaluga-huso-hybrid-30g_175230Z.html,ok,extracted_via=jsonld
OBS-000248,2026-09-02T17:52:30Z,Pearl Street Caviar,https://pearlstreetcaviar.com/products/keluga,Keluga,Pearl Street Caviar,Keluga,,,12,,52.00,4.3333,,TRUE,,76296d1f4cda0e48,snapshots/2026-09-02/pearlstreet-keluga-slim-12g_175230Z.html,ok,extracted_via=jsonld
OBS-000249,2026-09-02T17:52:30Z,The Caviar Co.,https://thecaviarco.com/products/imperial-golden-osetra-caviar,1 KILO (1000 g)* Imperial Golden Osetra Caviar,The Caviar Co.,Farmed Acipenser Gueldenstaedtii,,China,1000,,6808.00,6.8080,,,,37f54f1dd161005e,snapshots/2026-09-02/caviarco-imperial-golden-osetra-1kg_175230Z.html,ok,extracted_via=jsonld
OBS-000250,2026-09-02T17:52:30Z,Imperia Caviar,https://imperiacaviar.com/products/kaluga,Kaluga Hybrid Reserve Caviar,Imperia Caviar,Kaluga Hybrid,Reserve,,130,,255.00,1.9615,,,,f53245633ee770e8,snapshots/2026-09-02/imperia-kaluga-hybrid-reserve-100g-promo_175230Z.html,ok,extracted_via=selectors
OBS-000251,2026-09-02T17:52:30Z,Tsar Nicoulai,https://tsarnicoulai.com/products/classic-caviar,Classic Caviar,Tsar Nicoulai,Farmed Acipenser transmontanus,,"Wilton, CA",28,,80.00,2.8571,,,,88973b6ba0eaad2b,snapshots/2026-09-02/tsarnicoulai-classic-caviar-1oz_175230Z.html,ok,extracted_via=selectors
OBS-000252,2026-09-02T17:52:30Z,OM Caviar,https://omcaviar.com/products/kaluga-hybrid,Kaluga Hybrid Caviar,OM Caviar,Kaluga Hybrid,,,50,,105.00,2.1000,,TRUE,,354617cc15ca1b2d,snapshots/2026-09-02/omcaviar-kaluga-hybrid-50g_175230Z.html,ok,extracted_via=jsonld
OBS-000253,2026-09-02T17:52:30Z,Cavi Caviar,https://eatcavi.com/products/amur-sturgeon-caviar,Amur Sturgeon Caviar,CAVI,Amur Sturgeon,,,30,,105.00,3.5000,,,,7bfbda372783cdaa,snapshots/2026-09-02/eatcavi-amur-sturgeon-30g_175230Z.html,ok,extracted_via=selectors
OBS-000254,2026-09-02T17:52:30Z,Calvisius Caviar USA,https://calvisiususa.com/products/calvisius-tradition-prestige,Calvisius Tradition Prestige,Calvisius Caviar,"Pacific White sturgeon, Acipenser transmontanus",,,28,,85.00,3.0357,,,,,snapshots/2026-09-02/calvisiususa-tradition-prestige-28g_175230Z.html,ok,extracted_via=selectors
OBS-000255,2026-09-02T17:52:30Z,The Caviar Club,https://thecaviarclub.com/products/a-carefully-curated-selection-of-our-best-caviars,Caviar Sampler,The Caviar Club,Royal Ossetra + Kaluga Hybrid Reserve,,,200,,200.00,1.0000,,,,5191518d8fd5e295,snapshots/2026-09-02/caviarclub-caviar-sampler-200g_175230Z.html,ok,extracted_via=selectors
OBS-000256,2026-09-02T17:52:30Z,Loft Caviar,https://loftcaviar.com/products/ossetra-reserve,Ossetra Reserve Caviar,Loft Caviar,Acipenser Guldenstadtii,,Caspian Sea,50,138.00,55.00,1.1000,60.1,,,3416d03713c7654b,snapshots/2026-09-02/loftcaviar-ossetra-reserve-50g_175230Z.html,ok,extracted_via=selectors
OBS-000257,2026-09-02T17:52:30Z,Petrusco,https://petruscocaviar.com/products/petrusco-caviar-royal-ossetra,Royal Ossetra Caviar,Petrusco,Royal Ossetra,,,30,,91.00,3.0333,,TRUE,,d7cd94e95356f7f1,snapshots/2026-09-02/petrusco-royal-ossetra-30g_175230Z.html,ok,extracted_via=jsonld
OBS-000258,2026-09-02T17:52:30Z,Caviére,https://caviereco.com/products/reserve-kaluga,Reserve Kaluga Caviar,Caviére,Huso dauricus x Acipenser schrenckii,,,30,,105.00,3.5000,,,,908217d687e3957e,snapshots/2026-09-02/caviere-reserve-kaluga-30g_175230Z.html,ok,extracted_via=selectors
OBS-000259,2026-09-02T17:52:30Z,Caviar Russe,https://www.caviarrusse.com/products/select-osetra-caviar,Select Osetra,Caviar Russe,Acipenser Gueldenstaedtii,,,50,,250.00,5.0000,,,,6df14a25b14691b2,snapshots/2026-09-02/caviarrusse-select-osetra-50g_175230Z.html,ok,extracted_via=selectors
OBS-000260,2026-09-02T17:52:30Z,Astrea Caviar,https://astreacaviar.com/products/astrea-kaluga-hybrid-caviar,Premier Selection Kaluga Hybrid,Astrea Caviar,Huso dauricus and Acipenser schrenckii,,,30,,160.00,5.3333,,,,6df14a25b14691b2,snapshots/2026-09-02/astrea-kaluga-hybrid-30g_175230Z.html,ok,extracted_via=selectors
OBS-000261,2026-09-02T17:52:30Z,Caviar Star,https://www.caviarstar.com/products/kaluga-hybrid-caviar-limited-edition,"VIP Imperial Kaluga Hybrid Caviar ""OT"" Tins",Caviar Star,Kaluga Hybrid,,,50,,175.00,3.5000,,TRUE,,166207e90fe4aaa4,snapshots/2026-09-02/caviarstar-vip-imperial-kaluga-50g_175230Z.html,ok,extracted_via=jsonld
OBS-000262,2026-09-02T17:52:30Z,Browne Trading Company,https://brownetrading.com/collections/buy-caviar-online/products/american-hackleback-caviar,American Hackleback Caviar,Browne Trading Company,American Hackleback,,,28,,70.20,2.5071,,TRUE,,de0a336b54989bd1,snapshots/2026-09-02/brownetrading-american-hackleback-1oz_175230Z.html,ok,extracted_via=jsonld
OBS-000263,2026-09-02T17:52:30Z,Tsar Caviar,https://tsarcaviar.com/products/imperial-kaluga-fusion-caviar,Imperial Kaluga Fusion Caviar - 1KG / 35.2 OZ,Tsar Caviar,Imperial Kaluga Fusion,,,1000,,1265.00,1.2650,,TRUE,,,snapshots/2026-09-02/tsarcaviar-imperial-kaluga-fusion-1kg_175230Z.html,ok,extracted_via=jsonld
OBS-000264,2026-09-02T17:52:30Z,Island Creek Oysters,https://islandcreekoysters.com/collections/caviar/products/american-osetra-caviar,Island Creek American Osetra Caviar,ICO,American Osetra,,,30,,199.00,6.6333,,TRUE,,e3b0c44298fc1c14,snapshots/2026-09-02/islandcreek-american-osetra-30g_175230Z.html,ok,extracted_via=jsonld
OBS-000265,2026-09-02T17:52:30Z,Regalis Foods,https://regalisfoods.com/products/imperial-black-kaluga-farmed-in-china,,Regalis Foods,Imperial Black Kaluga,,Farmed in China,28,,78.00,2.7857,,,,,snapshots/2026-09-02/regalis-imperial-black-kaluga-1oz_175230Z.html,ok,extracted_via=selectors
OBS-000266,2026-09-02T17:52:30Z,Sterling Caviar,https://sterlingcaviar.com/products/classic-caviar,Classic Caviar,Sterling Caviar,White Sturgeon,Classic,,30,,117.00,3.9000,,TRUE,,36c57f121d7f8ad0,snapshots/2026-09-02/sterling-classic-caviar-30g_175230Z.html,ok,extracted_via=jsonld; fetch=browser
OBS-000267,2026-09-02T17:52:30Z,Kolikof,https://kolikof.com/products/best-ossetra-reserve,Grand Reserve Ossetra Caviar,Kolikof,Ossetra,Grand Reserve,,28,,132.00,4.7143,,TRUE,,80680eec8e2c637d,snapshots/2026-09-02/kolikof-grand-reserve-ossetra-28g_175230Z.html,ok,extracted_via=jsonld
OBS-000268,2026-09-02T17:52:30Z,One Caviar,https://onecaviar.com/products/royal-ossetra-caviar,Royal Ossetra Caviar,One Caviar,Acipenser Gueldenstaedtii,Royal Ossetra,,30,,120.00,4.0000,,,,d8dc7a93e203aee0,snapshots/2026-09-02/onecaviar-royal-ossetra-30g_175230Z.html,ok,extracted_via=selectors
OBS-000269,2026-09-02T17:52:30Z,The Only Caviar,https://theonlycaviar.com/products/oscietra-caviar,Oscietra Caviar,The Only Caviar,Oscietra,,Italy,30,,129.00,4.3000,,,,,snapshots/2026-09-02/theonlycaviar-oscietra-30g_175230Z.html,ok,extracted_via=selectors
OBS-000270,2026-09-02T17:52:30Z,KILO Caviar,https://kilocaviar.com/collections/all/products/imperial-osetra,Imperial Osetra,KILO Caviar,Imperial Osetra,,,28,,390.00,13.9286,,,,,snapshots/2026-09-02/kilocaviar-imperial-osetra-1oz_175230Z.html,ok,extracted_via=selectors
OBS-000271,2026-09-02T17:52:30Z,Caviar Market,https://caviarmarketnyc.com/products/kaluga-queen-premium-black-caviar,Kaluga Queen Premium Caviar,Caviar Market,Huso Dauricus x Acipenser Schrenkii,,,100,,99.00,0.9900,,TRUE,,80846014f2364fd4,snapshots/2026-09-02/caviarmarketnyc-kaluga-queen-100g_175230Z.html,ok,extracted_via=jsonld
OBS-000272,2026-09-02T17:52:30Z,Number One Caviar,https://numberonecaviar.com/products/kaluga-classic-caviar,Kaluga Classic Caviar,Number One Caviar,Kaluga (desc says Acipenser baerii),Classic,,28,,80.00,2.8571,,TRUE,,b9a80fbe4ddf49ae,snapshots/2026-09-02/numberone-kaluga-classic-28g_175230Z.html,ok,extracted_via=jsonld
OBS-000273,2026-09-02T17:52:30Z,Meredith Marks Caviar,https://meredithmarkscaviar.com/products/24-karat-kaluga,24 KARAT KALUGA,Meredith Marks Caviar,Huso Dauricus,24 Karat,China,30,,90.00,3.0000,,TRUE,,4d8679cd658389c2,snapshots/2026-09-02/meredithmarks-24karat-kaluga-30g_175230Z.html,ok,extracted_via=jsonld
OBS-000274,2026-09-02T17:52:30Z,Paramount Caviar,https://paramountcaviar.com/products/california-sturgeon,California White Sturgeon Caviar,Paramount Caviar,Acipenser transmontanous,,California,28,,61.00,2.1786,,FALSE,,9316d045ef39530c,snapshots/2026-09-02/paramount-california-white-sturgeon-28g_175230Z.html,ok,extracted_via=jsonld
OBS-000275,2026-09-02T17:52:30Z,Marky's Caviar,https://www.markys.com/beluga-caviar-grade-00/,Beluga (Grade 00),Marky's Caviar,Huso huso,Grade 00,USA (Sturgeon AquaFarms),14,,155.00,11.0714,,TRUE,,,snapshots/2026-09-02/markys-beluga-grade-00-14g_175230Z.html,ok,extracted_via=jsonld
OBS-000276,2026-09-03T17:49:32Z,Hey Caviar,https://heycaviar.com/product/our-signature-caviar/,Our Signature Caviar,Hey Caviar,kaluga,grade A,,113,,199.99,1.7698,,,,d789a359e9eb46b2,snapshots/2026-09-03/heycaviar-our-signature-caviar-4oz-113g.html,ok,extracted_via=selectors
OBS-000277,2026-09-03T17:49:32Z,Petrossian,https://www.petrossian.com/products/kaluga-huso-hybrid-caviar,Royal Kaluga Huso Hybrid Caviar,Petrossian,Huso Dauricus & Acipenser Shrenckii,,China,30,,219.00,7.3000,,TRUE,,617d3d09429ba85d,snapshots/2026-09-03/petrossian-royal-kaluga-huso-hybrid-30g.html,ok,extracted_via=jsonld
OBS-000278,2026-09-03T17:49:32Z,Pearl Street Caviar,https://pearlstreetcaviar.com/products/keluga,Keluga,Pearl Street Caviar,Keluga,,,12,,52.00,4.3333,,TRUE,,76296d1f4cda0e48,snapshots/2026-09-03/pearlstreet-keluga-slim-12g.html,ok,extracted_via=jsonld
OBS-000279,2026-09-03T17:49:32Z,The Caviar Co.,https://thecaviarco.com/products/imperial-golden-osetra-caviar,1 KILO (1000 g)* Imperial Golden Osetra Caviar,The Caviar Co.,Farmed Acipenser Gueldenstaedtii,,China,1000,,6808.00,6.8080,,,,37f54f1dd161005e,snapshots/2026-09-03/caviarco-imperial-golden-osetra-1kg.html,ok,extracted_via=jsonld
OBS-000280,2026-09-03T17:49:32Z,Imperia Caviar,https://imperiacaviar.com/products/kaluga,Kaluga Hybrid Reserve Caviar,Imperia Caviar,Kaluga Hybrid,Reserve,,130,,255.00,1.9615,,,,f53245633ee770e8,snapshots/2026-09-03/imperia-kaluga-hybrid-reserve-100g-promo.html,ok,extracted_via=selectors
OBS-000281,2026-09-03T17:49:32Z,Tsar Nicoulai,https://tsarnicoulai.com/products/classic-caviar,Classic Caviar,Tsar Nicoulai,Farmed Acipenser transmontanus,,"Wilton, CA",28,,80.00,2.8571,,,,88973b6ba0eaad2b,snapshots/2026-09-03/tsarnicoulai-classic-caviar-1oz.html,ok,extracted_via=selectors
OBS-000282,2026-09-03T17:49:32Z,OM Caviar,https://omcaviar.com/products/kaluga-hybrid,Kaluga Hybrid Caviar,OM Caviar,Kaluga Hybrid,,,50,,105.00,2.1000,,TRUE,,354617cc15ca1b2d,snapshots/2026-09-03/omcaviar-kaluga-hybrid-50g.html,ok,extracted_via=jsonld
OBS-000283,2026-09-03T17:49:32Z,Cavi Caviar,https://eatcavi.com/products/amur-sturgeon-caviar,Amur Sturgeon Caviar,CAVI,Amur Sturgeon,,,30,,105.00,3.5000,,,,7bfbda372783cdaa,snapshots/2026-09-03/eatcavi-amur-sturgeon-30g.html,ok,extracted_via=selectors
OBS-000284,2026-09-03T17:49:32Z,Calvisius Caviar USA,https://calvisiususa.com/products/calvisius-tradition-prestige,Calvisius Tradition Prestige,Calvisius Caviar,"Pacific White sturgeon, Acipenser transmontanus",,,28,,85.00,3.0357,,,,,snapshots/2026-09-03/calvisiususa-tradition-prestige-28g.html,ok,extracted_via=selectors
OBS-000285,2026-09-03T17:49:32Z,The Caviar Club,https://thecaviarclub.com/products/a-carefully-curated-selection-of-our-best-caviars,Caviar Sampler,The Caviar Club,Royal Ossetra + Kaluga Hybrid Reserve,,,200,,200.00,1.0000,,,,5191518d8fd5e295,snapshots/2026-09-03/caviarclub-caviar-sampler-200g.html,ok,extracted_via=selectors
OBS-000286,2026-09-03T17:49:32Z,Loft Caviar,https://loftcaviar.com/products/ossetra-reserve,Ossetra Reserve Caviar,Loft Caviar,Acipenser Guldenstadtii,,Caspian Sea,50,138.00,55.00,1.1000,60.1,,,3416d03713c7654b,snapshots/2026-09-03/loftcaviar-ossetra-reserve-50g.html,ok,extracted_via=selectors
OBS-000287,2026-09-03T17:49:32Z,Petrusco,https://petruscocaviar.com/products/petrusco-caviar-royal-ossetra,Royal Ossetra Caviar,Petrusco,Royal Ossetra,,,30,,91.00,3.0333,,TRUE,,d7cd94e95356f7f1,snapshots/2026-09-03/petrusco-royal-ossetra-30g.html,ok,extracted_via=jsonld
OBS-000288,2026-09-03T17:49:32Z,Caviére,https://caviereco.com/products/reserve-kaluga,Reserve Kaluga Caviar,Caviére,Huso dauricus x Acipenser schrenckii,,,30,,105.00,3.5000,,,,908217d687e3957e,snapshots/2026-09-03/caviere-reserve-kaluga-30g.html,ok,extracted_via=selectors
OBS-000289,2026-09-03T17:49:32Z,Caviar Russe,https://www.caviarrusse.com/products/select-osetra-caviar,Select Osetra,Caviar Russe,Acipenser Gueldenstaedtii,,,50,,250.00,5.0000,,,,6df14a25b14691b2,snapshots/2026-09-03/caviarrusse-select-osetra-50g.html,ok,extracted_via=selectors
OBS-000290,2026-09-03T17:49:32Z,Astrea Caviar,https://astreacaviar.com/products/astrea-kaluga-hybrid-caviar,Premier Selection Kaluga Hybrid,Astrea Caviar,Huso dauricus and Acipenser schrenckii,,,30,,160.00,5.3333,,,,6df14a25b14691b2,snapshots/2026-09-03/astrea-kaluga-hybrid-30g.html,ok,extracted_via=selectors
OBS-000291,2026-09-03T17:49:32Z,Caviar Star,https://www.caviarstar.com/products/kaluga-hybrid-caviar-limited-edition,"VIP Imperial Kaluga Hybrid Caviar ""OT"" Tins",Caviar Star,Kaluga Hybrid,,,50,,175.00,3.5000,,TRUE,,166207e90fe4aaa4,snapshots/2026-09-03/caviarstar-vip-imperial-kaluga-50g.html,ok,extracted_via=jsonld
OBS-000292,2026-09-03T17:49:32Z,Browne Trading Company,https://brownetrading.com/collections/buy-caviar-online/products/american-hackleback-caviar,American Hackleback Caviar,Browne Trading Company,American Hackleback,,,28,,70.20,2.5071,,TRUE,,de0a336b54989bd1,snapshots/2026-09-03/brownetrading-american-hackleback-1oz.html,ok,extracted_via=jsonld
OBS-000293,2026-09-03T17:49:32Z,Tsar Caviar,https://tsarcaviar.com/products/imperial-kaluga-fusion-caviar,Imperial Kaluga Fusion Caviar - 1KG / 35.2 OZ,Tsar Caviar,Imperial Kaluga Fusion,,,1000,,1265.00,1.2650,,TRUE,,,snapshots/2026-09-03/tsarcaviar-imperial-kaluga-fusion-1kg.html,ok,extracted_via=jsonld
OBS-000294,2026-09-03T17:49:32Z,Island Creek Oysters,https://islandcreekoysters.com/collections/caviar/products/american-osetra-caviar,Island Creek American Osetra Caviar,ICO,American Osetra,,,30,,199.00,6.6333,,TRUE,,e3b0c44298fc1c14,snapshots/2026-09-03/islandcreek-american-osetra-30g.html,ok,extracted_via=jsonld
OBS-000295,2026-09-03T17:49:32Z,Regalis Foods,https://regalisfoods.com/products/imperial-black-kaluga-farmed-in-china,,Regalis Foods,Imperial Black Kaluga,,Farmed in China,28,,78.00,2.7857,,,,,snapshots/2026-09-03/regalis-imperial-black-kaluga-1oz.html,ok,extracted_via=selectors
OBS-000296,2026-09-03T17:49:32Z,Sterling Caviar,https://sterlingcaviar.com/products/classic-caviar,Classic Caviar,Sterling Caviar,White Sturgeon,Classic,,30,,117.00,3.9000,,TRUE,,36c57f121d7f8ad0,snapshots/2026-09-03/sterling-classic-caviar-30g.html,ok,extracted_via=jsonld; fetch=browser
OBS-000297,2026-09-03T17:49:32Z,Kolikof,https://kolikof.com/products/best-ossetra-reserve,Grand Reserve Ossetra Caviar,Kolikof,Ossetra,Grand Reserve,,28,,132.00,4.7143,,TRUE,,80680eec8e2c637d,snapshots/2026-09-03/kolikof-grand-reserve-ossetra-28g.html,ok,extracted_via=jsonld
OBS-000298,2026-09-03T17:49:32Z,One Caviar,https://onecaviar.com/products/royal-ossetra-caviar,Royal Ossetra Caviar,One Caviar,Acipenser Gueldenstaedtii,Royal Ossetra,,30,,120.00,4.0000,,,,d8dc7a93e203aee0,snapshots/2026-09-03/onecaviar-royal-ossetra-30g.html,ok,extracted_via=selectors
OBS-000299,2026-09-03T17:49:32Z,The Only Caviar,https://theonlycaviar.com/products/oscietra-caviar,Oscietra Caviar,The Only Caviar,Oscietra,,Italy,30,,129.00,4.3000,,,,,snapshots/2026-09-03/theonlycaviar-oscietra-30g.html,ok,extracted_via=selectors
OBS-000300,2026-09-03T17:49:32Z,KILO Caviar,https://kilocaviar.com/collections/all/products/imperial-osetra,Imperial Osetra,KILO Caviar,Imperial Osetra,,,28,,390.00,13.9286,,,,,snapshots/2026-09-03/kilocaviar-imperial-osetra-1oz.html,ok,extracted_via=selectors
OBS-000301,2026-09-03T17:49:32Z,Caviar Market,https://caviarmarketnyc.com/products/kaluga-queen-premium-black-caviar,Kaluga Queen Premium Caviar,Caviar Market,Huso Dauricus x Acipenser Schrenkii,,,100,,99.00,0.9900,,TRUE,,80846014f2364fd4,snapshots/2026-09-03/caviarmarketnyc-kaluga-queen-100g.html,ok,extracted_via=jsonld
OBS-000302,2026-09-03T17:49:32Z,Number One Caviar,https://numberonecaviar.com/products/kaluga-classic-caviar,Kaluga Classic Caviar,Number One Caviar,Kaluga (desc says Acipenser baerii),Classic,,28,,80.00,2.8571,,TRUE,,b9a80fbe4ddf49ae,snapshots/2026-09-03/numberone-kaluga-classic-28g.html,ok,extracted_via=jsonld
OBS-000303,2026-09-03T17:49:32Z,Meredith Marks Caviar,https://meredithmarkscaviar.com/products/24-karat-kaluga,24 KARAT KALUGA,Meredith Marks Caviar,Huso Dauricus,24 Karat,China,30,,90.00,3.0000,,TRUE,,4d8679cd658389c2,snapshots/2026-09-03/meredithmarks-24karat-kaluga-30g.html,ok,extracted_via=jsonld
OBS-000304,2026-09-03T17:49:32Z,Paramount Caviar,https://paramountcaviar.com/products/california-sturgeon,California White Sturgeon Caviar,Paramount Caviar,Acipenser transmontanous,,California,28,,61.00,2.1786,,FALSE,,9316d045ef39530c,snapshots/2026-09-03/paramount-california-white-sturgeon-28g.html,ok,extracted_via=jsonld
OBS-000305,2026-09-03T17:49:32Z,Marky's Caviar,https://www.markys.com/beluga-caviar-grade-00/,Beluga (Grade 00),Marky's Caviar,Huso huso,Grade 00,USA (Sturgeon AquaFarms),14,,155.00,11.0714,,TRUE,,,snapshots/2026-09-03/markys-beluga-grade-00-14g.html,ok,extracted_via=jsonld
OBS-000306,2026-09-03T17:49:32Z,Golden Goat Caviar,https://goldengoatcaviar.com/products/classic-ossetra,Classic Ossetra Caviar | Silky & Refined,Golden Goat Caviar,Ossetra,Classic,,30,,120.00,4.0000,,TRUE,,9eb3273431d3fb19,snapshots/2026-09-03/goldengoat-classic-ossetra-30g.html,ok,extracted_via=jsonld
OBS-000307,2026-09-03T17:49:32Z,Citarella,https://www.citarella.com/shop/seafood/caviar/osetra-caviar.html,Osetra Caviar,Citarella,Osetra,,,50,,180.00,3.6000,,,,f0872847ed75dda4,snapshots/2026-09-03/citarella-osetra-1.75oz.html,ok,extracted_via=selectors
OBS-000308,2026-09-04T17:34:45Z,Hey Caviar,https://heycaviar.com/product/our-signature-caviar/,Our Signature Caviar,Hey Caviar,kaluga,grade A,,113,,199.99,1.7698,,,,d789a359e9eb46b2,snapshots/2026-09-04/heycaviar-our-signature-caviar-4oz-113g.html,ok,extracted_via=selectors
OBS-000309,2026-09-04T17:34:45Z,Petrossian,https://www.petrossian.com/products/kaluga-huso-hybrid-caviar,Royal Kaluga Huso Hybrid Caviar,Petrossian,Huso Dauricus & Acipenser Shrenckii,,China,30,,219.00,7.3000,,TRUE,,617d3d09429ba85d,snapshots/2026-09-04/petrossian-royal-kaluga-huso-hybrid-30g.html,ok,extracted_via=jsonld
OBS-000310,2026-09-04T17:34:45Z,Pearl Street Caviar,https://pearlstreetcaviar.com/products/keluga,Keluga,Pearl Street Caviar,Keluga,,,12,,52.00,4.3333,,TRUE,,76296d1f4cda0e48,snapshots/2026-09-04/pearlstreet-keluga-slim-12g.html,ok,extracted_via=jsonld
OBS-000311,2026-09-04T17:34:45Z,The Caviar Co.,https://thecaviarco.com/products/imperial-golden-osetra-caviar,1 KILO (1000 g)* Imperial Golden Osetra Caviar,The Caviar Co.,Farmed Acipenser Gueldenstaedtii,,China,1000,,6808.00,6.8080,,,,37f54f1dd161005e,snapshots/2026-09-04/caviarco-imperial-golden-osetra-1kg.html,ok,extracted_via=jsonld
OBS-000312,2026-09-04T17:34:45Z,Imperia Caviar,https://imperiacaviar.com/products/kaluga,Kaluga Hybrid Reserve Caviar,Imperia Caviar,Kaluga Hybrid,Reserve,,130,,255.00,1.9615,,,,f53245633ee770e8,snapshots/2026-09-04/imperia-kaluga-hybrid-reserve-100g-promo.html,ok,extracted_via=selectors
OBS-000313,2026-09-04T17:34:45Z,Tsar Nicoulai,https://tsarnicoulai.com/products/classic-caviar,Classic Caviar,Tsar Nicoulai,Farmed Acipenser transmontanus,,"Wilton, CA",28,,80.00,2.8571,,,,88973b6ba0eaad2b,snapshots/2026-09-04/tsarnicoulai-classic-caviar-1oz.html,ok,extracted_via=selectors
OBS-000314,2026-09-04T17:34:45Z,OM Caviar,https://omcaviar.com/products/kaluga-hybrid,Kaluga Hybrid Caviar,OM Caviar,Kaluga Hybrid,,,50,,105.00,2.1000,,TRUE,,354617cc15ca1b2d,snapshots/2026-09-04/omcaviar-kaluga-hybrid-50g.html,ok,extracted_via=jsonld
OBS-000315,2026-09-04T17:34:45Z,Cavi Caviar,https://eatcavi.com/products/amur-sturgeon-caviar,Amur Sturgeon Caviar,CAVI,Amur Sturgeon,,,30,,105.00,3.5000,,,,7bfbda372783cdaa,snapshots/2026-09-04/eatcavi-amur-sturgeon-30g.html,ok,extracted_via=selectors
OBS-000316,2026-09-04T17:34:45Z,Calvisius Caviar USA,https://calvisiususa.com/products/calvisius-tradition-prestige,Calvisius Tradition Prestige,Calvisius Caviar,"Pacific White sturgeon, Acipenser transmontanus",,,28,,85.00,3.0357,,,,,snapshots/2026-09-04/calvisiususa-tradition-prestige-28g.html,ok,extracted_via=selectors
OBS-000317,2026-09-04T17:34:45Z,The Caviar Club,https://thecaviarclub.com/products/a-carefully-curated-selection-of-our-best-caviars,Caviar Sampler,The Caviar Club,Royal Ossetra + Kaluga Hybrid Reserve,,,200,,200.00,1.0000,,,,5191518d8fd5e295,snapshots/2026-09-04/caviarclub-caviar-sampler-200g.html,ok,extracted_via=selectors
OBS-000318,2026-09-04T17:34:45Z,Loft Caviar,https://loftcaviar.com/products/ossetra-reserve,Ossetra Reserve Caviar,Loft Caviar,Acipenser Guldenstadtii,,Caspian Sea,50,138.00,55.00,1.1000,60.1,,,3416d03713c7654b,snapshots/2026-09-04/loftcaviar-ossetra-reserve-50g.html,ok,extracted_via=selectors
OBS-000319,2026-09-04T17:34:45Z,Petrusco,https://petruscocaviar.com/products/petrusco-caviar-royal-ossetra,Royal Ossetra Caviar,Petrusco,Royal Ossetra,,,30,,91.00,3.0333,,TRUE,,d7cd94e95356f7f1,snapshots/2026-09-04/petrusco-royal-ossetra-30g.html,ok,extracted_via=jsonld
OBS-000320,2026-09-04T17:34:45Z,Caviére,https://caviereco.com/products/reserve-kaluga,Reserve Kaluga Caviar,Caviére,Huso dauricus x Acipenser schrenckii,,,30,,105.00,3.5000,,,,177966f21d52c108,snapshots/2026-09-04/caviere-reserve-kaluga-30g.html,ok,extracted_via=selectors
OBS-000321,2026-09-04T17:34:45Z,Caviar Russe,https://www.caviarrusse.com/products/select-osetra-caviar,Select Osetra,Caviar Russe,Acipenser Gueldenstaedtii,,,50,,250.00,5.0000,,,,6df14a25b14691b2,snapshots/2026-09-04/caviarrusse-select-osetra-50g.html,ok,extracted_via=selectors
OBS-000322,2026-09-04T17:34:45Z,Astrea Caviar,https://astreacaviar.com/products/astrea-kaluga-hybrid-caviar,Premier Selection Kaluga Hybrid,Astrea Caviar,Huso dauricus and Acipenser schrenckii,,,30,,160.00,5.3333,,,,6df14a25b14691b2,snapshots/2026-09-04/astrea-kaluga-hybrid-30g.html,ok,extracted_via=selectors
OBS-000323,2026-09-04T17:34:45Z,Caviar Star,https://www.caviarstar.com/products/kaluga-hybrid-caviar-limited-edition,"VIP Imperial Kaluga Hybrid Caviar ""OT"" Tins",Caviar Star,Kaluga Hybrid,,,50,,175.00,3.5000,,TRUE,,166207e90fe4aaa4,snapshots/2026-09-04/caviarstar-vip-imperial-kaluga-50g.html,ok,extracted_via=jsonld
OBS-000324,2026-09-04T17:34:45Z,Browne Trading Company,https://brownetrading.com/collections/buy-caviar-online/products/american-hackleback-caviar,American Hackleback Caviar,Browne Trading Company,American Hackleback,,,28,,78.00,2.7857,,TRUE,,de0a336b54989bd1,snapshots/2026-09-04/brownetrading-american-hackleback-1oz.html,ok,extracted_via=jsonld
OBS-000325,2026-09-04T17:34:45Z,Tsar Caviar,https://tsarcaviar.com/products/imperial-kaluga-fusion-caviar,Imperial Kaluga Fusion Caviar - 1KG / 35.2 OZ,Tsar Caviar,Imperial Kaluga Fusion,,,1000,,1265.00,1.2650,,TRUE,,,snapshots/2026-09-04/tsarcaviar-imperial-kaluga-fusion-1kg.html,ok,extracted_via=jsonld
OBS-000326,2026-09-04T17:34:45Z,Island Creek Oysters,https://islandcreekoysters.com/collections/caviar/products/american-osetra-caviar,Island Creek American Osetra Caviar,ICO,American Osetra,,,30,,199.00,6.6333,,TRUE,,e3b0c44298fc1c14,snapshots/2026-09-04/islandcreek-american-osetra-30g.html,ok,extracted_via=jsonld
OBS-000327,2026-09-04T17:34:45Z,Regalis Foods,https://regalisfoods.com/products/imperial-black-kaluga-farmed-in-china,,Regalis Foods,Imperial Black Kaluga,,Farmed in China,28,,78.00,2.7857,,,,,snapshots/2026-09-04/regalis-imperial-black-kaluga-1oz.html,ok,extracted_via=selectors
OBS-000328,2026-09-04T17:34:45Z,Sterling Caviar,https://sterlingcaviar.com/products/classic-caviar,Classic Caviar,Sterling Caviar,White Sturgeon,Classic,,30,,117.00,3.9000,,TRUE,,36c57f121d7f8ad0,snapshots/2026-09-04/sterling-classic-caviar-30g.html,ok,extracted_via=jsonld; fetch=browser
OBS-000329,2026-09-04T17:34:45Z,Kolikof,https://kolikof.com/products/best-ossetra-reserve,Grand Reserve Ossetra Caviar,Kolikof,Ossetra,Grand Reserve,,28,,132.00,4.7143,,TRUE,,80680eec8e2c637d,snapshots/2026-09-04/kolikof-grand-reserve-ossetra-28g.html,ok,extracted_via=jsonld
OBS-000330,2026-09-04T17:34:45Z,One Caviar,https://onecaviar.com/products/royal-ossetra-caviar,Royal Ossetra Caviar,One Caviar,Acipenser Gueldenstaedtii,Royal Ossetra,,30,,120.00,4.0000,,,,d8dc7a93e203aee0,snapshots/2026-09-04/onecaviar-royal-ossetra-30g.html,ok,extracted_via=selectors
OBS-000331,2026-09-04T17:34:45Z,The Only Caviar,https://theonlycaviar.com/products/oscietra-caviar,Oscietra Caviar,The Only Caviar,Oscietra,,Italy,30,,129.00,4.3000,,,,,snapshots/2026-09-04/theonlycaviar-oscietra-30g.html,ok,extracted_via=selectors
OBS-000332,2026-09-04T17:34:45Z,KILO Caviar,https://kilocaviar.com/collections/all/products/imperial-osetra,Imperial Osetra,KILO Caviar,Imperial Osetra,,,28,,390.00,13.9286,,,,,snapshots/2026-09-04/kilocaviar-imperial-osetra-1oz.html,ok,extracted_via=selectors
OBS-000333,2026-09-04T17:34:45Z,Caviar Market,https://caviarmarketnyc.com/products/kaluga-queen-premium-black-caviar,Kaluga Queen Premium Caviar,Caviar Market,Huso Dauricus x Acipenser Schrenkii,,,100,,99.00,0.9900,,TRUE,,80846014f2364fd4,snapshots/2026-09-04/caviarmarketnyc-kaluga-queen-100g.html,ok,extracted_via=jsonld
OBS-000334,2026-09-04T17:34:45Z,Number One Caviar,https://numberonecaviar.com/products/kaluga-classic-caviar,Kaluga Classic Caviar,Number One Caviar,Kaluga (desc says Acipenser baerii),Classic,,28,,80.00,2.8571,,TRUE,,b9a80fbe4ddf49ae,snapshots/2026-09-04/numberone-kaluga-classic-28g.html,ok,extracted_via=jsonld
OBS-000335,2026-09-04T17:34:45Z,Meredith Marks Caviar,https://meredithmarkscaviar.com/products/24-karat-kaluga,24 KARAT KALUGA,Meredith Marks Caviar,Huso Dauricus,24 Karat,China,30,,90.00,3.0000,,TRUE,,4d8679cd658389c2,snapshots/2026-09-04/meredithmarks-24karat-kaluga-30g.html,ok,extracted_via=jsonld
OBS-000336,2026-09-04T17:34:45Z,Paramount Caviar,https://paramountcaviar.com/products/california-sturgeon,California White Sturgeon Caviar,Paramount Caviar,Acipenser transmontanous,,California,28,,61.00,2.1786,,FALSE,,9316d045ef39530c,snapshots/2026-09-04/paramount-california-white-sturgeon-28g.html,ok,extracted_via=jsonld
OBS-000337,2026-09-04T17:34:45Z,Marky's Caviar,https://www.markys.com/beluga-caviar-grade-00/,Beluga (Grade 00),Marky's Caviar,Huso huso,Grade 00,USA (Sturgeon AquaFarms),14,,155.00,11.0714,,TRUE,,,snapshots/2026-09-04/markys-beluga-grade-00-14g.html,ok,extracted_via=jsonld
OBS-000338,2026-09-04T17:34:45Z,Golden Goat Caviar,https://goldengoatcaviar.com/products/classic-ossetra,Classic Ossetra Caviar | Silky & Refined,Golden Goat Caviar,Ossetra,Classic,,30,,120.00,4.0000,,TRUE,,9eb3273431d3fb19,snapshots/2026-09-04/goldengoat-classic-ossetra-30g.html,ok,extracted_via=jsonld
OBS-000339,2026-09-04T17:34:45Z,Citarella,https://www.citarella.com/shop/seafood/caviar/osetra-caviar.html,Osetra Caviar,Citarella,Osetra,,,50,,180.00,3.6000,,,,f0872847ed75dda4,snapshots/2026-09-04/citarella-osetra-1.75oz.html,ok,extracted_via=selectors
OBS-000340,2026-09-05T16:47:59Z,Hey Caviar,https://heycaviar.com/product/our-signature-caviar/,Our Signature Caviar,Hey Caviar,kaluga,grade A,,113,,199.99,1.7698,,,,d789a359e9eb46b2,snapshots/2026-09-05/heycaviar-our-signature-caviar-4oz-113g.html,ok,extracted_via=selectors
OBS-000341,2026-09-05T16:47:59Z,Petrossian,https://www.petrossian.com/products/kaluga-huso-hybrid-caviar,Royal Kaluga Huso Hybrid Caviar,Petrossian,Huso Dauricus & Acipenser Shrenckii,,China,30,,219.00,7.3000,,TRUE,,617d3d09429ba85d,snapshots/2026-09-05/petrossian-royal-kaluga-huso-hybrid-30g.html,ok,extracted_via=jsonld
OBS-000342,2026-09-05T16:47:59Z,Pearl Street Caviar,https://pearlstreetcaviar.com/products/keluga,Keluga,Pearl Street Caviar,Keluga,,,12,,52.00,4.3333,,TRUE,,76296d1f4cda0e48,snapshots/2026-09-05/pearlstreet-keluga-slim-12g.html,ok,extracted_via=jsonld
OBS-000343,2026-09-05T16:47:59Z,The Caviar Co.,https://thecaviarco.com/products/imperial-golden-osetra-caviar,1 KILO (1000 g)* Imperial Golden Osetra Caviar,The Caviar Co.,Farmed Acipenser Gueldenstaedtii,,China,1000,,6808.00,6.8080,,,,37f54f1dd161005e,snapshots/2026-09-05/caviarco-imperial-golden-osetra-1kg.html,ok,extracted_via=jsonld
OBS-000344,2026-09-05T16:47:59Z,Imperia Caviar,https://imperiacaviar.com/products/kaluga,Kaluga Hybrid Reserve Caviar,Imperia Caviar,Kaluga Hybrid,Reserve,,130,,255.00,1.9615,,,,f53245633ee770e8,snapshots/2026-09-05/imperia-kaluga-hybrid-reserve-100g-promo.html,ok,extracted_via=selectors
OBS-000345,2026-09-05T16:47:59Z,Tsar Nicoulai,https://tsarnicoulai.com/products/classic-caviar,Classic Caviar,Tsar Nicoulai,Farmed Acipenser transmontanus,,"Wilton, CA",28,,80.00,2.8571,,,,88973b6ba0eaad2b,snapshots/2026-09-05/tsarnicoulai-classic-caviar-1oz.html,ok,extracted_via=selectors
OBS-000346,2026-09-05T16:47:59Z,OM Caviar,https://omcaviar.com/products/kaluga-hybrid,Kaluga Hybrid Caviar,OM Caviar,Kaluga Hybrid,,,50,,105.00,2.1000,,TRUE,,354617cc15ca1b2d,snapshots/2026-09-05/omcaviar-kaluga-hybrid-50g.html,ok,extracted_via=jsonld
OBS-000347,2026-09-05T16:47:59Z,Cavi Caviar,https://eatcavi.com/products/amur-sturgeon-caviar,Amur Sturgeon Caviar,CAVI,Amur Sturgeon,,,30,,105.00,3.5000,,,,7bfbda372783cdaa,snapshots/2026-09-05/eatcavi-amur-sturgeon-30g.html,ok,extracted_via=selectors
OBS-000348,2026-09-05T16:47:59Z,Calvisius Caviar USA,https://calvisiususa.com/products/calvisius-tradition-prestige,Calvisius Tradition Prestige,Calvisius Caviar,"Pacific White sturgeon, Acipenser transmontanus",,,28,,85.00,3.0357,,,,,snapshots/2026-09-05/calvisiususa-tradition-prestige-28g.html,ok,extracted_via=selectors
OBS-000349,2026-09-05T16:47:59Z,The Caviar Club,https://thecaviarclub.com/products/a-carefully-curated-selection-of-our-best-caviars,Caviar Sampler,The Caviar Club,Royal Ossetra + Kaluga Hybrid Reserve,,,200,,200.00,1.0000,,,,5191518d8fd5e295,snapshots/2026-09-05/caviarclub-caviar-sampler-200g.html,ok,extracted_via=selectors
OBS-000350,2026-09-05T16:47:59Z,Loft Caviar,https://loftcaviar.com/products/ossetra-reserve,Ossetra Reserve Caviar,Loft Caviar,Acipenser Guldenstadtii,,Caspian Sea,50,138.00,55.00,1.1000,60.1,,,3416d03713c7654b,snapshots/2026-09-05/loftcaviar-ossetra-reserve-50g.html,ok,extracted_via=selectors
OBS-000351,2026-09-05T16:47:59Z,Petrusco,https://petruscocaviar.com/products/petrusco-caviar-royal-ossetra,Royal Ossetra Caviar,Petrusco,Royal Ossetra,,,30,,91.00,3.0333,,TRUE,,d7cd94e95356f7f1,snapshots/2026-09-05/petrusco-royal-ossetra-30g.html,ok,extracted_via=jsonld
OBS-000352,2026-09-05T16:47:59Z,Caviére,https://caviereco.com/products/reserve-kaluga,Reserve Kaluga Caviar,Caviére,Huso dauricus x Acipenser schrenckii,,,30,,105.00,3.5000,,,,6c75b87078d6bc9b,snapshots/2026-09-05/caviere-reserve-kaluga-30g.html,ok,extracted_via=selectors
OBS-000353,2026-09-05T16:47:59Z,Caviar Russe,https://www.caviarrusse.com/products/select-osetra-caviar,Select Osetra,Caviar Russe,Acipenser Gueldenstaedtii,,,50,,250.00,5.0000,,,,6df14a25b14691b2,snapshots/2026-09-05/caviarrusse-select-osetra-50g.html,ok,extracted_via=selectors
OBS-000354,2026-09-05T16:47:59Z,Astrea Caviar,https://astreacaviar.com/products/astrea-kaluga-hybrid-caviar,Premier Selection Kaluga Hybrid,Astrea Caviar,Huso dauricus and Acipenser schrenckii,,,30,,160.00,5.3333,,,,6df14a25b14691b2,snapshots/2026-09-05/astrea-kaluga-hybrid-30g.html,ok,extracted_via=selectors
OBS-000355,2026-09-05T16:47:59Z,Caviar Star,https://www.caviarstar.com/products/kaluga-hybrid-caviar-limited-edition,"VIP Imperial Kaluga Hybrid Caviar ""OT"" Tins",Caviar Star,Kaluga Hybrid,,,50,,175.00,3.5000,,TRUE,,166207e90fe4aaa4,snapshots/2026-09-05/caviarstar-vip-imperial-kaluga-50g.html,ok,extracted_via=jsonld
OBS-000356,2026-09-05T16:47:59Z,Browne Trading Company,https://brownetrading.com/collections/buy-caviar-online/products/american-hackleback-caviar,American Hackleback Caviar,Browne Trading Company,American Hackleback,,,28,,78.00,2.7857,,TRUE,,4325b3a95ca89354,snapshots/2026-09-05/brownetrading-american-hackleback-1oz.html,ok,extracted_via=jsonld
OBS-000357,2026-09-05T16:47:59Z,Tsar Caviar,https://tsarcaviar.com/products/imperial-kaluga-fusion-caviar,Imperial Kaluga Fusion Caviar - 1KG / 35.2 OZ,Tsar Caviar,Imperial Kaluga Fusion,,,1000,,1265.00,1.2650,,TRUE,,,snapshots/2026-09-05/tsarcaviar-imperial-kaluga-fusion-1kg.html,ok,extracted_via=jsonld
OBS-000358,2026-09-05T16:47:59Z,Island Creek Oysters,https://islandcreekoysters.com/collections/caviar/products/american-osetra-caviar,Island Creek American Osetra Caviar,ICO,American Osetra,,,30,,199.00,6.6333,,TRUE,,e3b0c44298fc1c14,snapshots/2026-09-05/islandcreek-american-osetra-30g.html,ok,extracted_via=jsonld
OBS-000359,2026-09-05T16:47:59Z,Regalis Foods,https://regalisfoods.com/products/imperial-black-kaluga-farmed-in-china,,Regalis Foods,Imperial Black Kaluga,,Farmed in China,28,,78.00,2.7857,,,,,snapshots/2026-09-05/regalis-imperial-black-kaluga-1oz.html,ok,extracted_via=selectors
OBS-000360,2026-09-05T16:47:59Z,Sterling Caviar,https://sterlingcaviar.com/products/classic-caviar,Classic Caviar,Sterling Caviar,White Sturgeon,Classic,,30,,117.00,3.9000,,TRUE,,36c57f121d7f8ad0,snapshots/2026-09-05/sterling-classic-caviar-30g.html,ok,extracted_via=jsonld; fetch=browser
OBS-000361,2026-09-05T16:47:59Z,Kolikof,https://kolikof.com/products/best-ossetra-reserve,Grand Reserve Ossetra Caviar,Kolikof,Ossetra,Grand Reserve,,28,,132.00,4.7143,,TRUE,,80680eec8e2c637d,snapshots/2026-09-05/kolikof-grand-reserve-ossetra-28g.html,ok,extracted_via=jsonld
OBS-000362,2026-09-05T16:47:59Z,One Caviar,https://onecaviar.com/products/royal-ossetra-caviar,Royal Ossetra Caviar,One Caviar,Acipenser Gueldenstaedtii,Royal Ossetra,,30,,120.00,4.0000,,,,d8dc7a93e203aee0,snapshots/2026-09-05/onecaviar-royal-ossetra-30g.html,ok,extracted_via=selectors
OBS-000363,2026-09-05T16:47:59Z,The Only Caviar,https://theonlycaviar.com/products/oscietra-caviar,Oscietra Caviar,The Only Caviar,Oscietra,,Italy,30,,129.00,4.3000,,,,,snapshots/2026-09-05/theonlycaviar-oscietra-30g.html,ok,extracted_via=selectors
OBS-000364,2026-09-05T16:47:59Z,KILO Caviar,https://kilocaviar.com/collections/all/products/imperial-osetra,Imperial Osetra,KILO Caviar,Imperial Osetra,,,28,,390.00,13.9286,,,,,snapshots/2026-09-05/kilocaviar-imperial-osetra-1oz.html,ok,extracted_via=selectors
OBS-000365,2026-09-05T16:47:59Z,Caviar Market,https://caviarmarketnyc.com/products/kaluga-queen-premium-black-caviar,Kaluga Queen Premium Caviar,Caviar Market,Huso Dauricus x Acipenser Schrenkii,,,100,,99.00,0.9900,,TRUE,,80846014f2364fd4,snapshots/2026-09-05/caviarmarketnyc-kaluga-queen-100g.html,ok,extracted_via=jsonld
OBS-000366,2026-09-05T16:47:59Z,Number One Caviar,https://numberonecaviar.com/products/kaluga-classic-caviar,Kaluga Classic Caviar,Number One Caviar,Kaluga (desc says Acipenser baerii),Classic,,28,,80.00,2.8571,,TRUE,,b9a80fbe4ddf49ae,snapshots/2026-09-05/numberone-kaluga-classic-28g.html,ok,extracted_via=jsonld
OBS-000367,2026-09-05T16:47:59Z,Meredith Marks Caviar,https://meredithmarkscaviar.com/products/24-karat-kaluga,24 KARAT KALUGA,Meredith Marks Caviar,Huso Dauricus,24 Karat,China,30,,90.00,3.0000,,TRUE,,4d8679cd658389c2,snapshots/2026-09-05/meredithmarks-24karat-kaluga-30g.html,ok,extracted_via=jsonld
OBS-000368,2026-09-05T16:47:59Z,Paramount Caviar,https://paramountcaviar.com/products/california-sturgeon,California White Sturgeon Caviar,Paramount Caviar,Acipenser transmontanous,,California,28,,61.00,2.1786,,FALSE,,9316d045ef39530c,snapshots/2026-09-05/paramount-california-white-sturgeon-28g.html,ok,extracted_via=jsonld
OBS-000369,2026-09-05T16:47:59Z,Marky's Caviar,https://www.markys.com/beluga-caviar-grade-00/,Beluga (Grade 00),Marky's Caviar,Huso huso,Grade 00,USA (Sturgeon AquaFarms),14,,155.00,11.0714,,TRUE,,,snapshots/2026-09-05/markys-beluga-grade-00-14g.html,ok,extracted_via=jsonld
OBS-000370,2026-09-05T16:47:59Z,Golden Goat Caviar,https://goldengoatcaviar.com/products/classic-ossetra,Classic Ossetra Caviar | Silky & Refined,Golden Goat Caviar,Ossetra,Classic,,30,,120.00,4.0000,,TRUE,,9eb3273431d3fb19,snapshots/2026-09-05/goldengoat-classic-ossetra-30g.html,ok,extracted_via=jsonld
OBS-000371,2026-09-05T16:47:59Z,Citarella,https://www.citarella.com/shop/seafood/caviar/osetra-caviar.html,Osetra Caviar,Citarella,Osetra,,,50,,180.00,3.6000,,,,f0872847ed75dda4,snapshots/2026-09-05/citarella-osetra-1.75oz.html,ok,extracted_via=selectors
OBS-000372,2026-09-06T16:59:06Z,Hey Caviar,https://heycaviar.com/product/our-signature-caviar/,Our Signature Caviar,Hey Caviar,kaluga,grade A,,113,,199.99,1.7698,,,,d789a359e9eb46b2,snapshots/2026-09-06/heycaviar-our-signature-caviar-4oz-113g.html,ok,extracted_via=selectors
OBS-000373,2026-09-06T16:59:06Z,Petrossian,https://www.petrossian.com/products/kaluga-huso-hybrid-caviar,Royal Kaluga Huso Hybrid Caviar,Petrossian,Huso Dauricus & Acipenser Shrenckii,,China,30,,219.00,7.3000,,TRUE,,617d3d09429ba85d,snapshots/2026-09-06/petrossian-royal-kaluga-huso-hybrid-30g.html,ok,extracted_via=jsonld
OBS-000374,2026-09-06T16:59:06Z,Pearl Street Caviar,https://pearlstreetcaviar.com/products/keluga,Keluga,Pearl Street Caviar,Keluga,,,12,,52.00,4.3333,,TRUE,,76296d1f4cda0e48,snapshots/2026-09-06/pearlstreet-keluga-slim-12g.html,ok,extracted_via=jsonld
OBS-000375,2026-09-06T16:59:06Z,The Caviar Co.,https://thecaviarco.com/products/imperial-golden-osetra-caviar,1 KILO (1000 g)* Imperial Golden Osetra Caviar,The Caviar Co.,Farmed Acipenser Gueldenstaedtii,,China,1000,,6808.00,6.8080,,,,37f54f1dd161005e,snapshots/2026-09-06/caviarco-imperial-golden-osetra-1kg.html,ok,extracted_via=jsonld
OBS-000376,2026-09-06T16:59:06Z,Imperia Caviar,https://imperiacaviar.com/products/kaluga,Kaluga Hybrid Reserve Caviar,Imperia Caviar,Kaluga Hybrid,Reserve,,130,,255.00,1.9615,,,,f53245633ee770e8,snapshots/2026-09-06/imperia-kaluga-hybrid-reserve-100g-promo.html,ok,extracted_via=selectors
OBS-000377,2026-09-06T16:59:06Z,Tsar Nicoulai,https://tsarnicoulai.com/products/classic-caviar,Classic Caviar,Tsar Nicoulai,Farmed Acipenser transmontanus,,"Wilton, CA",28,,80.00,2.8571,,,,88973b6ba0eaad2b,snapshots/2026-09-06/tsarnicoulai-classic-caviar-1oz.html,ok,extracted_via=selectors
OBS-000378,2026-09-06T16:59:06Z,OM Caviar,https://omcaviar.com/products/kaluga-hybrid,Kaluga Hybrid Caviar,OM Caviar,Kaluga Hybrid,,,50,,105.00,2.1000,,TRUE,,354617cc15ca1b2d,snapshots/2026-09-06/omcaviar-kaluga-hybrid-50g.html,ok,extracted_via=jsonld
OBS-000379,2026-09-06T16:59:06Z,Cavi Caviar,https://eatcavi.com/products/amur-sturgeon-caviar,Amur Sturgeon Caviar,CAVI,Amur Sturgeon,,,30,,105.00,3.5000,,,,7bfbda372783cdaa,snapshots/2026-09-06/eatcavi-amur-sturgeon-30g.html,ok,extracted_via=selectors
OBS-000380,2026-09-06T16:59:06Z,Calvisius Caviar USA,https://calvisiususa.com/products/calvisius-tradition-prestige,Calvisius Tradition Prestige,Calvisius Caviar,"Pacific White sturgeon, Acipenser transmontanus",,,28,,85.00,3.0357,,,,,snapshots/2026-09-06/calvisiususa-tradition-prestige-28g.html,ok,extracted_via=selectors
OBS-000381,2026-09-06T16:59:06Z,The Caviar Club,https://thecaviarclub.com/products/a-carefully-curated-selection-of-our-best-caviars,Caviar Sampler,The Caviar Club,Royal Ossetra + Kaluga Hybrid Reserve,,,200,,200.00,1.0000,,,,5191518d8fd5e295,snapshots/2026-09-06/caviarclub-caviar-sampler-200g.html,ok,extracted_via=selectors
OBS-000382,2026-09-06T16:59:06Z,Loft Caviar,https://loftcaviar.com/products/ossetra-reserve,Ossetra Reserve Caviar,Loft Caviar,Acipenser Guldenstadtii,,Caspian Sea,50,138.00,55.00,1.1000,60.1,,,3416d03713c7654b,snapshots/2026-09-06/loftcaviar-ossetra-reserve-50g.html,ok,extracted_via=selectors
OBS-000383,2026-09-06T16:59:06Z,Petrusco,https://petruscocaviar.com/products/petrusco-caviar-royal-ossetra,Royal Ossetra Caviar,Petrusco,Royal Ossetra,,,30,,91.00,3.0333,,TRUE,,d7cd94e95356f7f1,snapshots/2026-09-06/petrusco-royal-ossetra-30g.html,ok,extracted_via=jsonld
OBS-000384,2026-09-06T16:59:06Z,Caviére,https://caviereco.com/products/reserve-kaluga,Reserve Kaluga Caviar,Caviére,Huso dauricus x Acipenser schrenckii,,,30,,105.00,3.5000,,,,6c75b87078d6bc9b,snapshots/2026-09-06/caviere-reserve-kaluga-30g.html,ok,extracted_via=selectors
OBS-000385,2026-09-06T16:59:06Z,Caviar Russe,https://www.caviarrusse.com/products/select-osetra-caviar,Select Osetra,Caviar Russe,Acipenser Gueldenstaedtii,,,50,,250.00,5.0000,,,,6df14a25b14691b2,snapshots/2026-09-06/caviarrusse-select-osetra-50g.html,ok,extracted_via=selectors
OBS-000386,2026-09-06T16:59:06Z,Astrea Caviar,https://astreacaviar.com/products/astrea-kaluga-hybrid-caviar,Premier Selection Kaluga Hybrid,Astrea Caviar,Huso dauricus and Acipenser schrenckii,,,30,,160.00,5.3333,,,,6df14a25b14691b2,snapshots/2026-09-06/astrea-kaluga-hybrid-30g.html,ok,extracted_via=selectors
OBS-000387,2026-09-06T16:59:06Z,Caviar Star,https://www.caviarstar.com/products/kaluga-hybrid-caviar-limited-edition,"VIP Imperial Kaluga Hybrid Caviar ""OT"" Tins",Caviar Star,Kaluga Hybrid,,,50,,175.00,3.5000,,TRUE,,166207e90fe4aaa4,snapshots/2026-09-06/caviarstar-vip-imperial-kaluga-50g.html,ok,extracted_via=jsonld
OBS-000388,2026-09-06T16:59:06Z,Browne Trading Company,https://brownetrading.com/collections/buy-caviar-online/products/american-hackleback-caviar,American Hackleback Caviar,Browne Trading Company,American Hackleback,,,28,,78.00,2.7857,,TRUE,,4325b3a95ca89354,snapshots/2026-09-06/brownetrading-american-hackleback-1oz.html,ok,extracted_via=jsonld
OBS-000389,2026-09-06T16:59:06Z,Tsar Caviar,https://tsarcaviar.com/products/imperial-kaluga-fusion-caviar,Imperial Kaluga Fusion Caviar - 1KG / 35.2 OZ,Tsar Caviar,Imperial Kaluga Fusion,,,1000,,1265.00,1.2650,,TRUE,,,snapshots/2026-09-06/tsarcaviar-imperial-kaluga-fusion-1kg.html,ok,extracted_via=jsonld
OBS-000390,2026-09-06T16:59:06Z,Island Creek Oysters,https://islandcreekoysters.com/collections/caviar/products/american-osetra-caviar,Island Creek American Osetra Caviar,ICO,American Osetra,,,30,,199.00,6.6333,,TRUE,,e3b0c44298fc1c14,snapshots/2026-09-06/islandcreek-american-osetra-30g.html,ok,extracted_via=jsonld
OBS-000391,2026-09-06T16:59:06Z,Regalis Foods,https://regalisfoods.com/products/imperial-black-kaluga-farmed-in-china,,Regalis Foods,Imperial Black Kaluga,,Farmed in China,28,,78.00,2.7857,,,,,snapshots/2026-09-06/regalis-imperial-black-kaluga-1oz.html,ok,extracted_via=selectors
OBS-000392,2026-09-06T16:59:06Z,Sterling Caviar,https://sterlingcaviar.com/products/classic-caviar,Classic Caviar,Sterling Caviar,White Sturgeon,Classic,,30,,117.00,3.9000,,TRUE,,36c57f121d7f8ad0,snapshots/2026-09-06/sterling-classic-caviar-30g.html,ok,extracted_via=jsonld; fetch=browser
OBS-000393,2026-09-06T16:59:06Z,Kolikof,https://kolikof.com/products/best-ossetra-reserve,Grand Reserve Ossetra Caviar,Kolikof,Ossetra,Grand Reserve,,28,,132.00,4.7143,,TRUE,,80680eec8e2c637d,snapshots/2026-09-06/kolikof-grand-reserve-ossetra-28g.html,ok,extracted_via=jsonld
OBS-000394,2026-09-06T16:59:06Z,One Caviar,https://onecaviar.com/products/royal-ossetra-caviar,Royal Ossetra Caviar,One Caviar,Acipenser Gueldenstaedtii,Royal Ossetra,,30,,120.00,4.0000,,,,d8dc7a93e203aee0,snapshots/2026-09-06/onecaviar-royal-ossetra-30g.html,ok,extracted_via=selectors
OBS-000395,2026-09-06T16:59:06Z,The Only Caviar,https://theonlycaviar.com/products/oscietra-caviar,Oscietra Caviar,The Only Caviar,Oscietra,,Italy,30,,129.00,4.3000,,,,,snapshots/2026-09-06/theonlycaviar-oscietra-30g.html,ok,extracted_via=selectors
OBS-000396,2026-09-06T16:59:06Z,KILO Caviar,https://kilocaviar.com/collections/all/products/imperial-osetra,Imperial Osetra,KILO Caviar,Imperial Osetra,,,28,,390.00,13.9286,,,,,snapshots/2026-09-06/kilocaviar-imperial-osetra-1oz.html,ok,extracted_via=selectors
OBS-000397,2026-09-06T16:59:06Z,Caviar Market,https://caviarmarketnyc.com/products/kaluga-queen-premium-black-caviar,Kaluga Queen Premium Caviar,Caviar Market,Huso Dauricus x Acipenser Schrenkii,,,100,,99.00,0.9900,,TRUE,,80846014f2364fd4,snapshots/2026-09-06/caviarmarketnyc-kaluga-queen-100g.html,ok,extracted_via=jsonld
OBS-000398,2026-09-06T16:59:06Z,Number One Caviar,https://numberonecaviar.com/products/kaluga-classic-caviar,Kaluga Classic Caviar,Number One Caviar,Kaluga (desc says Acipenser baerii),Classic,,28,,80.00,2.8571,,TRUE,,b9a80fbe4ddf49ae,snapshots/2026-09-06/numberone-kaluga-classic-28g.html,ok,extracted_via=jsonld
OBS-000399,2026-09-06T16:59:06Z,Meredith Marks Caviar,https://meredithmarkscaviar.com/products/24-karat-kaluga,24 KARAT KALUGA,Meredith Marks Caviar,Huso Dauricus,24 Karat,China,30,,90.00,3.0000,,TRUE,,4d8679cd658389c2,snapshots/2026-09-06/meredithmarks-24karat-kaluga-30g.html,ok,extracted_via=jsonld
OBS-000400,2026-09-06T16:59:06Z,Paramount Caviar,https://paramountcaviar.com/products/california-sturgeon,California White Sturgeon Caviar,Paramount Caviar,Acipenser transmontanous,,California,28,,61.00,2.1786,,FALSE,,9316d045ef39530c,snapshots/2026-09-06/paramount-california-white-sturgeon-28g.html,ok,extracted_via=jsonld
OBS-000401,2026-09-06T16:59:06Z,Marky's Caviar,https://www.markys.com/beluga-caviar-grade-00/,Beluga (Grade 00),Marky's Caviar,Huso huso,Grade 00,USA (Sturgeon AquaFarms),14,,155.00,11.0714,,TRUE,,,snapshots/2026-09-06/markys-beluga-grade-00-14g.html,ok,extracted_via=jsonld
OBS-000402,2026-09-06T16:59:06Z,Golden Goat Caviar,https://goldengoatcaviar.com/products/classic-ossetra,Classic Ossetra Caviar | Silky & Refined,Golden Goat Caviar,Ossetra,Classic,,30,,120.00,4.0000,,TRUE,,9eb3273431d3fb19,snapshots/2026-09-06/goldengoat-classic-ossetra-30g.html,ok,extracted_via=jsonld
OBS-000403,2026-09-06T16:59:06Z,Citarella,https://www.citarella.com/shop/seafood/caviar/osetra-caviar.html,Osetra Caviar,Citarella,Osetra,,,50,,180.00,3.6000,,,,f0872847ed75dda4,snapshots/2026-09-06/citarella-osetra-1.75oz.html,ok,extracted_via=selectors
OBS-000404,2026-09-07T18:42:49Z,Hey Caviar,https://heycaviar.com/product/our-signature-caviar/,Our Signature Caviar,Hey Caviar,kaluga,grade A,,113,,199.99,1.7698,,,,d789a359e9eb46b2,snapshots/2026-09-07/heycaviar-our-signature-caviar-4oz-113g.html,ok,extracted_via=selectors
OBS-000405,2026-09-07T18:42:49Z,Petrossian,https://www.petrossian.com/products/kaluga-huso-hybrid-caviar,Royal Kaluga Huso Hybrid Caviar,Petrossian,Huso Dauricus & Acipenser Shrenckii,,China,30,,219.00,7.3000,,TRUE,,617d3d09429ba85d,snapshots/2026-09-07/petrossian-royal-kaluga-huso-hybrid-30g.html,ok,extracted_via=jsonld
OBS-000406,2026-09-07T18:42:49Z,Pearl Street Caviar,https://pearlstreetcaviar.com/products/keluga,Keluga,Pearl Street Caviar,Keluga,,,12,,52.00,4.3333,,TRUE,,76296d1f4cda0e48,snapshots/2026-09-07/pearlstreet-keluga-slim-12g.html,ok,extracted_via=jsonld
OBS-000407,2026-09-07T18:42:49Z,The Caviar Co.,https://thecaviarco.com/products/imperial-golden-osetra-caviar,1 KILO (1000 g)* Imperial Golden Osetra Caviar,The Caviar Co.,Farmed Acipenser Gueldenstaedtii,,China,1000,,6808.00,6.8080,,,,37f54f1dd161005e,snapshots/2026-09-07/caviarco-imperial-golden-osetra-1kg.html,ok,extracted_via=jsonld
OBS-000408,2026-09-07T18:42:49Z,Imperia Caviar,https://imperiacaviar.com/products/kaluga,Kaluga Hybrid Reserve Caviar,Imperia Caviar,Kaluga Hybrid,Reserve,,130,,255.00,1.9615,,,,f53245633ee770e8,snapshots/2026-09-07/imperia-kaluga-hybrid-reserve-100g-promo.html,ok,extracted_via=selectors
OBS-000409,2026-09-07T18:42:49Z,Tsar Nicoulai,https://tsarnicoulai.com/products/classic-caviar,Classic Caviar,Tsar Nicoulai,Farmed Acipenser transmontanus,,"Wilton, CA",28,,80.00,2.8571,,,,88973b6ba0eaad2b,snapshots/2026-09-07/tsarnicoulai-classic-caviar-1oz.html,ok,extracted_via=selectors
OBS-000410,2026-09-07T18:42:49Z,OM Caviar,https://omcaviar.com/products/kaluga-hybrid,Kaluga Hybrid Caviar,OM Caviar,Kaluga Hybrid,,,50,,105.00,2.1000,,TRUE,,354617cc15ca1b2d,snapshots/2026-09-07/omcaviar-kaluga-hybrid-50g.html,ok,extracted_via=jsonld
OBS-000411,2026-09-07T18:42:49Z,Cavi Caviar,https://eatcavi.com/products/amur-sturgeon-caviar,Amur Sturgeon Caviar,CAVI,Amur Sturgeon,,,30,,105.00,3.5000,,,,7bfbda372783cdaa,snapshots/2026-09-07/eatcavi-amur-sturgeon-30g.html,ok,extracted_via=selectors
OBS-000412,2026-09-07T18:42:49Z,Calvisius Caviar USA,https://calvisiususa.com/products/calvisius-tradition-prestige,Calvisius Tradition Prestige,Calvisius Caviar,"Pacific White sturgeon, Acipenser transmontanus",,,28,,85.00,3.0357,,,,,snapshots/2026-09-07/calvisiususa-tradition-prestige-28g.html,ok,extracted_via=selectors
OBS-000413,2026-09-07T18:42:49Z,The Caviar Club,https://thecaviarclub.com/products/a-carefully-curated-selection-of-our-best-caviars,Caviar Sampler,The Caviar Club,Royal Ossetra + Kaluga Hybrid Reserve,,,200,,200.00,1.0000,,,,5191518d8fd5e295,snapshots/2026-09-07/caviarclub-caviar-sampler-200g.html,ok,extracted_via=selectors
OBS-000414,2026-09-07T18:42:49Z,Loft Caviar,https://loftcaviar.com/products/ossetra-reserve,Ossetra Reserve Caviar,Loft Caviar,Acipenser Guldenstadtii,,Caspian Sea,50,138.00,55.00,1.1000,60.1,,,3416d03713c7654b,snapshots/2026-09-07/loftcaviar-ossetra-reserve-50g.html,ok,extracted_via=selectors
OBS-000415,2026-09-07T18:42:49Z,Petrusco,https://petruscocaviar.com/products/petrusco-caviar-royal-ossetra,Royal Ossetra Caviar,Petrusco,Royal Ossetra,,,30,,91.00,3.0333,,TRUE,,d7cd94e95356f7f1,snapshots/2026-09-07/petrusco-royal-ossetra-30g.html,ok,extracted_via=jsonld
OBS-000416,2026-09-07T18:42:49Z,Caviére,https://caviereco.com/products/reserve-kaluga,Reserve Kaluga Caviar,Caviére,Huso dauricus x Acipenser schrenckii,,,30,,105.00,3.5000,,,,6c75b87078d6bc9b,snapshots/2026-09-07/caviere-reserve-kaluga-30g.html,ok,extracted_via=selectors
OBS-000417,2026-09-07T18:42:49Z,Caviar Russe,https://www.caviarrusse.com/products/select-osetra-caviar,Select Osetra,Caviar Russe,Acipenser Gueldenstaedtii,,,50,,250.00,5.0000,,,,6df14a25b14691b2,snapshots/2026-09-07/caviarrusse-select-osetra-50g.html,ok,extracted_via=selectors
OBS-000418,2026-09-07T18:42:49Z,Astrea Caviar,https://astreacaviar.com/products/astrea-kaluga-hybrid-caviar,Premier Selection Kaluga Hybrid,Astrea Caviar,Huso dauricus and Acipenser schrenckii,,,30,,160.00,5.3333,,,,6df14a25b14691b2,snapshots/2026-09-07/astrea-kaluga-hybrid-30g.html,ok,extracted_via=selectors
OBS-000419,2026-09-07T18:42:49Z,Caviar Star,https://www.caviarstar.com/products/kaluga-hybrid-caviar-limited-edition,"VIP Imperial Kaluga Hybrid Caviar ""OT"" Tins",Caviar Star,Kaluga Hybrid,,,50,,175.00,3.5000,,TRUE,,166207e90fe4aaa4,snapshots/2026-09-07/caviarstar-vip-imperial-kaluga-50g.html,ok,extracted_via=jsonld
OBS-000420,2026-09-07T18:42:49Z,Browne Trading Company,https://brownetrading.com/collections/buy-caviar-online/products/american-hackleback-caviar,American Hackleback Caviar,Browne Trading Company,American Hackleback,,,28,,78.00,2.7857,,TRUE,,4325b3a95ca89354,snapshots/2026-09-07/brownetrading-american-hackleback-1oz.html,ok,extracted_via=jsonld
OBS-000421,2026-09-07T18:42:49Z,Tsar Caviar,https://tsarcaviar.com/products/imperial-kaluga-fusion-caviar,Imperial Kaluga Fusion Caviar - 1KG / 35.2 OZ,Tsar Caviar,Imperial Kaluga Fusion,,,1000,,1265.00,1.2650,,TRUE,,,snapshots/2026-09-07/tsarcaviar-imperial-kaluga-fusion-1kg.html,ok,extracted_via=jsonld
OBS-000422,2026-09-07T18:42:49Z,Island Creek Oysters,https://islandcreekoysters.com/collections/caviar/products/american-osetra-caviar,Island Creek American Osetra Caviar,ICO,American Osetra,,,30,,199.00,6.6333,,TRUE,,e3b0c44298fc1c14,snapshots/2026-09-07/islandcreek-american-osetra-30g.html,ok,extracted_via=jsonld
OBS-000423,2026-09-07T18:42:49Z,Regalis Foods,https://regalisfoods.com/products/imperial-black-kaluga-farmed-in-china,,Regalis Foods,Imperial Black Kaluga,,Farmed in China,28,,78.00,2.7857,,,,,snapshots/2026-09-07/regalis-imperial-black-kaluga-1oz.html,ok,extracted_via=selectors
OBS-000424,2026-09-07T18:42:49Z,Sterling Caviar,https://sterlingcaviar.com/products/classic-caviar,Classic Caviar,Sterling Caviar,White Sturgeon,Classic,,30,,117.00,3.9000,,TRUE,,36c57f121d7f8ad0,snapshots/2026-09-07/sterling-classic-caviar-30g.html,ok,extracted_via=jsonld; fetch=browser
OBS-000425,2026-09-07T18:42:49Z,Kolikof,https://kolikof.com/products/best-ossetra-reserve,Grand Reserve Ossetra Caviar,Kolikof,Ossetra,Grand Reserve,,28,,132.00,4.7143,,TRUE,,80680eec8e2c637d,snapshots/2026-09-07/kolikof-grand-reserve-ossetra-28g.html,ok,extracted_via=jsonld
OBS-000426,2026-09-07T18:42:49Z,One Caviar,https://onecaviar.com/products/royal-ossetra-caviar,Royal Ossetra Caviar,One Caviar,Acipenser Gueldenstaedtii,Royal Ossetra,,30,,120.00,4.0000,,,,d8dc7a93e203aee0,snapshots/2026-09-07/onecaviar-royal-ossetra-30g.html,ok,extracted_via=selectors
OBS-000427,2026-09-07T18:42:49Z,The Only Caviar,https://theonlycaviar.com/products/oscietra-caviar,Oscietra Caviar,The Only Caviar,Oscietra,,Italy,30,,129.00,4.3000,,,,,snapshots/2026-09-07/theonlycaviar-oscietra-30g.html,ok,extracted_via=selectors
OBS-000428,2026-09-07T18:42:49Z,KILO Caviar,https://kilocaviar.com/collections/all/products/imperial-osetra,Imperial Osetra,KILO Caviar,Imperial Osetra,,,28,,390.00,13.9286,,,,,snapshots/2026-09-07/kilocaviar-imperial-osetra-1oz.html,ok,extracted_via=selectors
OBS-000429,2026-09-07T18:42:49Z,Caviar Market,https://caviarmarketnyc.com/products/kaluga-queen-premium-black-caviar,Kaluga Queen Premium Caviar,Caviar Market,Huso Dauricus x Acipenser Schrenkii,,,100,,99.00,0.9900,,TRUE,,80846014f2364fd4,snapshots/2026-09-07/caviarmarketnyc-kaluga-queen-100g.html,ok,extracted_via=jsonld
OBS-000430,2026-09-07T18:42:49Z,Number One Caviar,https://numberonecaviar.com/products/kaluga-classic-caviar,Kaluga Classic Caviar,Number One Caviar,Kaluga (desc says Acipenser baerii),Classic,,28,,80.00,2.8571,,TRUE,,b9a80fbe4ddf49ae,snapshots/2026-09-07/numberone-kaluga-classic-28g.html,ok,extracted_via=jsonld
OBS-000431,2026-09-07T18:42:49Z,Meredith Marks Caviar,https://meredithmarkscaviar.com/products/24-karat-kaluga,24 KARAT KALUGA,Meredith Marks Caviar,Huso Dauricus,24 Karat,China,30,,90.00,3.0000,,TRUE,,4d8679cd658389c2,snapshots/2026-09-07/meredithmarks-24karat-kaluga-30g.html,ok,extracted_via=jsonld
OBS-000432,2026-09-07T18:42:49Z,Paramount Caviar,https://paramountcaviar.com/products/california-sturgeon,California White Sturgeon Caviar,Paramount Caviar,Acipenser transmontanous,,California,28,,61.00,2.1786,,FALSE,,9316d045ef39530c,snapshots/2026-09-07/paramount-california-white-sturgeon-28g.html,ok,extracted_via=jsonld
OBS-000433,2026-09-07T18:42:49Z,Marky's Caviar,https://www.markys.com/beluga-caviar-grade-00/,Beluga (Grade 00),Marky's Caviar,Huso huso,Grade 00,USA (Sturgeon AquaFarms),14,,155.00,11.0714,,TRUE,,,snapshots/2026-09-07/markys-beluga-grade-00-14g.html,ok,extracted_via=jsonld
OBS-000434,2026-09-07T18:42:49Z,Golden Goat Caviar,https://goldengoatcaviar.com/products/classic-ossetra,Classic Ossetra Caviar | Silky & Refined,Golden Goat Caviar,Ossetra,Classic,,30,,120.00,4.0000,,TRUE,,9eb3273431d3fb19,snapshots/2026-09-07/goldengoat-classic-ossetra-30g.html,ok,extracted_via=jsonld
OBS-000435,2026-09-07T18:42:49Z,Citarella,https://www.citarella.com/shop/seafood/caviar/osetra-caviar.html,Osetra Caviar,Citarella,Osetra,,,50,,180.00,3.6000,,,,f0872847ed75dda4,snapshots/2026-09-07/citarella-osetra-1.75oz.html,ok,extracted_via=selectors
OBS-000436,2026-09-08T17:53:51Z,Hey Caviar,https://heycaviar.com/product/our-signature-caviar/,Our Signature Caviar,Hey Caviar,kaluga,grade A,,113,,199.99,1.7698,,,,d789a359e9eb46b2,snapshots/2026-09-08/heycaviar-our-signature-caviar-4oz-113g.html,ok,extracted_via=selectors
OBS-000437,2026-09-08T17:53:51Z,Petrossian,https://www.petrossian.com/products/kaluga-huso-hybrid-caviar,Royal Kaluga Huso Hybrid Caviar,Petrossian,Huso Dauricus & Acipenser Shrenckii,,China,30,,219.00,7.3000,,TRUE,,617d3d09429ba85d,snapshots/2026-09-08/petrossian-royal-kaluga-huso-hybrid-30g.html,ok,extracted_via=jsonld
OBS-000438,2026-09-08T17:53:51Z,Pearl Street Caviar,https://pearlstreetcaviar.com/products/keluga,Keluga,Pearl Street Caviar,Keluga,,,12,,52.00,4.3333,,TRUE,,76296d1f4cda0e48,snapshots/2026-09-08/pearlstreet-keluga-slim-12g.html,ok,extracted_via=jsonld
OBS-000439,2026-09-08T17:53:51Z,The Caviar Co.,https://thecaviarco.com/products/imperial-golden-osetra-caviar,1 KILO (1000 g)* Imperial Golden Osetra Caviar,The Caviar Co.,Farmed Acipenser Gueldenstaedtii,,China,1000,,6808.00,6.8080,,,,37f54f1dd161005e,snapshots/2026-09-08/caviarco-imperial-golden-osetra-1kg.html,ok,extracted_via=jsonld
OBS-000440,2026-09-08T17:53:51Z,Imperia Caviar,https://imperiacaviar.com/products/kaluga,Kaluga Hybrid Reserve Caviar,Imperia Caviar,Kaluga Hybrid,Reserve,,130,,255.00,1.9615,,,,f53245633ee770e8,snapshots/2026-09-08/imperia-kaluga-hybrid-reserve-100g-promo.html,ok,extracted_via=selectors
OBS-000441,2026-09-08T17:53:51Z,Tsar Nicoulai,https://tsarnicoulai.com/products/classic-caviar,Classic Caviar,Tsar Nicoulai,Farmed Acipenser transmontanus,,"Wilton, CA",28,,80.00,2.8571,,,,88973b6ba0eaad2b,snapshots/2026-09-08/tsarnicoulai-classic-caviar-1oz.html,ok,extracted_via=selectors
OBS-000442,2026-09-08T17:53:51Z,OM Caviar,https://omcaviar.com/products/kaluga-hybrid,Kaluga Hybrid Caviar,OM Caviar,Kaluga Hybrid,,,50,,105.00,2.1000,,TRUE,,354617cc15ca1b2d,snapshots/2026-09-08/omcaviar-kaluga-hybrid-50g.html,ok,extracted_via=jsonld
OBS-000443,2026-09-08T17:53:51Z,Cavi Caviar,https://eatcavi.com/products/amur-sturgeon-caviar,Amur Sturgeon Caviar,CAVI,Amur Sturgeon,,,30,,105.00,3.5000,,,,7bfbda372783cdaa,snapshots/2026-09-08/eatcavi-amur-sturgeon-30g.html,ok,extracted_via=selectors
OBS-000444,2026-09-08T17:53:51Z,Calvisius Caviar USA,https://calvisiususa.com/products/calvisius-tradition-prestige,Calvisius Tradition Prestige,Calvisius Caviar,"Pacific White sturgeon, Acipenser transmontanus",,,28,,85.00,3.0357,,,,,snapshots/2026-09-08/calvisiususa-tradition-prestige-28g.html,ok,extracted_via=selectors
OBS-000445,2026-09-08T17:53:51Z,The Caviar Club,https://thecaviarclub.com/products/a-carefully-curated-selection-of-our-best-caviars,Caviar Sampler,The Caviar Club,Royal Ossetra + Kaluga Hybrid Reserve,,,200,,200.00,1.0000,,,,5191518d8fd5e295,snapshots/2026-09-08/caviarclub-caviar-sampler-200g.html,ok,extracted_via=selectors
OBS-000446,2026-09-08T17:53:51Z,Loft Caviar,https://loftcaviar.com/products/ossetra-reserve,Ossetra Reserve Caviar,Loft Caviar,Acipenser Guldenstadtii,,Caspian Sea,50,138.00,55.00,1.1000,60.1,,,3416d03713c7654b,snapshots/2026-09-08/loftcaviar-ossetra-reserve-50g.html,ok,extracted_via=selectors
OBS-000447,2026-09-08T17:53:51Z,Petrusco,https://petruscocaviar.com/products/petrusco-caviar-royal-ossetra,Royal Ossetra Caviar,Petrusco,Royal Ossetra,,,30,,130.00,4.3333,,TRUE,,d7cd94e95356f7f1,snapshots/2026-09-08/petrusco-royal-ossetra-30g.html,ok,extracted_via=jsonld
OBS-000448,2026-09-08T17:53:51Z,Caviére,https://caviereco.com/products/reserve-kaluga,Reserve Kaluga Caviar,Caviére,Huso dauricus x Acipenser schrenckii,,,30,,105.00,3.5000,,,,6c75b87078d6bc9b,snapshots/2026-09-08/caviere-reserve-kaluga-30g.html,ok,extracted_via=selectors
OBS-000449,2026-09-08T17:53:51Z,Caviar Russe,https://www.caviarrusse.com/products/select-osetra-caviar,Select Osetra,Caviar Russe,Acipenser Gueldenstaedtii,,,50,,250.00,5.0000,,,,6df14a25b14691b2,snapshots/2026-09-08/caviarrusse-select-osetra-50g.html,ok,extracted_via=selectors
OBS-000450,2026-09-08T17:53:51Z,Astrea Caviar,https://astreacaviar.com/products/astrea-kaluga-hybrid-caviar,Premier Selection Kaluga Hybrid,Astrea Caviar,Huso dauricus and Acipenser schrenckii,,,30,,160.00,5.3333,,,,6df14a25b14691b2,snapshots/2026-09-08/astrea-kaluga-hybrid-30g.html,ok,extracted_via=selectors
OBS-000451,2026-09-08T17:53:51Z,Caviar Star,https://www.caviarstar.com/products/kaluga-hybrid-caviar-limited-edition,"VIP Imperial Kaluga Hybrid Caviar ""OT"" Tins",Caviar Star,Kaluga Hybrid,,,50,,175.00,3.5000,,TRUE,,166207e90fe4aaa4,snapshots/2026-09-08/caviarstar-vip-imperial-kaluga-50g.html,ok,extracted_via=jsonld
OBS-000452,2026-09-08T17:53:51Z,Browne Trading Company,https://brownetrading.com/collections/buy-caviar-online/products/american-hackleback-caviar,American Hackleback Caviar,Browne Trading Company,American Hackleback,,,28,,78.00,2.7857,,TRUE,,4325b3a95ca89354,snapshots/2026-09-08/brownetrading-american-hackleback-1oz.html,ok,extracted_via=jsonld
OBS-000453,2026-09-08T17:53:51Z,Tsar Caviar,https://tsarcaviar.com/products/imperial-kaluga-fusion-caviar,Imperial Kaluga Fusion Caviar - 1KG / 35.2 OZ,Tsar Caviar,Imperial Kaluga Fusion,,,1000,,1265.00,1.2650,,TRUE,,,snapshots/2026-09-08/tsarcaviar-imperial-kaluga-fusion-1kg.html,ok,extracted_via=jsonld
OBS-000454,2026-09-08T17:53:51Z,Island Creek Oysters,https://islandcreekoysters.com/collections/caviar/products/american-osetra-caviar,Island Creek American Osetra Caviar,ICO,American Osetra,,,30,,199.00,6.6333,,TRUE,,e3b0c44298fc1c14,snapshots/2026-09-08/islandcreek-american-osetra-30g.html,ok,extracted_via=jsonld
OBS-000455,2026-09-08T17:53:51Z,Regalis Foods,https://regalisfoods.com/products/imperial-black-kaluga-farmed-in-china,,Regalis Foods,Imperial Black Kaluga,,Farmed in China,28,,78.00,2.7857,,,,,snapshots/2026-09-08/regalis-imperial-black-kaluga-1oz.html,ok,extracted_via=selectors
OBS-000456,2026-09-08T17:53:51Z,Sterling Caviar,https://sterlingcaviar.com/products/classic-caviar,Classic Caviar,Sterling Caviar,White Sturgeon,Classic,,30,,117.00,3.9000,,TRUE,,36c57f121d7f8ad0,snapshots/2026-09-08/sterling-classic-caviar-30g.html,ok,extracted_via=jsonld; fetch=browser
OBS-000457,2026-09-08T17:53:51Z,Kolikof,https://kolikof.com/products/best-ossetra-reserve,Grand Reserve Ossetra Caviar,Kolikof,Ossetra,Grand Reserve,,28,,132.00,4.7143,,TRUE,,80680eec8e2c637d,snapshots/2026-09-08/kolikof-grand-reserve-ossetra-28g.html,ok,extracted_via=jsonld
OBS-000458,2026-09-08T17:53:51Z,One Caviar,https://onecaviar.com/products/royal-ossetra-caviar,Royal Ossetra Caviar,One Caviar,Acipenser Gueldenstaedtii,Royal Ossetra,,30,,120.00,4.0000,,,,d8dc7a93e203aee0,snapshots/2026-09-08/onecaviar-royal-ossetra-30g.html,ok,extracted_via=selectors
OBS-000459,2026-09-08T17:53:51Z,The Only Caviar,https://theonlycaviar.com/products/oscietra-caviar,Oscietra Caviar,The Only Caviar,Oscietra,,Italy,30,,129.00,4.3000,,,,,snapshots/2026-09-08/theonlycaviar-oscietra-30g.html,ok,extracted_via=selectors
OBS-000460,2026-09-08T17:53:51Z,KILO Caviar,https://kilocaviar.com/collections/all/products/imperial-osetra,Imperial Osetra,KILO Caviar,Imperial Osetra,,,28,,390.00,13.9286,,,,,snapshots/2026-09-08/kilocaviar-imperial-osetra-1oz.html,ok,extracted_via=selectors
OBS-000461,2026-09-08T17:53:51Z,Caviar Market,https://caviarmarketnyc.com/products/kaluga-queen-premium-black-caviar,Kaluga Queen Premium Caviar,Caviar Market,Huso Dauricus x Acipenser Schrenkii,,,100,,99.00,0.9900,,TRUE,,80846014f2364fd4,snapshots/2026-09-08/caviarmarketnyc-kaluga-queen-100g.html,ok,extracted_via=jsonld
OBS-000462,2026-09-08T17:53:51Z,Number One Caviar,https://numberonecaviar.com/products/kaluga-classic-caviar,Kaluga Classic Caviar,Number One Caviar,Kaluga (desc says Acipenser baerii),Classic,,28,,80.00,2.8571,,TRUE,,b9a80fbe4ddf49ae,snapshots/2026-09-08/numberone-kaluga-classic-28g.html,ok,extracted_via=jsonld
OBS-000463,2026-09-08T17:53:51Z,Meredith Marks Caviar,https://meredithmarkscaviar.com/products/24-karat-kaluga,24 KARAT KALUGA,Meredith Marks Caviar,Huso Dauricus,24 Karat,China,30,,90.00,3.0000,,TRUE,,4d8679cd658389c2,snapshots/2026-09-08/meredithmarks-24karat-kaluga-30g.html,ok,extracted_via=jsonld
OBS-000464,2026-09-08T17:53:51Z,Paramount Caviar,https://paramountcaviar.com/products/california-sturgeon,California White Sturgeon Caviar,Paramount Caviar,Acipenser transmontanous,,California,28,,61.00,2.1786,,FALSE,,9316d045ef39530c,snapshots/2026-09-08/paramount-california-white-sturgeon-28g.html,ok,extracted_via=jsonld
OBS-000465,2026-09-08T17:53:51Z,Marky's Caviar,https://www.markys.com/beluga-caviar-grade-00/,Beluga (Grade 00),Marky's Caviar,Huso huso,Grade 00,USA (Sturgeon AquaFarms),14,,155.00,11.0714,,TRUE,,,snapshots/2026-09-08/markys-beluga-grade-00-14g.html,ok,extracted_via=jsonld
OBS-000466,2026-09-08T17:53:51Z,Golden Goat Caviar,https://goldengoatcaviar.com/products/classic-ossetra,Classic Ossetra Caviar | Silky & Refined,Golden Goat Caviar,Ossetra,Classic,,30,,130.00,4.3333,,TRUE,,9eb3273431d3fb19,snapshots/2026-09-08/goldengoat-classic-ossetra-30g.html,ok,extracted_via=jsonld
OBS-000467,2026-09-08T17:53:51Z,Citarella,https://www.citarella.com/shop/seafood/caviar/osetra-caviar.html,Osetra Caviar,Citarella,Osetra,,,50,,180.00,3.6000,,,,f0872847ed75dda4,snapshots/2026-09-08/citarella-osetra-1.75oz.html,ok,extracted_via=selectors
OBS-000468,2026-09-10T17:40:05Z,Hey Caviar,https://heycaviar.com/product/our-signature-caviar/,Our Signature Caviar,Hey Caviar,kaluga,grade A,,113,,199.99,1.7698,,,,d789a359e9eb46b2,snapshots/2026-09-10/heycaviar-our-signature-caviar-4oz-113g.html,ok,extracted_via=selectors
OBS-000469,2026-09-10T17:40:05Z,Petrossian,https://www.petrossian.com/products/kaluga-huso-hybrid-caviar,Royal Kaluga Huso Hybrid Caviar,Petrossian,Huso Dauricus & Acipenser Shrenckii,,China,30,,219.00,7.3000,,TRUE,,617d3d09429ba85d,snapshots/2026-09-10/petrossian-royal-kaluga-huso-hybrid-30g.html,ok,extracted_via=jsonld
OBS-000470,2026-09-10T17:40:05Z,Pearl Street Caviar,https://pearlstreetcaviar.com/products/keluga,Keluga,Pearl Street Caviar,Keluga,,,12,,52.00,4.3333,,TRUE,,76296d1f4cda0e48,snapshots/2026-09-10/pearlstreet-keluga-slim-12g.html,ok,extracted_via=jsonld
OBS-000471,2026-09-10T17:40:05Z,The Caviar Co.,https://thecaviarco.com/products/imperial-golden-osetra-caviar,1 KILO (1000 g)* Imperial Golden Osetra Caviar,The Caviar Co.,Farmed Acipenser Gueldenstaedtii,,China,1000,,6808.00,6.8080,,,,37f54f1dd161005e,snapshots/2026-09-10/caviarco-imperial-golden-osetra-1kg.html,ok,extracted_via=jsonld
OBS-000472,2026-09-10T17:40:05Z,Imperia Caviar,https://imperiacaviar.com/products/kaluga,Kaluga Hybrid Reserve Caviar,Imperia Caviar,Kaluga Hybrid,Reserve,,130,,255.00,1.9615,,,,f53245633ee770e8,snapshots/2026-09-10/imperia-kaluga-hybrid-reserve-100g-promo.html,ok,extracted_via=selectors
OBS-000473,2026-09-10T17:40:05Z,Tsar Nicoulai,https://tsarnicoulai.com/products/classic-caviar,Classic Caviar,Tsar Nicoulai,Farmed Acipenser transmontanus,,"Wilton, CA",28,,80.00,2.8571,,,,88973b6ba0eaad2b,snapshots/2026-09-10/tsarnicoulai-classic-caviar-1oz.html,ok,extracted_via=selectors
OBS-000474,2026-09-10T17:40:05Z,OM Caviar,https://omcaviar.com/products/kaluga-hybrid,Kaluga Hybrid Caviar,OM Caviar,Kaluga Hybrid,,,50,,105.00,2.1000,,TRUE,,354617cc15ca1b2d,snapshots/2026-09-10/omcaviar-kaluga-hybrid-50g.html,ok,extracted_via=jsonld
OBS-000475,2026-09-10T17:40:05Z,Cavi Caviar,https://eatcavi.com/products/amur-sturgeon-caviar,Amur Sturgeon Caviar,CAVI,Amur Sturgeon,,,30,,105.00,3.5000,,,,7bfbda372783cdaa,snapshots/2026-09-10/eatcavi-amur-sturgeon-30g.html,ok,extracted_via=selectors
OBS-000476,2026-09-10T17:40:05Z,Calvisius Caviar USA,https://calvisiususa.com/products/calvisius-tradition-prestige,Calvisius Tradition Prestige,Calvisius Caviar,"Pacific White sturgeon, Acipenser transmontanus",,,28,,85.00,3.0357,,,,,snapshots/2026-09-10/calvisiususa-tradition-prestige-28g.html,ok,extracted_via=selectors
OBS-000477,2026-09-10T17:40:05Z,The Caviar Club,https://thecaviarclub.com/products/a-carefully-curated-selection-of-our-best-caviars,Caviar Sampler,The Caviar Club,Royal Ossetra + Kaluga Hybrid Reserve,,,200,,200.00,1.0000,,,,5191518d8fd5e295,snapshots/2026-09-10/caviarclub-caviar-sampler-200g.html,ok,extracted_via=selectors
OBS-000478,2026-09-10T17:40:05Z,Loft Caviar,https://loftcaviar.com/products/ossetra-reserve,Ossetra Reserve Caviar,Loft Caviar,Acipenser Guldenstadtii,,Caspian Sea,50,138.00,55.00,1.1000,60.1,,,3416d03713c7654b,snapshots/2026-09-10/loftcaviar-ossetra-reserve-50g.html,ok,extracted_via=selectors
OBS-000479,2026-09-10T17:40:05Z,Petrusco,https://petruscocaviar.com/products/petrusco-caviar-royal-ossetra,Royal Ossetra Caviar,Petrusco,Royal Ossetra,,,30,,130.00,4.3333,,TRUE,,d7cd94e95356f7f1,snapshots/2026-09-10/petrusco-royal-ossetra-30g.html,ok,extracted_via=jsonld
OBS-000480,2026-09-10T17:40:05Z,Caviére,https://caviereco.com/products/reserve-kaluga,Reserve Kaluga Caviar,Caviére,Huso dauricus x Acipenser schrenckii,,,30,,105.00,3.5000,,,,6c75b87078d6bc9b,snapshots/2026-09-10/caviere-reserve-kaluga-30g.html,ok,extracted_via=selectors
OBS-000481,2026-09-10T17:40:05Z,Caviar Russe,https://www.caviarrusse.com/products/select-osetra-caviar,Select Osetra,Caviar Russe,Acipenser Gueldenstaedtii,,,50,,250.00,5.0000,,,,6df14a25b14691b2,snapshots/2026-09-10/caviarrusse-select-osetra-50g.html,ok,extracted_via=selectors
OBS-000482,2026-09-10T17:40:05Z,Astrea Caviar,https://astreacaviar.com/products/astrea-kaluga-hybrid-caviar,Premier Selection Kaluga Hybrid,Astrea Caviar,Huso dauricus and Acipenser schrenckii,,,30,,160.00,5.3333,,,,6df14a25b14691b2,snapshots/2026-09-10/astrea-kaluga-hybrid-30g.html,ok,extracted_via=selectors
OBS-000483,2026-09-10T17:40:05Z,Caviar Star,https://www.caviarstar.com/products/kaluga-hybrid-caviar-limited-edition,"VIP Imperial Kaluga Hybrid Caviar ""OT"" Tins",Caviar Star,Kaluga Hybrid,,,50,,175.00,3.5000,,TRUE,,166207e90fe4aaa4,snapshots/2026-09-10/caviarstar-vip-imperial-kaluga-50g.html,ok,extracted_via=jsonld
OBS-000484,2026-09-10T17:40:05Z,Browne Trading Company,https://brownetrading.com/collections/buy-caviar-online/products/american-hackleback-caviar,American Hackleback Caviar,Browne Trading Company,American Hackleback,,,28,,78.00,2.7857,,TRUE,,4325b3a95ca89354,snapshots/2026-09-10/brownetrading-american-hackleback-1oz.html,ok,extracted_via=jsonld
OBS-000485,2026-09-10T17:40:05Z,Tsar Caviar,https://tsarcaviar.com/products/imperial-kaluga-fusion-caviar,Imperial Kaluga Fusion Caviar - 1KG / 35.2 OZ,Tsar Caviar,Imperial Kaluga Fusion,,,1000,,1265.00,1.2650,,TRUE,,,snapshots/2026-09-10/tsarcaviar-imperial-kaluga-fusion-1kg.html,ok,extracted_via=jsonld
OBS-000486,2026-09-10T17:40:05Z,Island Creek Oysters,https://islandcreekoysters.com/collections/caviar/products/american-osetra-caviar,Island Creek American Osetra Caviar,ICO,American Osetra,,,30,,199.00,6.6333,,TRUE,,e3b0c44298fc1c14,snapshots/2026-09-10/islandcreek-american-osetra-30g.html,ok,extracted_via=jsonld
OBS-000487,2026-09-10T17:40:05Z,Regalis Foods,https://regalisfoods.com/products/imperial-black-kaluga-farmed-in-china,,Regalis Foods,Imperial Black Kaluga,,Farmed in China,28,,78.00,2.7857,,,,,snapshots/2026-09-10/regalis-imperial-black-kaluga-1oz.html,ok,extracted_via=selectors
OBS-000488,2026-09-10T17:40:05Z,Sterling Caviar,https://sterlingcaviar.com/products/classic-caviar,Classic Caviar,Sterling Caviar,White Sturgeon,Classic,,30,,117.00,3.9000,,TRUE,,36c57f121d7f8ad0,snapshots/2026-09-10/sterling-classic-caviar-30g.html,ok,extracted_via=jsonld; fetch=browser
OBS-000489,2026-09-10T17:40:05Z,Kolikof,https://kolikof.com/products/best-ossetra-reserve,Grand Reserve Ossetra Caviar,Kolikof,Ossetra,Grand Reserve,,28,,132.00,4.7143,,TRUE,,80680eec8e2c637d,snapshots/2026-09-10/kolikof-grand-reserve-ossetra-28g.html,ok,extracted_via=jsonld
OBS-000490,2026-09-10T17:40:05Z,One Caviar,https://onecaviar.com/products/royal-ossetra-caviar,Royal Ossetra Caviar,One Caviar,Acipenser Gueldenstaedtii,Royal Ossetra,,30,,120.00,4.0000,,,,d8dc7a93e203aee0,snapshots/2026-09-10/onecaviar-royal-ossetra-30g.html,ok,extracted_via=selectors
OBS-000491,2026-09-10T17:40:05Z,The Only Caviar,https://theonlycaviar.com/products/oscietra-caviar,Oscietra Caviar,The Only Caviar,Oscietra,,Italy,30,,129.00,4.3000,,,,,snapshots/2026-09-10/theonlycaviar-oscietra-30g.html,ok,extracted_via=selectors
OBS-000492,2026-09-10T17:40:05Z,KILO Caviar,https://kilocaviar.com/collections/all/products/imperial-osetra,Imperial Osetra,KILO Caviar,Imperial Osetra,,,28,,390.00,13.9286,,,,,snapshots/2026-09-10/kilocaviar-imperial-osetra-1oz.html,ok,extracted_via=selectors
OBS-000493,2026-09-10T17:40:05Z,Caviar Market,https://caviarmarketnyc.com/products/kaluga-queen-premium-black-caviar,Kaluga Queen Premium Caviar,Caviar Market,Huso Dauricus x Acipenser Schrenkii,,,100,,99.00,0.9900,,TRUE,,80846014f2364fd4,snapshots/2026-09-10/caviarmarketnyc-kaluga-queen-100g.html,ok,extracted_via=jsonld
OBS-000494,2026-09-10T17:40:05Z,Number One Caviar,https://numberonecaviar.com/products/kaluga-classic-caviar,Kaluga Classic Caviar,Number One Caviar,Kaluga (desc says Acipenser baerii),Classic,,28,,80.00,2.8571,,TRUE,,b9a80fbe4ddf49ae,snapshots/2026-09-10/numberone-kaluga-classic-28g.html,ok,extracted_via=jsonld
OBS-000495,2026-09-10T17:40:05Z,Meredith Marks Caviar,https://meredithmarkscaviar.com/products/24-karat-kaluga,24 KARAT KALUGA,Meredith Marks Caviar,Huso Dauricus,24 Karat,China,30,,90.00,3.0000,,TRUE,,4d8679cd658389c2,snapshots/2026-09-10/meredithmarks-24karat-kaluga-30g.html,ok,extracted_via=jsonld
OBS-000496,2026-09-10T17:40:05Z,Paramount Caviar,https://paramountcaviar.com/products/california-sturgeon,California White Sturgeon Caviar,Paramount Caviar,Acipenser transmontanous,,California,28,,61.00,2.1786,,FALSE,,9316d045ef39530c,snapshots/2026-09-10/paramount-california-white-sturgeon-28g.html,ok,extracted_via=jsonld
OBS-000497,2026-09-10T17:40:05Z,Marky's Caviar,https://www.markys.com/beluga-caviar-grade-00/,Beluga (Grade 00),Marky's Caviar,Huso huso,Grade 00,USA (Sturgeon AquaFarms),14,,155.00,11.0714,,TRUE,,,snapshots/2026-09-10/markys-beluga-grade-00-14g.html,ok,extracted_via=jsonld
OBS-000498,2026-09-10T17:40:05Z,Golden Goat Caviar,https://goldengoatcaviar.com/products/classic-ossetra,Classic Ossetra Caviar | Silky & Refined,Golden Goat Caviar,Ossetra,Classic,,30,,130.00,4.3333,,TRUE,,9eb3273431d3fb19,snapshots/2026-09-10/goldengoat-classic-ossetra-30g.html,ok,extracted_via=jsonld
OBS-000499,2026-09-10T17:40:05Z,Citarella,https://www.citarella.com/shop/seafood/caviar/osetra-caviar.html,Osetra Caviar,Citarella,Osetra,,,50,,180.00,3.6000,,,,f0872847ed75dda4,snapshots/2026-09-10/citarella-osetra-1.75oz.html,ok,extracted_via=selectors
OBS-000500,2026-09-11T17:43:52Z,Hey Caviar,https://heycaviar.com/product/our-signature-caviar/,Our Signature Caviar,Hey Caviar,kaluga,grade A,,113,,199.99,1.7698,,,,d789a359e9eb46b2,snapshots/2026-09-11/heycaviar-our-signature-caviar-4oz-113g.html,ok,extracted_via=selectors
OBS-000501,2026-09-11T17:43:52Z,Petrossian,https://www.petrossian.com/products/kaluga-huso-hybrid-caviar,Royal Kaluga Huso Hybrid Caviar,Petrossian,Huso Dauricus & Acipenser Shrenckii,,China,30,,219.00,7.3000,,TRUE,,617d3d09429ba85d,snapshots/2026-09-11/petrossian-royal-kaluga-huso-hybrid-30g.html,ok,extracted_via=jsonld
OBS-000502,2026-09-11T17:43:52Z,Pearl Street Caviar,https://pearlstreetcaviar.com/products/keluga,Keluga,Pearl Street Caviar,Keluga,,,12,,52.00,4.3333,,TRUE,,76296d1f4cda0e48,snapshots/2026-09-11/pearlstreet-keluga-slim-12g.html,ok,extracted_via=jsonld
OBS-000503,2026-09-11T17:43:52Z,The Caviar Co.,https://thecaviarco.com/products/imperial-golden-osetra-caviar,1 KILO (1000 g)* Imperial Golden Osetra Caviar,The Caviar Co.,Farmed Acipenser Gueldenstaedtii,,China,1000,,6808.00,6.8080,,,,37f54f1dd161005e,snapshots/2026-09-11/caviarco-imperial-golden-osetra-1kg.html,ok,extracted_via=jsonld
OBS-000504,2026-09-11T17:43:52Z,Imperia Caviar,https://imperiacaviar.com/products/kaluga,Kaluga Hybrid Reserve Caviar,Imperia Caviar,Kaluga Hybrid,Reserve,,130,,255.00,1.9615,,,,f53245633ee770e8,snapshots/2026-09-11/imperia-kaluga-hybrid-reserve-100g-promo.html,ok,extracted_via=selectors
OBS-000505,2026-09-11T17:43:52Z,Tsar Nicoulai,https://tsarnicoulai.com/products/classic-caviar,Classic Caviar,Tsar Nicoulai,Farmed Acipenser transmontanus,,"Wilton, CA",28,,80.00,2.8571,,,,88973b6ba0eaad2b,snapshots/2026-09-11/tsarnicoulai-classic-caviar-1oz.html,ok,extracted_via=selectors
OBS-000506,2026-09-11T17:43:52Z,OM Caviar,https://omcaviar.com/products/kaluga-hybrid,Kaluga Hybrid Caviar,OM Caviar,Kaluga Hybrid,,,50,,105.00,2.1000,,TRUE,,354617cc15ca1b2d,snapshots/2026-09-11/omcaviar-kaluga-hybrid-50g.html,ok,extracted_via=jsonld
OBS-000507,2026-09-11T17:43:52Z,Cavi Caviar,https://eatcavi.com/products/amur-sturgeon-caviar,Amur Sturgeon Caviar,CAVI,Amur Sturgeon,,,30,,105.00,3.5000,,,,7bfbda372783cdaa,snapshots/2026-09-11/eatcavi-amur-sturgeon-30g.html,ok,extracted_via=selectors
OBS-000508,2026-09-11T17:43:52Z,Calvisius Caviar USA,https://calvisiususa.com/products/calvisius-tradition-prestige,Calvisius Tradition Prestige,Calvisius Caviar,"Pacific White sturgeon, Acipenser transmontanus",,,28,,85.00,3.0357,,,,,snapshots/2026-09-11/calvisiususa-tradition-prestige-28g.html,ok,extracted_via=selectors
OBS-000509,2026-09-11T17:43:52Z,The Caviar Club,https://thecaviarclub.com/products/a-carefully-curated-selection-of-our-best-caviars,Caviar Sampler,The Caviar Club,Royal Ossetra + Kaluga Hybrid Reserve,,,200,,200.00,1.0000,,,,5191518d8fd5e295,snapshots/2026-09-11/caviarclub-caviar-sampler-200g.html,ok,extracted_via=selectors
OBS-000510,2026-09-11T17:43:52Z,Loft Caviar,https://loftcaviar.com/products/ossetra-reserve,Ossetra Reserve Caviar,Loft Caviar,Acipenser Guldenstadtii,,Caspian Sea,50,138.00,55.00,1.1000,60.1,,,3416d03713c7654b,snapshots/2026-09-11/loftcaviar-ossetra-reserve-50g.html,ok,extracted_via=selectors
OBS-000511,2026-09-11T17:43:52Z,Petrusco,https://petruscocaviar.com/products/petrusco-caviar-royal-ossetra,Royal Ossetra Caviar,Petrusco,Royal Ossetra,,,30,,130.00,4.3333,,TRUE,,d7cd94e95356f7f1,snapshots/2026-09-11/petrusco-royal-ossetra-30g.html,ok,extracted_via=jsonld
OBS-000512,2026-09-11T17:43:52Z,Caviére,https://caviereco.com/products/reserve-kaluga,Reserve Kaluga Caviar,Caviére,Huso dauricus x Acipenser schrenckii,,,30,,105.00,3.5000,,,,6c75b87078d6bc9b,snapshots/2026-09-11/caviere-reserve-kaluga-30g.html,ok,extracted_via=selectors
OBS-000513,2026-09-11T17:43:52Z,Caviar Russe,https://www.caviarrusse.com/products/select-osetra-caviar,Select Osetra,Caviar Russe,Acipenser Gueldenstaedtii,,,50,,250.00,5.0000,,,,6df14a25b14691b2,snapshots/2026-09-11/caviarrusse-select-osetra-50g.html,ok,extracted_via=selectors
OBS-000514,2026-09-11T17:43:52Z,Astrea Caviar,https://astreacaviar.com/products/astrea-kaluga-hybrid-caviar,Premier Selection Kaluga Hybrid,Astrea Caviar,Huso dauricus and Acipenser schrenckii,,,30,,160.00,5.3333,,,,6df14a25b14691b2,snapshots/2026-09-11/astrea-kaluga-hybrid-30g.html,ok,extracted_via=selectors
OBS-000515,2026-09-11T17:43:52Z,Caviar Star,https://www.caviarstar.com/products/kaluga-hybrid-caviar-limited-edition,"VIP Imperial Kaluga Hybrid Caviar ""OT"" Tins",Caviar Star,Kaluga Hybrid,,,50,,175.00,3.5000,,TRUE,,166207e90fe4aaa4,snapshots/2026-09-11/caviarstar-vip-imperial-kaluga-50g.html,ok,extracted_via=jsonld
OBS-000516,2026-09-11T17:43:52Z,Browne Trading Company,https://brownetrading.com/collections/buy-caviar-online/products/american-hackleback-caviar,American Hackleback Caviar,Browne Trading Company,American Hackleback,,,28,,78.00,2.7857,,TRUE,,4325b3a95ca89354,snapshots/2026-09-11/brownetrading-american-hackleback-1oz.html,ok,extracted_via=jsonld
OBS-000517,2026-09-11T17:43:52Z,Tsar Caviar,https://tsarcaviar.com/products/imperial-kaluga-fusion-caviar,Imperial Kaluga Fusion Caviar - 1KG / 35.2 OZ,Tsar Caviar,Imperial Kaluga Fusion,,,1000,,1265.00,1.2650,,TRUE,,,snapshots/2026-09-11/tsarcaviar-imperial-kaluga-fusion-1kg.html,ok,extracted_via=jsonld
OBS-000518,2026-09-11T17:43:52Z,Island Creek Oysters,https://islandcreekoysters.com/collections/caviar/products/american-osetra-caviar,Island Creek American Osetra Caviar,ICO,American Osetra,,,30,,199.00,6.6333,,TRUE,,e3b0c44298fc1c14,snapshots/2026-09-11/islandcreek-american-osetra-30g.html,ok,extracted_via=jsonld
OBS-000519,2026-09-11T17:43:52Z,Regalis Foods,https://regalisfoods.com/products/imperial-black-kaluga-farmed-in-china,,Regalis Foods,Imperial Black Kaluga,,Farmed in China,28,,78.00,2.7857,,,,,snapshots/2026-09-11/regalis-imperial-black-kaluga-1oz.html,ok,extracted_via=selectors
OBS-000520,2026-09-11T17:43:52Z,Sterling Caviar,https://sterlingcaviar.com/products/classic-caviar,Classic Caviar,Sterling Caviar,White Sturgeon,Classic,,30,,117.00,3.9000,,TRUE,,36c57f121d7f8ad0,snapshots/2026-09-11/sterling-classic-caviar-30g.html,ok,extracted_via=jsonld; fetch=browser
OBS-000521,2026-09-11T17:43:52Z,Kolikof,https://kolikof.com/products/best-ossetra-reserve,Grand Reserve Ossetra Caviar,Kolikof,Ossetra,Grand Reserve,,28,,132.00,4.7143,,TRUE,,80680eec8e2c637d,snapshots/2026-09-11/kolikof-grand-reserve-ossetra-28g.html,ok,extracted_via=jsonld
OBS-000522,2026-09-11T17:43:52Z,One Caviar,https://onecaviar.com/products/royal-ossetra-caviar,Royal Ossetra Caviar,One Caviar,Acipenser Gueldenstaedtii,Royal Ossetra,,30,,120.00,4.0000,,,,d8dc7a93e203aee0,snapshots/2026-09-11/onecaviar-royal-ossetra-30g.html,ok,extracted_via=selectors
OBS-000523,2026-09-11T17:43:52Z,The Only Caviar,https://theonlycaviar.com/products/oscietra-caviar,Oscietra Caviar,The Only Caviar,Oscietra,,Italy,30,,129.00,4.3000,,,,,snapshots/2026-09-11/theonlycaviar-oscietra-30g.html,ok,extracted_via=selectors
OBS-000524,2026-09-11T17:43:52Z,KILO Caviar,https://kilocaviar.com/collections/all/products/imperial-osetra,Imperial Osetra,KILO Caviar,Imperial Osetra,,,28,,390.00,13.9286,,,,,snapshots/2026-09-11/kilocaviar-imperial-osetra-1oz.html,ok,extracted_via=selectors
OBS-000525,2026-09-11T17:43:52Z,Caviar Market,https://caviarmarketnyc.com/products/kaluga-queen-premium-black-caviar,Kaluga Queen Premium Caviar,Caviar Market,Huso Dauricus x Acipenser Schrenkii,,,100,,99.00,0.9900,,TRUE,,80846014f2364fd4,snapshots/2026-09-11/caviarmarketnyc-kaluga-queen-100g.html,ok,extracted_via=jsonld
OBS-000526,2026-09-11T17:43:52Z,Number One Caviar,https://numberonecaviar.com/products/kaluga-classic-caviar,Kaluga Classic Caviar,Number One Caviar,Kaluga (desc says Acipenser baerii),Classic,,28,,80.00,2.8571,,TRUE,,b9a80fbe4ddf49ae,snapshots/2026-09-11/numberone-kaluga-classic-28g.html,ok,extracted_via=jsonld
OBS-000527,2026-09-11T17:43:52Z,Meredith Marks Caviar,https://meredithmarkscaviar.com/products/24-karat-kaluga,24 KARAT KALUGA,Meredith Marks Caviar,Huso Dauricus,24 Karat,China,30,,90.00,3.0000,,TRUE,,4d8679cd658389c2,snapshots/2026-09-11/meredithmarks-24karat-kaluga-30g.html,ok,extracted_via=jsonld
OBS-000528,2026-09-11T17:43:52Z,Paramount Caviar,https://paramountcaviar.com/products/california-sturgeon,California White Sturgeon Caviar,Paramount Caviar,Acipenser transmontanous,,California,28,,61.00,2.1786,,FALSE,,9316d045ef39530c,snapshots/2026-09-11/paramount-california-white-sturgeon-28g.html,ok,extracted_via=jsonld
OBS-000529,2026-09-11T17:43:52Z,Marky's Caviar,https://www.markys.com/beluga-caviar-grade-00/,Beluga (Grade 00),Marky's Caviar,Huso huso,Grade 00,USA (Sturgeon AquaFarms),14,,155.00,11.0714,,TRUE,,,snapshots/2026-09-11/markys-beluga-grade-00-14g.html,ok,extracted_via=jsonld
OBS-000530,2026-09-11T17:43:52Z,Golden Goat Caviar,https://goldengoatcaviar.com/products/classic-ossetra,Classic Ossetra Caviar | Silky & Refined,Golden Goat Caviar,Ossetra,Classic,,30,,130.00,4.3333,,TRUE,,9eb3273431d3fb19,snapshots/2026-09-11/goldengoat-classic-ossetra-30g.html,ok,extracted_via=jsonld
OBS-000531,2026-09-11T17:43:52Z,Citarella,https://www.citarella.com/shop/seafood/caviar/osetra-caviar.html,Osetra Caviar,Citarella,Osetra,,,50,,180.00,3.6000,,,,f0872847ed75dda4,snapshots/2026-09-11/citarella-osetra-1.75oz.html,ok,extracted_via=selectors
OBS-000532,2026-09-12T17:03:59Z,Hey Caviar,https://heycaviar.com/product/our-signature-caviar/,Our Signature Caviar,Hey Caviar,kaluga,grade A,,113,,199.99,1.7698,,,,d789a359e9eb46b2,snapshots/2026-09-12/heycaviar-our-signature-caviar-4oz-113g.html,ok,extracted_via=selectors
OBS-000533,2026-09-12T17:03:59Z,Petrossian,https://www.petrossian.com/products/kaluga-huso-hybrid-caviar,Royal Kaluga Huso Hybrid Caviar,Petrossian,Huso Dauricus & Acipenser Shrenckii,,China,30,,219.00,7.3000,,TRUE,,617d3d09429ba85d,snapshots/2026-09-12/petrossian-royal-kaluga-huso-hybrid-30g.html,ok,extracted_via=jsonld
OBS-000534,2026-09-12T17:03:59Z,Pearl Street Caviar,https://pearlstreetcaviar.com/products/keluga,Keluga,Pearl Street Caviar,Keluga,,,12,,52.00,4.3333,,TRUE,,76296d1f4cda0e48,snapshots/2026-09-12/pearlstreet-keluga-slim-12g.html,ok,extracted_via=jsonld
OBS-000535,2026-09-12T17:03:59Z,The Caviar Co.,https://thecaviarco.com/products/imperial-golden-osetra-caviar,1 KILO (1000 g)* Imperial Golden Osetra Caviar,The Caviar Co.,Farmed Acipenser Gueldenstaedtii,,China,1000,,6808.00,6.8080,,,,37f54f1dd161005e,snapshots/2026-09-12/caviarco-imperial-golden-osetra-1kg.html,ok,extracted_via=jsonld
OBS-000536,2026-09-12T17:03:59Z,Imperia Caviar,https://imperiacaviar.com/products/kaluga,Kaluga Hybrid Reserve Caviar,Imperia Caviar,Kaluga Hybrid,Reserve,,130,,255.00,1.9615,,,,f53245633ee770e8,snapshots/2026-09-12/imperia-kaluga-hybrid-reserve-100g-promo.html,ok,extracted_via=selectors
OBS-000537,2026-09-12T17:03:59Z,Tsar Nicoulai,https://tsarnicoulai.com/products/classic-caviar,Classic Caviar,Tsar Nicoulai,Farmed Acipenser transmontanus,,"Wilton, CA",28,,80.00,2.8571,,,,88973b6ba0eaad2b,snapshots/2026-09-12/tsarnicoulai-classic-caviar-1oz.html,ok,extracted_via=selectors
OBS-000538,2026-09-12T17:03:59Z,OM Caviar,https://omcaviar.com/products/kaluga-hybrid,Kaluga Hybrid Caviar,OM Caviar,Kaluga Hybrid,,,50,,105.00,2.1000,,TRUE,,354617cc15ca1b2d,snapshots/2026-09-12/omcaviar-kaluga-hybrid-50g.html,ok,extracted_via=jsonld
OBS-000539,2026-09-12T17:03:59Z,Cavi Caviar,https://eatcavi.com/products/amur-sturgeon-caviar,Amur Sturgeon Caviar,CAVI,Amur Sturgeon,,,30,,105.00,3.5000,,,,7bfbda372783cdaa,snapshots/2026-09-12/eatcavi-amur-sturgeon-30g.html,ok,extracted_via=selectors
OBS-000540,2026-09-12T17:03:59Z,Calvisius Caviar USA,https://calvisiususa.com/products/calvisius-tradition-prestige,Calvisius Tradition Prestige,Calvisius Caviar,"Pacific White sturgeon, Acipenser transmontanus",,,28,,85.00,3.0357,,,,,snapshots/2026-09-12/calvisiususa-tradition-prestige-28g.html,ok,extracted_via=selectors
OBS-000541,2026-09-12T17:03:59Z,The Caviar Club,https://thecaviarclub.com/products/a-carefully-curated-selection-of-our-best-caviars,Caviar Sampler,The Caviar Club,Royal Ossetra + Kaluga Hybrid Reserve,,,200,,200.00,1.0000,,,,5191518d8fd5e295,snapshots/2026-09-12/caviarclub-caviar-sampler-200g.html,ok,extracted_via=selectors
OBS-000542,2026-09-12T17:03:59Z,Loft Caviar,https://loftcaviar.com/products/ossetra-reserve,Ossetra Reserve Caviar,Loft Caviar,Acipenser Guldenstadtii,,Caspian Sea,50,138.00,55.00,1.1000,60.1,,,3416d03713c7654b,snapshots/2026-09-12/loftcaviar-ossetra-reserve-50g.html,ok,extracted_via=selectors
OBS-000543,2026-09-12T17:03:59Z,Petrusco,https://petruscocaviar.com/products/petrusco-caviar-royal-ossetra,Royal Ossetra Caviar,Petrusco,Royal Ossetra,,,30,,130.00,4.3333,,TRUE,,d7cd94e95356f7f1,snapshots/2026-09-12/petrusco-royal-ossetra-30g.html,ok,extracted_via=jsonld
OBS-000544,2026-09-12T17:03:59Z,Caviére,https://caviereco.com/products/reserve-kaluga,Reserve Kaluga Caviar,Caviére,Huso dauricus x Acipenser schrenckii,,,30,,105.00,3.5000,,,,6c75b87078d6bc9b,snapshots/2026-09-12/caviere-reserve-kaluga-30g.html,ok,extracted_via=selectors
OBS-000545,2026-09-12T17:03:59Z,Caviar Russe,https://www.caviarrusse.com/products/select-osetra-caviar,Select Osetra,Caviar Russe,Acipenser Gueldenstaedtii,,,50,,250.00,5.0000,,,,6df14a25b14691b2,snapshots/2026-09-12/caviarrusse-select-osetra-50g.html,ok,extracted_via=selectors
OBS-000546,2026-09-12T17:03:59Z,Astrea Caviar,https://astreacaviar.com/products/astrea-kaluga-hybrid-caviar,Premier Selection Kaluga Hybrid,Astrea Caviar,Huso dauricus and Acipenser schrenckii,,,30,,160.00,5.3333,,,,6df14a25b14691b2,snapshots/2026-09-12/astrea-kaluga-hybrid-30g.html,ok,extracted_via=selectors
OBS-000547,2026-09-12T17:03:59Z,Caviar Star,https://www.caviarstar.com/products/kaluga-hybrid-caviar-limited-edition,"VIP Imperial Kaluga Hybrid Caviar ""OT"" Tins",Caviar Star,Kaluga Hybrid,,,50,,175.00,3.5000,,TRUE,,166207e90fe4aaa4,snapshots/2026-09-12/caviarstar-vip-imperial-kaluga-50g.html,ok,extracted_via=jsonld
OBS-000548,2026-09-12T17:03:59Z,Browne Trading Company,https://brownetrading.com/collections/buy-caviar-online/products/american-hackleback-caviar,American Hackleback Caviar,Browne Trading Company,American Hackleback,,,28,,78.00,2.7857,,TRUE,,4325b3a95ca89354,snapshots/2026-09-12/brownetrading-american-hackleback-1oz.html,ok,extracted_via=jsonld
OBS-000549,2026-09-12T17:03:59Z,Tsar Caviar,https://tsarcaviar.com/products/imperial-kaluga-fusion-caviar,Imperial Kaluga Fusion Caviar - 1KG / 35.2 OZ,Tsar Caviar,Imperial Kaluga Fusion,,,1000,,1265.00,1.2650,,TRUE,,,snapshots/2026-09-12/tsarcaviar-imperial-kaluga-fusion-1kg.html,ok,extracted_via=jsonld
OBS-000550,2026-09-12T17:03:59Z,Island Creek Oysters,https://islandcreekoysters.com/collections/caviar/products/american-osetra-caviar,Island Creek American Osetra Caviar,ICO,American Osetra,,,30,,199.00,6.6333,,TRUE,,e3b0c44298fc1c14,snapshots/2026-09-12/islandcreek-american-osetra-30g.html,ok,extracted_via=jsonld
OBS-000551,2026-09-12T17:03:59Z,Regalis Foods,https://regalisfoods.com/products/imperial-black-kaluga-farmed-in-china,,Regalis Foods,Imperial Black Kaluga,,Farmed in China,28,,78.00,2.7857,,,,,snapshots/2026-09-12/regalis-imperial-black-kaluga-1oz.html,ok,extracted_via=selectors
OBS-000552,2026-09-12T17:03:59Z,Sterling Caviar,https://sterlingcaviar.com/products/classic-caviar,Classic Caviar,Sterling Caviar,White Sturgeon,Classic,,30,,117.00,3.9000,,TRUE,,36c57f121d7f8ad0,snapshots/2026-09-12/sterling-classic-caviar-30g.html,ok,extracted_via=jsonld; fetch=browser
OBS-000553,2026-09-12T17:03:59Z,Kolikof,https://kolikof.com/products/best-ossetra-reserve,Grand Reserve Ossetra Caviar,Kolikof,Ossetra,Grand Reserve,,28,,132.00,4.7143,,TRUE,,80680eec8e2c637d,snapshots/2026-09-12/kolikof-grand-reserve-ossetra-28g.html,ok,extracted_via=jsonld
OBS-000554,2026-09-12T17:03:59Z,One Caviar,https://onecaviar.com/products/royal-ossetra-caviar,Royal Ossetra Caviar,One Caviar,Acipenser Gueldenstaedtii,Royal Ossetra,,30,,120.00,4.0000,,,,d8dc7a93e203aee0,snapshots/2026-09-12/onecaviar-royal-ossetra-30g.html,ok,extracted_via=selectors
OBS-000555,2026-09-12T17:03:59Z,The Only Caviar,https://theonlycaviar.com/products/oscietra-caviar,Oscietra Caviar,The Only Caviar,Oscietra,,Italy,30,,129.00,4.3000,,,,,snapshots/2026-09-12/theonlycaviar-oscietra-30g.html,ok,extracted_via=selectors
OBS-000556,2026-09-12T17:03:59Z,KILO Caviar,https://kilocaviar.com/collections/all/products/imperial-osetra,Imperial Osetra,KILO Caviar,Imperial Osetra,,,28,,390.00,13.9286,,,,,snapshots/2026-09-12/kilocaviar-imperial-osetra-1oz.html,ok,extracted_via=selectors
OBS-000557,2026-09-12T17:03:59Z,Caviar Market,https://caviarmarketnyc.com/products/kaluga-queen-premium-black-caviar,Kaluga Queen Premium Caviar,Caviar Market,Huso Dauricus x Acipenser Schrenkii,,,100,,99.00,0.9900,,TRUE,,80846014f2364fd4,snapshots/2026-09-12/caviarmarketnyc-kaluga-queen-100g.html,ok,extracted_via=jsonld
OBS-000558,2026-09-12T17:03:59Z,Number One Caviar,https://numberonecaviar.com/products/kaluga-classic-caviar,Kaluga Classic Caviar,Number One Caviar,Kaluga (desc says Acipenser baerii),Classic,,28,,80.00,2.8571,,TRUE,,b9a80fbe4ddf49ae,snapshots/2026-09-12/numberone-kaluga-classic-28g.html,ok,extracted_via=jsonld
OBS-000559,2026-09-12T17:03:59Z,Meredith Marks Caviar,https://meredithmarkscaviar.com/products/24-karat-kaluga,24 KARAT KALUGA,Meredith Marks Caviar,Huso Dauricus,24 Karat,China,30,,90.00,3.0000,,TRUE,,4d8679cd658389c2,snapshots/2026-09-12/meredithmarks-24karat-kaluga-30g.html,ok,extracted_via=jsonld
OBS-000560,2026-09-12T17:03:59Z,Paramount Caviar,https://paramountcaviar.com/products/california-sturgeon,California White Sturgeon Caviar,Paramount Caviar,Acipenser transmontanous,,California,28,,61.00,2.1786,,FALSE,,9316d045ef39530c,snapshots/2026-09-12/paramount-california-white-sturgeon-28g.html,ok,extracted_via=jsonld
OBS-000561,2026-09-12T17:03:59Z,Marky's Caviar,https://www.markys.com/beluga-caviar-grade-00/,Beluga (Grade 00),Marky's Caviar,Huso huso,Grade 00,USA (Sturgeon AquaFarms),14,,155.00,11.0714,,TRUE,,,snapshots/2026-09-12/markys-beluga-grade-00-14g.html,ok,extracted_via=jsonld
OBS-000562,2026-09-12T17:03:59Z,Golden Goat Caviar,https://goldengoatcaviar.com/products/classic-ossetra,Classic Ossetra Caviar | Silky & Refined,Golden Goat Caviar,Ossetra,Classic,,30,,130.00,4.3333,,TRUE,,9eb3273431d3fb19,snapshots/2026-09-12/goldengoat-classic-ossetra-30g.html,ok,extracted_via=jsonld
OBS-000563,2026-09-12T17:03:59Z,Citarella,https://www.citarella.com/shop/seafood/caviar/osetra-caviar.html,Osetra Caviar,Citarella,Osetra,,,50,,180.00,3.6000,,,,f0872847ed75dda4,snapshots/2026-09-12/citarella-osetra-1.75oz.html,ok,extracted_via=selectors
OBS-000564,2026-09-13T17:23:34Z,Hey Caviar,https://heycaviar.com/product/our-signature-caviar/,Our Signature Caviar,Hey Caviar,kaluga,grade A,,113,,199.99,1.7698,,,,d789a359e9eb46b2,snapshots/2026-09-13/heycaviar-our-signature-caviar-4oz-113g.html,ok,extracted_via=selectors
OBS-000565,2026-09-13T17:23:34Z,Petrossian,https://www.petrossian.com/products/kaluga-huso-hybrid-caviar,Royal Kaluga Huso Hybrid Caviar,Petrossian,Huso Dauricus & Acipenser Shrenckii,,China,30,,219.00,7.3000,,TRUE,,617d3d09429ba85d,snapshots/2026-09-13/petrossian-royal-kaluga-huso-hybrid-30g.html,ok,extracted_via=jsonld
OBS-000566,2026-09-13T17:23:34Z,Pearl Street Caviar,https://pearlstreetcaviar.com/products/keluga,Keluga,Pearl Street Caviar,Keluga,,,12,,52.00,4.3333,,TRUE,,76296d1f4cda0e48,snapshots/2026-09-13/pearlstreet-keluga-slim-12g.html,ok,extracted_via=jsonld
OBS-000567,2026-09-13T17:23:34Z,The Caviar Co.,https://thecaviarco.com/products/imperial-golden-osetra-caviar,1 KILO (1000 g)* Imperial Golden Osetra Caviar,The Caviar Co.,Farmed Acipenser Gueldenstaedtii,,China,1000,,6808.00,6.8080,,,,37f54f1dd161005e,snapshots/2026-09-13/caviarco-imperial-golden-osetra-1kg.html,ok,extracted_via=jsonld
OBS-000568,2026-09-13T17:23:34Z,Imperia Caviar,https://imperiacaviar.com/products/kaluga,Kaluga Hybrid Reserve Caviar,Imperia Caviar,Kaluga Hybrid,Reserve,,130,,255.00,1.9615,,,,f53245633ee770e8,snapshots/2026-09-13/imperia-kaluga-hybrid-reserve-100g-promo.html,ok,extracted_via=selectors
OBS-000569,2026-09-13T17:23:34Z,Tsar Nicoulai,https://tsarnicoulai.com/products/classic-caviar,Classic Caviar,Tsar Nicoulai,Farmed Acipenser transmontanus,,"Wilton, CA",28,,80.00,2.8571,,,,88973b6ba0eaad2b,snapshots/2026-09-13/tsarnicoulai-classic-caviar-1oz.html,ok,extracted_via=selectors
OBS-000570,2026-09-13T17:23:34Z,OM Caviar,https://omcaviar.com/products/kaluga-hybrid,Kaluga Hybrid Caviar,OM Caviar,Kaluga Hybrid,,,50,,105.00,2.1000,,TRUE,,354617cc15ca1b2d,snapshots/2026-09-13/omcaviar-kaluga-hybrid-50g.html,ok,extracted_via=jsonld
OBS-000571,2026-09-13T17:23:34Z,Cavi Caviar,https://eatcavi.com/products/amur-sturgeon-caviar,Amur Sturgeon Caviar,CAVI,Amur Sturgeon,,,30,,105.00,3.5000,,,,7bfbda372783cdaa,snapshots/2026-09-13/eatcavi-amur-sturgeon-30g.html,ok,extracted_via=selectors
OBS-000572,2026-09-13T17:23:34Z,Calvisius Caviar USA,https://calvisiususa.com/products/calvisius-tradition-prestige,Calvisius Tradition Prestige,Calvisius Caviar,"Pacific White sturgeon, Acipenser transmontanus",,,28,,85.00,3.0357,,,,,snapshots/2026-09-13/calvisiususa-tradition-prestige-28g.html,ok,extracted_via=selectors
OBS-000573,2026-09-13T17:23:34Z,The Caviar Club,https://thecaviarclub.com/products/a-carefully-curated-selection-of-our-best-caviars,Caviar Sampler,The Caviar Club,Royal Ossetra + Kaluga Hybrid Reserve,,,200,,200.00,1.0000,,,,5191518d8fd5e295,snapshots/2026-09-13/caviarclub-caviar-sampler-200g.html,ok,extracted_via=selectors
OBS-000574,2026-09-13T17:23:34Z,Loft Caviar,https://loftcaviar.com/products/ossetra-reserve,Ossetra Reserve Caviar,Loft Caviar,Acipenser Guldenstadtii,,Caspian Sea,50,138.00,55.00,1.1000,60.1,,,3416d03713c7654b,snapshots/2026-09-13/loftcaviar-ossetra-reserve-50g.html,ok,extracted_via=selectors
OBS-000575,2026-09-13T17:23:34Z,Petrusco,https://petruscocaviar.com/products/petrusco-caviar-royal-ossetra,Royal Ossetra Caviar,Petrusco,Royal Ossetra,,,30,,130.00,4.3333,,TRUE,,d7cd94e95356f7f1,snapshots/2026-09-13/petrusco-royal-ossetra-30g.html,ok,extracted_via=jsonld
OBS-000576,2026-09-13T17:23:34Z,Caviére,https://caviereco.com/products/reserve-kaluga,Reserve Kaluga Caviar,Caviére,Huso dauricus x Acipenser schrenckii,,,30,,105.00,3.5000,,,,6c75b87078d6bc9b,snapshots/2026-09-13/caviere-reserve-kaluga-30g.html,ok,extracted_via=selectors
OBS-000577,2026-09-13T17:23:34Z,Caviar Russe,https://www.caviarrusse.com/products/select-osetra-caviar,Select Osetra,Caviar Russe,Acipenser Gueldenstaedtii,,,50,,250.00,5.0000,,,,6df14a25b14691b2,snapshots/2026-09-13/caviarrusse-select-osetra-50g.html,ok,extracted_via=selectors
OBS-000578,2026-09-13T17:23:34Z,Astrea Caviar,https://astreacaviar.com/products/astrea-kaluga-hybrid-caviar,Premier Selection Kaluga Hybrid,Astrea Caviar,Huso dauricus and Acipenser schrenckii,,,30,,160.00,5.3333,,,,6df14a25b14691b2,snapshots/2026-09-13/astrea-kaluga-hybrid-30g.html,ok,extracted_via=selectors
OBS-000579,2026-09-13T17:23:34Z,Caviar Star,https://www.caviarstar.com/products/kaluga-hybrid-caviar-limited-edition,"VIP Imperial Kaluga Hybrid Caviar ""OT"" Tins",Caviar Star,Kaluga Hybrid,,,50,,175.00,3.5000,,TRUE,,166207e90fe4aaa4,snapshots/2026-09-13/caviarstar-vip-imperial-kaluga-50g.html,ok,extracted_via=jsonld
OBS-000580,2026-09-13T17:23:34Z,Browne Trading Company,https://brownetrading.com/collections/buy-caviar-online/products/american-hackleback-caviar,American Hackleback Caviar,Browne Trading Company,American Hackleback,,,28,,78.00,2.7857,,TRUE,,4325b3a95ca89354,snapshots/2026-09-13/brownetrading-american-hackleback-1oz.html,ok,extracted_via=jsonld
OBS-000581,2026-09-13T17:23:34Z,Tsar Caviar,https://tsarcaviar.com/products/imperial-kaluga-fusion-caviar,Imperial Kaluga Fusion Caviar - 1KG / 35.2 OZ,Tsar Caviar,Imperial Kaluga Fusion,,,1000,,1265.00,1.2650,,TRUE,,,snapshots/2026-09-13/tsarcaviar-imperial-kaluga-fusion-1kg.html,ok,extracted_via=jsonld
OBS-000582,2026-09-13T17:23:34Z,Island Creek Oysters,https://islandcreekoysters.com/collections/caviar/products/american-osetra-caviar,Island Creek American Osetra Caviar,ICO,American Osetra,,,30,,199.00,6.6333,,TRUE,,e3b0c44298fc1c14,snapshots/2026-09-13/islandcreek-american-osetra-30g.html,ok,extracted_via=jsonld
OBS-000583,2026-09-13T17:23:34Z,Regalis Foods,https://regalisfoods.com/products/imperial-black-kaluga-farmed-in-china,,Regalis Foods,Imperial Black Kaluga,,Farmed in China,28,,78.00,2.7857,,,,,snapshots/2026-09-13/regalis-imperial-black-kaluga-1oz.html,ok,extracted_via=selectors
OBS-000584,2026-09-13T17:23:34Z,Sterling Caviar,https://sterlingcaviar.com/products/classic-caviar,Classic Caviar,Sterling Caviar,White Sturgeon,Classic,,30,,117.00,3.9000,,TRUE,,36c57f121d7f8ad0,snapshots/2026-09-13/sterling-classic-caviar-30g.html,ok,extracted_via=jsonld; fetch=browser
OBS-000585,2026-09-13T17:23:34Z,Kolikof,https://kolikof.com/products/best-ossetra-reserve,Grand Reserve Ossetra Caviar,Kolikof,Ossetra,Grand Reserve,,28,,132.00,4.7143,,TRUE,,80680eec8e2c637d,snapshots/2026-09-13/kolikof-grand-reserve-ossetra-28g.html,ok,extracted_via=jsonld
OBS-000586,2026-09-13T17:23:34Z,One Caviar,https://onecaviar.com/products/royal-ossetra-caviar,Royal Ossetra Caviar,One Caviar,Acipenser Gueldenstaedtii,Royal Ossetra,,30,,120.00,4.0000,,,,d8dc7a93e203aee0,snapshots/2026-09-13/onecaviar-royal-ossetra-30g.html,ok,extracted_via=selectors
OBS-000587,2026-09-13T17:23:34Z,The Only Caviar,https://theonlycaviar.com/products/oscietra-caviar,Oscietra Caviar,The Only Caviar,Oscietra,,Italy,30,,129.00,4.3000,,,,,snapshots/2026-09-13/theonlycaviar-oscietra-30g.html,ok,extracted_via=selectors
OBS-000588,2026-09-13T17:23:34Z,KILO Caviar,https://kilocaviar.com/collections/all/products/imperial-osetra,Imperial Osetra,KILO Caviar,Imperial Osetra,,,28,,390.00,13.9286,,,,,snapshots/2026-09-13/kilocaviar-imperial-osetra-1oz.html,ok,extracted_via=selectors
OBS-000589,2026-09-13T17:23:34Z,Caviar Market,https://caviarmarketnyc.com/products/kaluga-queen-premium-black-caviar,Kaluga Queen Premium Caviar,Caviar Market,Huso Dauricus x Acipenser Schrenkii,,,100,,99.00,0.9900,,TRUE,,80846014f2364fd4,snapshots/2026-09-13/caviarmarketnyc-kaluga-queen-100g.html,ok,extracted_via=jsonld
OBS-000590,2026-09-13T17:23:34Z,Number One Caviar,https://numberonecaviar.com/products/kaluga-classic-caviar,Kaluga Classic Caviar,Number One Caviar,Kaluga (desc says Acipenser baerii),Classic,,28,,80.00,2.8571,,TRUE,,b9a80fbe4ddf49ae,snapshots/2026-09-13/numberone-kaluga-classic-28g.html,ok,extracted_via=jsonld
OBS-000591,2026-09-13T17:23:34Z,Meredith Marks Caviar,https://meredithmarkscaviar.com/products/24-karat-kaluga,24 KARAT KALUGA,Meredith Marks Caviar,Huso Dauricus,24 Karat,China,30,,90.00,3.0000,,TRUE,,4d8679cd658389c2,snapshots/2026-09-13/meredithmarks-24karat-kaluga-30g.html,ok,extracted_via=jsonld
OBS-000592,2026-09-13T17:23:34Z,Paramount Caviar,https://paramountcaviar.com/products/california-sturgeon,California White Sturgeon Caviar,Paramount Caviar,Acipenser transmontanous,,California,28,,61.00,2.1786,,FALSE,,9316d045ef39530c,snapshots/2026-09-13/paramount-california-white-sturgeon-28g.html,ok,extracted_via=jsonld
OBS-000593,2026-09-13T17:23:34Z,Marky's Caviar,https://www.markys.com/beluga-caviar-grade-00/,Beluga (Grade 00),Marky's Caviar,Huso huso,Grade 00,USA (Sturgeon AquaFarms),14,,155.00,11.0714,,TRUE,,,snapshots/2026-09-13/markys-beluga-grade-00-14g.html,ok,extracted_via=jsonld
OBS-000594,2026-09-13T17:23:34Z,Golden Goat Caviar,https://goldengoatcaviar.com/products/classic-ossetra,Classic Ossetra Caviar | Silky & Refined,Golden Goat Caviar,Ossetra,Classic,,30,,130.00,4.3333,,TRUE,,9eb3273431d3fb19,snapshots/2026-09-13/goldengoat-classic-ossetra-30g.html,ok,extracted_via=jsonld
OBS-000595,2026-09-13T17:23:34Z,Citarella,https://www.citarella.com/shop/seafood/caviar/osetra-caviar.html,Osetra Caviar,Citarella,Osetra,,,50,,180.00,3.6000,,,,f0872847ed75dda4,snapshots/2026-09-13/citarella-osetra-1.75oz.html,ok,extracted_via=selectors
OBS-000596,2026-09-14T19:18:40Z,Hey Caviar,https://heycaviar.com/product/our-signature-caviar/,Our Signature Caviar,Hey Caviar,kaluga,grade A,,113,,199.99,1.7698,,,,d789a359e9eb46b2,snapshots/2026-09-14/heycaviar-our-signature-caviar-4oz-113g.html,ok,extracted_via=selectors
OBS-000597,2026-09-14T19:18:40Z,Petrossian,https://www.petrossian.com/products/kaluga-huso-hybrid-caviar,Royal Kaluga Huso Hybrid Caviar,Petrossian,Huso Dauricus & Acipenser Shrenckii,,China,30,,219.00,7.3000,,TRUE,,617d3d09429ba85d,snapshots/2026-09-14/petrossian-royal-kaluga-huso-hybrid-30g.html,ok,extracted_via=jsonld
OBS-000598,2026-09-14T19:18:40Z,Pearl Street Caviar,https://pearlstreetcaviar.com/products/keluga,Keluga,Pearl Street Caviar,Keluga,,,12,,52.00,4.3333,,TRUE,,76296d1f4cda0e48,snapshots/2026-09-14/pearlstreet-keluga-slim-12g.html,ok,extracted_via=jsonld
OBS-000599,2026-09-14T19:18:40Z,The Caviar Co.,https://thecaviarco.com/products/imperial-golden-osetra-caviar,1 KILO (1000 g)* Imperial Golden Osetra Caviar,The Caviar Co.,Farmed Acipenser Gueldenstaedtii,,China,1000,,6808.00,6.8080,,,,37f54f1dd161005e,snapshots/2026-09-14/caviarco-imperial-golden-osetra-1kg.html,ok,extracted_via=jsonld
OBS-000600,2026-09-14T19:18:40Z,Imperia Caviar,https://imperiacaviar.com/products/kaluga,Kaluga Hybrid Reserve Caviar,Imperia Caviar,Kaluga Hybrid,Reserve,,130,,255.00,1.9615,,,,f53245633ee770e8,snapshots/2026-09-14/imperia-kaluga-hybrid-reserve-100g-promo.html,ok,extracted_via=selectors
OBS-000601,2026-09-14T19:18:40Z,Tsar Nicoulai,https://tsarnicoulai.com/products/classic-caviar,Classic Caviar,Tsar Nicoulai,Farmed Acipenser transmontanus,,"Wilton, CA",28,,80.00,2.8571,,,,88973b6ba0eaad2b,snapshots/2026-09-14/tsarnicoulai-classic-caviar-1oz.html,ok,extracted_via=selectors
OBS-000602,2026-09-14T19:18:40Z,OM Caviar,https://omcaviar.com/products/kaluga-hybrid,Kaluga Hybrid Caviar,OM Caviar,Kaluga Hybrid,,,50,,105.00,2.1000,,TRUE,,354617cc15ca1b2d,snapshots/2026-09-14/omcaviar-kaluga-hybrid-50g.html,ok,extracted_via=jsonld
OBS-000603,2026-09-14T19:18:40Z,Cavi Caviar,https://eatcavi.com/products/amur-sturgeon-caviar,Amur Sturgeon Caviar,CAVI,Amur Sturgeon,,,30,,105.00,3.5000,,,,7bfbda372783cdaa,snapshots/2026-09-14/eatcavi-amur-sturgeon-30g.html,ok,extracted_via=selectors
OBS-000604,2026-09-14T19:18:40Z,Calvisius Caviar USA,https://calvisiususa.com/products/calvisius-tradition-prestige,Calvisius Tradition Prestige,Calvisius Caviar,"Pacific White sturgeon, Acipenser transmontanus",,,28,,85.00,3.0357,,,,,snapshots/2026-09-14/calvisiususa-tradition-prestige-28g.html,ok,extracted_via=selectors
OBS-000605,2026-09-14T19:18:40Z,The Caviar Club,https://thecaviarclub.com/products/a-carefully-curated-selection-of-our-best-caviars,Caviar Sampler,The Caviar Club,Royal Ossetra + Kaluga Hybrid Reserve,,,200,,200.00,1.0000,,,,5191518d8fd5e295,snapshots/2026-09-14/caviarclub-caviar-sampler-200g.html,ok,extracted_via=selectors
OBS-000606,2026-09-14T19:18:40Z,Loft Caviar,https://loftcaviar.com/products/ossetra-reserve,Ossetra Reserve Caviar,Loft Caviar,Acipenser Guldenstadtii,,Caspian Sea,50,138.00,55.00,1.1000,60.1,,,3416d03713c7654b,snapshots/2026-09-14/loftcaviar-ossetra-reserve-50g.html,ok,extracted_via=selectors
OBS-000607,2026-09-14T19:18:40Z,Petrusco,https://petruscocaviar.com/products/petrusco-caviar-royal-ossetra,Royal Ossetra Caviar,Petrusco,Royal Ossetra,,,30,,130.00,4.3333,,TRUE,,d7cd94e95356f7f1,snapshots/2026-09-14/petrusco-royal-ossetra-30g.html,ok,extracted_via=jsonld
OBS-000608,2026-09-14T19:18:40Z,Caviére,https://caviereco.com/products/reserve-kaluga,Reserve Kaluga Caviar,Caviére,Huso dauricus x Acipenser schrenckii,,,30,,105.00,3.5000,,,,6c75b87078d6bc9b,snapshots/2026-09-14/caviere-reserve-kaluga-30g.html,ok,extracted_via=selectors
OBS-000609,2026-09-14T19:18:40Z,Caviar Russe,https://www.caviarrusse.com/products/select-osetra-caviar,Select Osetra,Caviar Russe,Acipenser Gueldenstaedtii,,,50,,250.00,5.0000,,,,6df14a25b14691b2,snapshots/2026-09-14/caviarrusse-select-osetra-50g.html,ok,extracted_via=selectors
OBS-000610,2026-09-14T19:18:40Z,Astrea Caviar,https://astreacaviar.com/products/astrea-kaluga-hybrid-caviar,Premier Selection Kaluga Hybrid,Astrea Caviar,Huso dauricus and Acipenser schrenckii,,,30,,160.00,5.3333,,,,6df14a25b14691b2,snapshots/2026-09-14/astrea-kaluga-hybrid-30g.html,ok,extracted_via=selectors
OBS-000611,2026-09-14T19:18:40Z,Caviar Star,https://www.caviarstar.com/products/kaluga-hybrid-caviar-limited-edition,"VIP Imperial Kaluga Hybrid Caviar ""OT"" Tins",Caviar Star,Kaluga Hybrid,,,50,,175.00,3.5000,,TRUE,,166207e90fe4aaa4,snapshots/2026-09-14/caviarstar-vip-imperial-kaluga-50g.html,ok,extracted_via=jsonld
OBS-000612,2026-09-14T19:18:40Z,Browne Trading Company,https://brownetrading.com/collections/buy-caviar-online/products/american-hackleback-caviar,American Hackleback Caviar,Browne Trading Company,American Hackleback,,,28,,78.00,2.7857,,TRUE,,4325b3a95ca89354,snapshots/2026-09-14/brownetrading-american-hackleback-1oz.html,ok,extracted_via=jsonld
OBS-000613,2026-09-14T19:18:40Z,Tsar Caviar,https://tsarcaviar.com/products/imperial-kaluga-fusion-caviar,Imperial Kaluga Fusion Caviar - 1KG / 35.2 OZ,Tsar Caviar,Imperial Kaluga Fusion,,,1000,,1265.00,1.2650,,TRUE,,,snapshots/2026-09-14/tsarcaviar-imperial-kaluga-fusion-1kg.html,ok,extracted_via=jsonld
OBS-000614,2026-09-14T19:18:40Z,Island Creek Oysters,https://islandcreekoysters.com/collections/caviar/products/american-osetra-caviar,Island Creek American Osetra Caviar,ICO,American Osetra,,,30,,199.00,6.6333,,TRUE,,e3b0c44298fc1c14,snapshots/2026-09-14/islandcreek-american-osetra-30g.html,ok,extracted_via=jsonld
OBS-000615,2026-09-14T19:18:40Z,Regalis Foods,https://regalisfoods.com/products/imperial-black-kaluga-farmed-in-china,,Regalis Foods,Imperial Black Kaluga,,Farmed in China,28,,78.00,2.7857,,,,,snapshots/2026-09-14/regalis-imperial-black-kaluga-1oz.html,ok,extracted_via=selectors
OBS-000616,2026-09-14T19:18:40Z,Sterling Caviar,https://sterlingcaviar.com/products/classic-caviar,Classic Caviar,Sterling Caviar,White Sturgeon,Classic,,30,,117.00,3.9000,,TRUE,,36c57f121d7f8ad0,snapshots/2026-09-14/sterling-classic-caviar-30g.html,ok,extracted_via=jsonld; fetch=browser
OBS-000617,2026-09-14T19:18:40Z,Kolikof,https://kolikof.com/products/best-ossetra-reserve,Grand Reserve Ossetra Caviar,Kolikof,Ossetra,Grand Reserve,,28,,132.00,4.7143,,TRUE,,80680eec8e2c637d,snapshots/2026-09-14/kolikof-grand-reserve-ossetra-28g.html,ok,extracted_via=jsonld
OBS-000618,2026-09-14T19:18:40Z,One Caviar,https://onecaviar.com/products/royal-ossetra-caviar,Royal Ossetra Caviar,One Caviar,Acipenser Gueldenstaedtii,Royal Ossetra,,30,,120.00,4.0000,,,,d8dc7a93e203aee0,snapshots/2026-09-14/onecaviar-royal-ossetra-30g.html,ok,extracted_via=selectors
OBS-000619,2026-09-14T19:18:40Z,The Only Caviar,https://theonlycaviar.com/products/oscietra-caviar,Oscietra Caviar,The Only Caviar,Oscietra,,Italy,30,,129.00,4.3000,,,,,snapshots/2026-09-14/theonlycaviar-oscietra-30g.html,ok,extracted_via=selectors
OBS-000620,2026-09-14T19:18:40Z,KILO Caviar,https://kilocaviar.com/collections/all/products/imperial-osetra,Imperial Osetra,KILO Caviar,Imperial Osetra,,,28,,390.00,13.9286,,,,,snapshots/2026-09-14/kilocaviar-imperial-osetra-1oz.html,ok,extracted_via=selectors
OBS-000621,2026-09-14T19:18:40Z,Caviar Market,https://caviarmarketnyc.com/products/kaluga-queen-premium-black-caviar,Kaluga Queen Premium Caviar,Caviar Market,Huso Dauricus x Acipenser Schrenkii,,,100,,99.00,0.9900,,TRUE,,80846014f2364fd4,snapshots/2026-09-14/caviarmarketnyc-kaluga-queen-100g.html,ok,extracted_via=jsonld
OBS-000622,2026-09-14T19:18:40Z,Number One Caviar,https://numberonecaviar.com/products/kaluga-classic-caviar,Kaluga Classic Caviar,Number One Caviar,Kaluga (desc says Acipenser baerii),Classic,,28,,80.00,2.8571,,TRUE,,b9a80fbe4ddf49ae,snapshots/2026-09-14/numberone-kaluga-classic-28g.html,ok,extracted_via=jsonld
OBS-000623,2026-09-14T19:18:40Z,Meredith Marks Caviar,https://meredithmarkscaviar.com/products/24-karat-kaluga,24 KARAT KALUGA,Meredith Marks Caviar,Huso Dauricus,24 Karat,China,30,,90.00,3.0000,,TRUE,,4d8679cd658389c2,snapshots/2026-09-14/meredithmarks-24karat-kaluga-30g.html,ok,extracted_via=jsonld
OBS-000624,2026-09-14T19:18:40Z,Paramount Caviar,https://paramountcaviar.com/products/california-sturgeon,California White Sturgeon Caviar,Paramount Caviar,Acipenser transmontanous,,California,28,,61.00,2.1786,,FALSE,,9316d045ef39530c,snapshots/2026-09-14/paramount-california-white-sturgeon-28g.html,ok,extracted_via=jsonld
OBS-000625,2026-09-14T19:18:40Z,Marky's Caviar,https://www.markys.com/beluga-caviar-grade-00/,Beluga (Grade 00),Marky's Caviar,Huso huso,Grade 00,USA (Sturgeon AquaFarms),14,,155.00,11.0714,,TRUE,,,snapshots/2026-09-14/markys-beluga-grade-00-14g.html,ok,extracted_via=jsonld
OBS-000626,2026-09-14T19:18:40Z,Golden Goat Caviar,https://goldengoatcaviar.com/products/classic-ossetra,Classic Ossetra Caviar | Silky & Refined,Golden Goat Caviar,Ossetra,Classic,,30,,130.00,4.3333,,TRUE,,9eb3273431d3fb19,snapshots/2026-09-14/goldengoat-classic-ossetra-30g.html,ok,extracted_via=jsonld
OBS-000627,2026-09-14T19:18:40Z,Citarella,https://www.citarella.com/shop/seafood/caviar/osetra-caviar.html,Osetra Caviar,Citarella,Osetra,,,50,,180.00,3.6000,,,,f0872847ed75dda4,snapshots/2026-09-14/citarella-osetra-1.75oz.html,ok,extracted_via=selectors
OBS-000628,2026-09-15T18:08:46Z,Hey Caviar,https://heycaviar.com/product/our-signature-caviar/,Our Signature Caviar,Hey Caviar,kaluga,grade A,,113,,199.99,1.7698,,,,d789a359e9eb46b2,snapshots/2026-09-15/heycaviar-our-signature-caviar-4oz-113g.html,ok,extracted_via=selectors
OBS-000629,2026-09-15T18:08:46Z,Petrossian,https://www.petrossian.com/products/kaluga-huso-hybrid-caviar,Royal Kaluga Huso Hybrid Caviar,Petrossian,Huso Dauricus & Acipenser Shrenckii,,China,30,,219.00,7.3000,,TRUE,,617d3d09429ba85d,snapshots/2026-09-15/petrossian-royal-kaluga-huso-hybrid-30g.html,ok,extracted_via=jsonld
OBS-000630,2026-09-15T18:08:46Z,Pearl Street Caviar,https://pearlstreetcaviar.com/products/keluga,Keluga,Pearl Street Caviar,Keluga,,,12,,52.00,4.3333,,TRUE,,76296d1f4cda0e48,snapshots/2026-09-15/pearlstreet-keluga-slim-12g.html,ok,extracted_via=jsonld
OBS-000631,2026-09-15T18:08:46Z,The Caviar Co.,https://thecaviarco.com/products/imperial-golden-osetra-caviar,1 KILO (1000 g)* Imperial Golden Osetra Caviar,The Caviar Co.,Farmed Acipenser Gueldenstaedtii,,China,1000,,6808.00,6.8080,,,,37f54f1dd161005e,snapshots/2026-09-15/caviarco-imperial-golden-osetra-1kg.html,ok,extracted_via=jsonld
OBS-000632,2026-09-15T18:08:46Z,Imperia Caviar,https://imperiacaviar.com/products/kaluga,Kaluga Hybrid Reserve Caviar,Imperia Caviar,Kaluga Hybrid,Reserve,,130,,255.00,1.9615,,,,f53245633ee770e8,snapshots/2026-09-15/imperia-kaluga-hybrid-reserve-100g-promo.html,ok,extracted_via=selectors
OBS-000633,2026-09-15T18:08:46Z,Tsar Nicoulai,https://tsarnicoulai.com/products/classic-caviar,Classic Caviar,Tsar Nicoulai,Farmed Acipenser transmontanus,,"Wilton, CA",28,,80.00,2.8571,,,,88973b6ba0eaad2b,snapshots/2026-09-15/tsarnicoulai-classic-caviar-1oz.html,ok,extracted_via=selectors
OBS-000634,2026-09-15T18:08:46Z,OM Caviar,https://omcaviar.com/products/kaluga-hybrid,Kaluga Hybrid Caviar,OM Caviar,Kaluga Hybrid,,,50,,105.00,2.1000,,TRUE,,354617cc15ca1b2d,snapshots/2026-09-15/omcaviar-kaluga-hybrid-50g.html,ok,extracted_via=jsonld
OBS-000635,2026-09-15T18:08:46Z,Cavi Caviar,https://eatcavi.com/products/amur-sturgeon-caviar,Amur Sturgeon Caviar,CAVI,Amur Sturgeon,,,30,,105.00,3.5000,,,,7bfbda372783cdaa,snapshots/2026-09-15/eatcavi-amur-sturgeon-30g.html,ok,extracted_via=selectors
OBS-000636,2026-09-15T18:08:46Z,Calvisius Caviar USA,https://calvisiususa.com/products/calvisius-tradition-prestige,Calvisius Tradition Prestige,Calvisius Caviar,"Pacific White sturgeon, Acipenser transmontanus",,,28,,85.00,3.0357,,,,,snapshots/2026-09-15/calvisiususa-tradition-prestige-28g.html,ok,extracted_via=selectors
OBS-000637,2026-09-15T18:08:46Z,The Caviar Club,https://thecaviarclub.com/products/a-carefully-curated-selection-of-our-best-caviars,Caviar Sampler,The Caviar Club,Royal Ossetra + Kaluga Hybrid Reserve,,,200,,200.00,1.0000,,,,5191518d8fd5e295,snapshots/2026-09-15/caviarclub-caviar-sampler-200g.html,ok,extracted_via=selectors
OBS-000638,2026-09-15T18:08:46Z,Loft Caviar,https://loftcaviar.com/products/ossetra-reserve,Ossetra Reserve Caviar,Loft Caviar,Acipenser Guldenstadtii,,Caspian Sea,50,138.00,55.00,1.1000,60.1,,,3416d03713c7654b,snapshots/2026-09-15/loftcaviar-ossetra-reserve-50g.html,ok,extracted_via=selectors
OBS-000639,2026-09-15T18:08:46Z,Petrusco,https://petruscocaviar.com/products/petrusco-caviar-royal-ossetra,Royal Ossetra Caviar,Petrusco,Royal Ossetra,,,30,,130.00,4.3333,,TRUE,,d7cd94e95356f7f1,snapshots/2026-09-15/petrusco-royal-ossetra-30g.html,ok,extracted_via=jsonld
OBS-000640,2026-09-15T18:08:46Z,Caviére,https://caviereco.com/products/reserve-kaluga,Reserve Kaluga Caviar,Caviére,Huso dauricus x Acipenser schrenckii,,,30,,105.00,3.5000,,,,6c75b87078d6bc9b,snapshots/2026-09-15/caviere-reserve-kaluga-30g.html,ok,extracted_via=selectors
OBS-000641,2026-09-15T18:08:46Z,Caviar Russe,https://www.caviarrusse.com/products/select-osetra-caviar,Select Osetra,Caviar Russe,Acipenser Gueldenstaedtii,,,50,,250.00,5.0000,,,,6df14a25b14691b2,snapshots/2026-09-15/caviarrusse-select-osetra-50g.html,ok,extracted_via=selectors
OBS-000642,2026-09-15T18:08:46Z,Astrea Caviar,https://astreacaviar.com/products/astrea-kaluga-hybrid-caviar,Premier Selection Kaluga Hybrid,Astrea Caviar,Huso dauricus and Acipenser schrenckii,,,30,,160.00,5.3333,,,,6df14a25b14691b2,snapshots/2026-09-15/astrea-kaluga-hybrid-30g.html,ok,extracted_via=selectors
OBS-000643,2026-09-15T18:08:46Z,Caviar Star,https://www.caviarstar.com/products/kaluga-hybrid-caviar-limited-edition,"VIP Imperial Kaluga Hybrid Caviar ""OT"" Tins",Caviar Star,Kaluga Hybrid,,,50,,175.00,3.5000,,TRUE,,166207e90fe4aaa4,snapshots/2026-09-15/caviarstar-vip-imperial-kaluga-50g.html,ok,extracted_via=jsonld
OBS-000644,2026-09-15T18:08:46Z,Browne Trading Company,https://brownetrading.com/collections/buy-caviar-online/products/american-hackleback-caviar,American Hackleback Caviar,Browne Trading Company,American Hackleback,,,28,,78.00,2.7857,,TRUE,,4325b3a95ca89354,snapshots/2026-09-15/brownetrading-american-hackleback-1oz.html,ok,extracted_via=jsonld
OBS-000645,2026-09-15T18:08:46Z,Tsar Caviar,https://tsarcaviar.com/products/imperial-kaluga-fusion-caviar,Imperial Kaluga Fusion Caviar - 1KG / 35.2 OZ,Tsar Caviar,Imperial Kaluga Fusion,,,1000,,1265.00,1.2650,,TRUE,,,snapshots/2026-09-15/tsarcaviar-imperial-kaluga-fusion-1kg.html,ok,extracted_via=jsonld
OBS-000646,2026-09-15T18:08:46Z,Island Creek Oysters,https://islandcreekoysters.com/collections/caviar/products/american-osetra-caviar,Island Creek American Osetra Caviar,ICO,American Osetra,,,30,,199.00,6.6333,,TRUE,,e3b0c44298fc1c14,snapshots/2026-09-15/islandcreek-american-osetra-30g.html,ok,extracted_via=jsonld
OBS-000647,2026-09-15T18:08:46Z,Regalis Foods,https://regalisfoods.com/products/imperial-black-kaluga-farmed-in-china,,Regalis Foods,Imperial Black Kaluga,,Farmed in China,28,,78.00,2.7857,,,,,snapshots/2026-09-15/regalis-imperial-black-kaluga-1oz.html,ok,extracted_via=selectors
OBS-000648,2026-09-15T18:08:46Z,Sterling Caviar,https://sterlingcaviar.com/products/classic-caviar,Classic Caviar,Sterling Caviar,White Sturgeon,Classic,,30,,117.00,3.9000,,TRUE,,36c57f121d7f8ad0,snapshots/2026-09-15/sterling-classic-caviar-30g.html,ok,extracted_via=jsonld; fetch=browser
OBS-000649,2026-09-15T18:08:46Z,Kolikof,https://kolikof.com/products/best-ossetra-reserve,Grand Reserve Ossetra Caviar,Kolikof,Ossetra,Grand Reserve,,28,,132.00,4.7143,,TRUE,,80680eec8e2c637d,snapshots/2026-09-15/kolikof-grand-reserve-ossetra-28g.html,ok,extracted_via=jsonld
OBS-000650,2026-09-15T18:08:46Z,One Caviar,https://onecaviar.com/products/royal-ossetra-caviar,Royal Ossetra Caviar,One Caviar,Acipenser Gueldenstaedtii,Royal Ossetra,,30,,120.00,4.0000,,,,d8dc7a93e203aee0,snapshots/2026-09-15/onecaviar-royal-ossetra-30g.html,ok,extracted_via=selectors
OBS-000651,2026-09-15T18:08:46Z,The Only Caviar,https://theonlycaviar.com/products/oscietra-caviar,Oscietra Caviar,The Only Caviar,Oscietra,,Italy,30,,129.00,4.3000,,,,,snapshots/2026-09-15/theonlycaviar-oscietra-30g.html,ok,extracted_via=selectors
OBS-000652,2026-09-15T18:08:46Z,KILO Caviar,https://kilocaviar.com/collections/all/products/imperial-osetra,Imperial Osetra,KILO Caviar,Imperial Osetra,,,28,,390.00,13.9286,,,,,snapshots/2026-09-15/kilocaviar-imperial-osetra-1oz.html,ok,extracted_via=selectors
OBS-000653,2026-09-15T18:08:46Z,Caviar Market,https://caviarmarketnyc.com/products/kaluga-queen-premium-black-caviar,Kaluga Queen Premium Caviar,Caviar Market,Huso Dauricus x Acipenser Schrenkii,,,100,,99.00,0.9900,,TRUE,,80846014f2364fd4,snapshots/2026-09-15/caviarmarketnyc-kaluga-queen-100g.html,ok,extracted_via=jsonld
OBS-000654,2026-09-15T18:08:46Z,Number One Caviar,https://numberonecaviar.com/products/kaluga-classic-caviar,Kaluga Classic Caviar,Number One Caviar,Kaluga (desc says Acipenser baerii),Classic,,28,,80.00,2.8571,,TRUE,,b9a80fbe4ddf49ae,snapshots/2026-09-15/numberone-kaluga-classic-28g.html,ok,extracted_via=jsonld
OBS-000655,2026-09-15T18:08:46Z,Meredith Marks Caviar,https://meredithmarkscaviar.com/products/24-karat-kaluga,24 KARAT KALUGA,Meredith Marks Caviar,Huso Dauricus,24 Karat,China,30,,90.00,3.0000,,TRUE,,4d8679cd658389c2,snapshots/2026-09-15/meredithmarks-24karat-kaluga-30g.html,ok,extracted_via=jsonld
OBS-000656,2026-09-15T18:08:46Z,Paramount Caviar,https://paramountcaviar.com/products/california-sturgeon,California White Sturgeon Caviar,Paramount Caviar,Acipenser transmontanous,,California,28,,61.00,2.1786,,FALSE,,9316d045ef39530c,snapshots/2026-09-15/paramount-california-white-sturgeon-28g.html,ok,extracted_via=jsonld
OBS-000657,2026-09-15T18:08:46Z,Marky's Caviar,https://www.markys.com/beluga-caviar-grade-00/,Beluga (Grade 00),Marky's Caviar,Huso huso,Grade 00,USA (Sturgeon AquaFarms),14,,155.00,11.0714,,TRUE,,,snapshots/2026-09-15/markys-beluga-grade-00-14g.html,ok,extracted_via=jsonld
OBS-000658,2026-09-15T18:08:46Z,Golden Goat Caviar,https://goldengoatcaviar.com/products/classic-ossetra,Classic Ossetra Caviar | Silky & Refined,Golden Goat Caviar,Ossetra,Classic,,30,,130.00,4.3333,,TRUE,,9eb3273431d3fb19,snapshots/2026-09-15/goldengoat-classic-ossetra-30g.html,ok,extracted_via=jsonld
OBS-000659,2026-09-15T18:08:46Z,Citarella,https://www.citarella.com/shop/seafood/caviar/osetra-caviar.html,Osetra Caviar,Citarella,Osetra,,,50,,180.00,3.6000,,,,f0872847ed75dda4,snapshots/2026-09-15/citarella-osetra-1.75oz.html,ok,extracted_via=selectors
OBS-000660,2026-09-16T18:10:27Z,Hey Caviar,https://heycaviar.com/product/our-signature-caviar/,Our Signature Caviar,Hey Caviar,kaluga,grade A,,113,,199.99,1.7698,,,,d789a359e9eb46b2,snapshots/2026-09-16/heycaviar-our-signature-caviar-4oz-113g.html,ok,extracted_via=selectors
OBS-000661,2026-09-16T18:10:27Z,Petrossian,https://www.petrossian.com/products/kaluga-huso-hybrid-caviar,Royal Kaluga Huso Hybrid Caviar,Petrossian,Huso Dauricus & Acipenser Shrenckii,,China,30,,219.00,7.3000,,TRUE,,617d3d09429ba85d,snapshots/2026-09-16/petrossian-royal-kaluga-huso-hybrid-30g.html,ok,extracted_via=jsonld
OBS-000662,2026-09-16T18:10:27Z,Pearl Street Caviar,https://pearlstreetcaviar.com/products/keluga,Keluga,Pearl Street Caviar,Keluga,,,12,,52.00,4.3333,,TRUE,,76296d1f4cda0e48,snapshots/2026-09-16/pearlstreet-keluga-slim-12g.html,ok,extracted_via=jsonld
OBS-000663,2026-09-16T18:10:27Z,The Caviar Co.,https://thecaviarco.com/products/imperial-golden-osetra-caviar,1 KILO (1000 g)* Imperial Golden Osetra Caviar,The Caviar Co.,Farmed Acipenser Gueldenstaedtii,,China,1000,,6808.00,6.8080,,,,37f54f1dd161005e,snapshots/2026-09-16/caviarco-imperial-golden-osetra-1kg.html,ok,extracted_via=jsonld
OBS-000664,2026-09-16T18:10:27Z,Imperia Caviar,https://imperiacaviar.com/products/kaluga,Kaluga Hybrid Reserve Caviar,Imperia Caviar,Kaluga Hybrid,Reserve,,130,,255.00,1.9615,,,,f53245633ee770e8,snapshots/2026-09-16/imperia-kaluga-hybrid-reserve-100g-promo.html,ok,extracted_via=selectors
OBS-000665,2026-09-16T18:10:27Z,Tsar Nicoulai,https://tsarnicoulai.com/products/classic-caviar,Classic Caviar,Tsar Nicoulai,Farmed Acipenser transmontanus,,"Wilton, CA",28,,80.00,2.8571,,,,88973b6ba0eaad2b,snapshots/2026-09-16/tsarnicoulai-classic-caviar-1oz.html,ok,extracted_via=selectors
OBS-000666,2026-09-16T18:10:27Z,OM Caviar,https://omcaviar.com/products/kaluga-hybrid,Kaluga Hybrid Caviar,OM Caviar,Kaluga Hybrid,,,50,,105.00,2.1000,,TRUE,,354617cc15ca1b2d,snapshots/2026-09-16/omcaviar-kaluga-hybrid-50g.html,ok,extracted_via=jsonld
OBS-000667,2026-09-16T18:10:27Z,Cavi Caviar,https://eatcavi.com/products/amur-sturgeon-caviar,Amur Sturgeon Caviar,CAVI,Amur Sturgeon,,,30,,105.00,3.5000,,,,7bfbda372783cdaa,snapshots/2026-09-16/eatcavi-amur-sturgeon-30g.html,ok,extracted_via=selectors
OBS-000668,2026-09-16T18:10:27Z,Calvisius Caviar USA,https://calvisiususa.com/products/calvisius-tradition-prestige,Calvisius Tradition Prestige,Calvisius Caviar,"Pacific White sturgeon, Acipenser transmontanus",,,28,,85.00,3.0357,,,,,snapshots/2026-09-16/calvisiususa-tradition-prestige-28g.html,ok,extracted_via=selectors
OBS-000669,2026-09-16T18:10:27Z,The Caviar Club,https://thecaviarclub.com/products/a-carefully-curated-selection-of-our-best-caviars,Caviar Sampler,The Caviar Club,Royal Ossetra + Kaluga Hybrid Reserve,,,200,,200.00,1.0000,,,,5191518d8fd5e295,snapshots/2026-09-16/caviarclub-caviar-sampler-200g.html,ok,extracted_via=selectors
OBS-000670,2026-09-16T18:10:27Z,Loft Caviar,https://loftcaviar.com/products/ossetra-reserve,Ossetra Reserve Caviar,Loft Caviar,Acipenser Guldenstadtii,,Caspian Sea,50,138.00,55.00,1.1000,60.1,,,3416d03713c7654b,snapshots/2026-09-16/loftcaviar-ossetra-reserve-50g.html,ok,extracted_via=selectors
OBS-000671,2026-09-16T18:10:27Z,Petrusco,https://petruscocaviar.com/products/petrusco-caviar-royal-ossetra,Royal Ossetra Caviar,Petrusco,Royal Ossetra,,,30,,130.00,4.3333,,TRUE,,d7cd94e95356f7f1,snapshots/2026-09-16/petrusco-royal-ossetra-30g.html,ok,extracted_via=jsonld
OBS-000672,2026-09-16T18:10:27Z,Caviére,https://caviereco.com/products/reserve-kaluga,Reserve Kaluga Caviar,Caviére,Huso dauricus x Acipenser schrenckii,,,30,,105.00,3.5000,,,,6c75b87078d6bc9b,snapshots/2026-09-16/caviere-reserve-kaluga-30g.html,ok,extracted_via=selectors
OBS-000673,2026-09-16T18:10:27Z,Caviar Russe,https://www.caviarrusse.com/products/select-osetra-caviar,Select Osetra,Caviar Russe,Acipenser Gueldenstaedtii,,,50,,250.00,5.0000,,,,6df14a25b14691b2,snapshots/2026-09-16/caviarrusse-select-osetra-50g.html,ok,extracted_via=selectors
OBS-000674,2026-09-16T18:10:27Z,Astrea Caviar,https://astreacaviar.com/products/astrea-kaluga-hybrid-caviar,Premier Selection Kaluga Hybrid,Astrea Caviar,Huso dauricus and Acipenser schrenckii,,,30,,160.00,5.3333,,,,6df14a25b14691b2,snapshots/2026-09-16/astrea-kaluga-hybrid-30g.html,ok,extracted_via=selectors
OBS-000675,2026-09-16T18:10:27Z,Caviar Star,https://www.caviarstar.com/products/kaluga-hybrid-caviar-limited-edition,,Caviar Star,Kaluga Hybrid,,,50,,,,,,,,,robots_unreachable,did not fetch; robots.txt unreachable: HTTP 503
OBS-000676,2026-09-16T18:10:27Z,Browne Trading Company,https://brownetrading.com/collections/buy-caviar-online/products/american-hackleback-caviar,American Hackleback Caviar,Browne Trading Company,American Hackleback,,,28,,78.00,2.7857,,TRUE,,4325b3a95ca89354,snapshots/2026-09-16/brownetrading-american-hackleback-1oz.html,ok,extracted_via=jsonld
OBS-000677,2026-09-16T18:10:27Z,Tsar Caviar,https://tsarcaviar.com/products/imperial-kaluga-fusion-caviar,Imperial Kaluga Fusion Caviar - 1KG / 35.2 OZ,Tsar Caviar,Imperial Kaluga Fusion,,,1000,,1265.00,1.2650,,TRUE,,,snapshots/2026-09-16/tsarcaviar-imperial-kaluga-fusion-1kg.html,ok,extracted_via=jsonld
OBS-000678,2026-09-16T18:10:27Z,Island Creek Oysters,https://islandcreekoysters.com/collections/caviar/products/american-osetra-caviar,Island Creek American Osetra Caviar,ICO,American Osetra,,,30,,199.00,6.6333,,TRUE,,e3b0c44298fc1c14,snapshots/2026-09-16/islandcreek-american-osetra-30g.html,ok,extracted_via=jsonld
OBS-000679,2026-09-16T18:10:27Z,Regalis Foods,https://regalisfoods.com/products/imperial-black-kaluga-farmed-in-china,,Regalis Foods,Imperial Black Kaluga,,Farmed in China,28,,78.00,2.7857,,,,,snapshots/2026-09-16/regalis-imperial-black-kaluga-1oz.html,ok,extracted_via=selectors
OBS-000680,2026-09-16T18:10:27Z,Sterling Caviar,https://sterlingcaviar.com/products/classic-caviar,Classic Caviar,Sterling Caviar,White Sturgeon,Classic,,30,,117.00,3.9000,,TRUE,,36c57f121d7f8ad0,snapshots/2026-09-16/sterling-classic-caviar-30g.html,ok,extracted_via=jsonld; fetch=browser
OBS-000681,2026-09-16T18:10:27Z,Kolikof,https://kolikof.com/products/best-ossetra-reserve,Grand Reserve Ossetra Caviar,Kolikof,Ossetra,Grand Reserve,,28,,132.00,4.7143,,TRUE,,80680eec8e2c637d,snapshots/2026-09-16/kolikof-grand-reserve-ossetra-28g.html,ok,extracted_via=jsonld
OBS-000682,2026-09-16T18:10:27Z,One Caviar,https://onecaviar.com/products/royal-ossetra-caviar,Royal Ossetra Caviar,One Caviar,Acipenser Gueldenstaedtii,Royal Ossetra,,30,,120.00,4.0000,,,,d8dc7a93e203aee0,snapshots/2026-09-16/onecaviar-royal-ossetra-30g.html,ok,extracted_via=selectors
OBS-000683,2026-09-16T18:10:27Z,The Only Caviar,https://theonlycaviar.com/products/oscietra-caviar,Oscietra Caviar,The Only Caviar,Oscietra,,Italy,30,,129.00,4.3000,,,,,snapshots/2026-09-16/theonlycaviar-oscietra-30g.html,ok,extracted_via=selectors
OBS-000684,2026-09-16T18:10:27Z,KILO Caviar,https://kilocaviar.com/collections/all/products/imperial-osetra,Imperial Osetra,KILO Caviar,Imperial Osetra,,,28,,390.00,13.9286,,,,,snapshots/2026-09-16/kilocaviar-imperial-osetra-1oz.html,ok,extracted_via=selectors
OBS-000685,2026-09-16T18:10:27Z,Caviar Market,https://caviarmarketnyc.com/products/kaluga-queen-premium-black-caviar,Kaluga Queen Premium Caviar,Caviar Market,Huso Dauricus x Acipenser Schrenkii,,,100,,99.00,0.9900,,TRUE,,80846014f2364fd4,snapshots/2026-09-16/caviarmarketnyc-kaluga-queen-100g.html,ok,extracted_via=jsonld
OBS-000686,2026-09-16T18:10:27Z,Number One Caviar,https://numberonecaviar.com/products/kaluga-classic-caviar,Kaluga Classic Caviar,Number One Caviar,Kaluga (desc says Acipenser baerii),Classic,,28,,80.00,2.8571,,TRUE,,b9a80fbe4ddf49ae,snapshots/2026-09-16/numberone-kaluga-classic-28g.html,ok,extracted_via=jsonld
OBS-000687,2026-09-16T18:10:27Z,Meredith Marks Caviar,https://meredithmarkscaviar.com/products/24-karat-kaluga,24 KARAT KALUGA,Meredith Marks Caviar,Huso Dauricus,24 Karat,China,30,,90.00,3.0000,,TRUE,,4d8679cd658389c2,snapshots/2026-09-16/meredithmarks-24karat-kaluga-30g.html,ok,extracted_via=jsonld
OBS-000688,2026-09-16T18:10:27Z,Paramount Caviar,https://paramountcaviar.com/products/california-sturgeon,California White Sturgeon Caviar,Paramount Caviar,Acipenser transmontanous,,California,28,,61.00,2.1786,,FALSE,,9316d045ef39530c,snapshots/2026-09-16/paramount-california-white-sturgeon-28g.html,ok,extracted_via=jsonld
OBS-000689,2026-09-16T18:10:27Z,Marky's Caviar,https://www.markys.com/beluga-caviar-grade-00/,Beluga (Grade 00),Marky's Caviar,Huso huso,Grade 00,USA (Sturgeon AquaFarms),14,,155.00,11.0714,,TRUE,,,snapshots/2026-09-16/markys-beluga-grade-00-14g.html,ok,extracted_via=jsonld
OBS-000690,2026-09-16T18:10:27Z,Golden Goat Caviar,https://goldengoatcaviar.com/products/classic-ossetra,Classic Ossetra Caviar | Silky & Refined,Golden Goat Caviar,Ossetra,Classic,,30,,130.00,4.3333,,TRUE,,9eb3273431d3fb19,snapshots/2026-09-16/goldengoat-classic-ossetra-30g.html,ok,extracted_via=jsonld
OBS-000691,2026-09-16T18:10:27Z,Citarella,https://www.citarella.com/shop/seafood/caviar/osetra-caviar.html,Osetra Caviar,Citarella,Osetra,,,50,,180.00,3.6000,,,,f0872847ed75dda4,snapshots/2026-09-16/citarella-osetra-1.75oz.html,ok,extracted_via=selectors
